{"type":"FeatureCollection","name":"seoul_downtown_characteristic_management_derived","crs":{"type":"name","properties":{"name":"urn:ogc:def:crs:OGC:1.3:CRS84"}},"metadata":{"category":"특성관리지구","source_type":"DERIVED_FROM_OFFICIAL_PLAN_MAP","source_image":"user-provided Seoul Downtown Master Plan management district map","color_extracted_rgb":[248,175,81],"control_points":5,"georef_method":"2D affine least-squares","georef_rmse_m":37.1,"georef_max_control_error_m":51.5,"review_margin_m":60,"polygon_count":81,"derived_area_km2":5.924,"caveat":"초기검토용 복원자료. 경계부 또는 경계 60m 이내는 REVIEW로 처리하고 공식계획도/담당부서로 재확인."},"features":[{"type":"Feature","id":"SCM_001","properties":{"category":"특성관리지구","source_type":"DERIVED_FROM_OFFICIAL_PLAN_MAP","source_title":"서울특별시 서울도심 기본계획 특성관리지구 공식도면 기반 복원","usage":"역세권활성화사업 운영기준 2-1-3 다목 1) 초기 배제검토","georef_rmse_m":37.1,"georef_max_control_error_m":51.5,"review_margin_m":60,"boundary_caveat":"공식 SHP가 아닌 공식계획도 이미지 지오리퍼런싱 복원자료. 경계부는 원도·담당부서 재확인."},"geometry":{"type":"Polygon","coordinates":[[[126.98344011508807,37.55960563713157],[126.98352977404353,37.55953673064086],[126.98342676347487,37.55943216067961],[126.98344011508807,37.55960563713157]]]}},{"type":"Feature","id":"SCM_002","properties":{"category":"특성관리지구","source_type":"DERIVED_FROM_OFFICIAL_PLAN_MAP","source_title":"서울특별시 서울도심 기본계획 특성관리지구 공식도면 기반 복원","usage":"역세권활성화사업 운영기준 2-1-3 다목 1) 초기 배제검토","georef_rmse_m":37.1,"georef_max_control_error_m":51.5,"review_margin_m":60,"boundary_caveat":"공식 SHP가 아닌 공식계획도 이미지 지오리퍼런싱 복원자료. 경계부는 원도·담당부서 재확인."},"geometry":{"type":"Polygon","coordinates":[[[126.97602706961321,37.561995580253196],[126.97627061069885,37.561869655095286],[126.97625725908564,37.56169617864333],[126.97641114121582,37.56163915997613],[126.97630813064715,37.56153459001489],[126.97646201277733,37.56147757134769],[126.97651288433885,37.56131598271925],[126.97642322538337,37.561384889209954],[126.97638443798942,37.56129220707223],[126.97655040428715,37.56098091763885],[126.97653705267395,37.560807441186896],[126.97680602954034,37.56060072171477],[126.97699743161883,37.56020863796717],[126.977151313749,37.56015161929997],[126.97729184426598,37.559921124180825],[126.97750994957087,37.55987599333714],[126.97754873696482,37.55996867547487],[126.97781771383123,37.55976195600274],[126.97780436221802,37.55958847955078],[126.97825265699535,37.55924394709724],[126.9788694529617,37.559443619646565],[126.97890697291001,37.55910855456617],[126.97906085504019,37.55905153589897],[126.97913716238246,37.55880915295631],[126.97929104451262,37.55875213428911],[126.97925225711867,37.55865945215138],[126.97934191607413,37.55859054566067],[126.97949453075867,37.55810577977534],[126.97958418971413,37.55803687328463],[126.9796229771081,37.55812955542236],[126.9797247202311,37.55780637816548],[126.97959627388168,37.55778260251846],[126.97954540232017,37.5579441911469],[126.97930186123453,37.558070116304805],[126.97922555389226,37.55831249924747],[126.97895657702587,37.5585192187196],[126.97866089693308,37.558378985287824],[126.97851909897045,37.558181733188846],[126.97842944001499,37.55825063967956],[126.97841608840179,37.5580771632276],[126.97832642944633,37.55814606971831],[126.97815919570294,37.558029611933556],[126.97794109039806,37.558074742777244],[126.9779023030041,37.55798206063951],[126.97799196195956,37.5579131541488],[126.97779929243544,37.557877490678266],[126.97768419769922,37.5580271914832],[126.97778720826788,37.55813176144444],[126.97769754931241,37.558200667935154],[126.97773633670637,37.55829335007289],[126.97751823140148,37.558338480916575],[126.97755701879544,37.55843116305431],[126.97746735983998,37.55850006954502],[126.97733891349056,37.558476293897996],[126.97717294719283,37.558787583331366],[126.9770336841215,37.55944582566865],[126.97694402516603,37.55951473215936],[126.97691732193962,37.55916777925545],[126.97653451778265,37.55995194675064],[126.97638063565248,37.560008965417836],[126.97635847142736,37.55995600419628],[126.9761758819608,37.56022757271348],[126.97613709456684,37.560134890575746],[126.97570371801795,37.56051507000535],[126.97572758718347,37.56057210516703],[126.97567671562196,37.56073369379547],[126.97577972619062,37.560838263756715],[126.97569006723516,37.560907170247425],[126.97603915378076,37.56174130948702],[126.97602706961321,37.561995580253196]]]}},{"type":"Feature","id":"SCM_003","properties":{"category":"특성관리지구","source_type":"DERIVED_FROM_OFFICIAL_PLAN_MAP","source_title":"서울특별시 서울도심 기본계획 특성관리지구 공식도면 기반 복원","usage":"역세권활성화사업 운영기준 2-1-3 다목 1) 초기 배제검토","georef_rmse_m":37.1,"georef_max_control_error_m":51.5,"review_margin_m":60,"boundary_caveat":"공식 SHP가 아닌 공식계획도 이미지 지오리퍼런싱 복원자료. 경계부는 원도·담당부서 재확인."},"geometry":{"type":"Polygon","coordinates":[[[126.98055066251501,37.56360242802102],[126.98047308772709,37.563417063745554],[126.98110070041535,37.562934718310586],[126.98139638050816,37.563074951742365],[126.98140973212135,37.56324842819432],[126.98149939107682,37.56317952170361],[126.98151274269001,37.56335299815556],[126.98160240164549,37.563284091664855],[126.98174419960812,37.563481343763826],[126.9814377027934,37.56402312831636],[126.98160493653678,37.564139586101106],[126.9814510544066,37.564196604768306],[126.98152862919451,37.56438196904377],[126.98145232185226,37.56462435198644],[126.98155533242092,37.56472892194768],[126.98150446085941,37.56489051057612],[126.9818001409522,37.5650307440079],[126.98188979990768,37.56496183751719],[126.98192731985598,37.564626772436796],[126.98201697881144,37.564557865946085],[126.98236099557447,37.56368101631316],[126.98243603547108,37.56301088615237],[126.98258991760126,37.56295386748517],[126.98267830911108,37.562457213776334],[126.98266495749787,37.56228373732438],[126.98167617409645,37.56218621428593],[126.98158651514099,37.56225512077664],[126.98139384561686,37.56221945730611],[126.9812908350482,37.56211488734486],[126.98093219922633,37.562390513307705],[126.98097098662029,37.56248319544544],[126.9807662329286,37.562701802741074],[126.98066322235994,37.56259723277983],[126.98052269184296,37.562827727898984],[126.98027915075731,37.562953653056894],[126.98038216132598,37.56305822301814],[126.98029250237052,37.56312712950885],[126.98009983284639,37.563091466038316],[126.98008648123319,37.56291798958636],[126.97989381170905,37.562882326115826],[126.97999682227771,37.56298689607707],[126.97990716332225,37.56305580256778],[126.97952182427399,37.56298447562671],[126.97958478000305,37.56256861623209],[126.97976409791399,37.56243080325068],[126.97975074630078,37.56225732679872],[126.979865841037,37.56210762599379],[126.9798524894238,37.561934149541834],[126.97994214837927,37.56186524305112],[126.97998093577323,37.56195792518886],[126.97999301994078,37.561703654422686],[126.97989000937211,37.56159908446144],[126.980108114677,37.561553953617754],[126.98014690207096,37.56164663575549],[126.98013355045775,37.56147315930353],[126.98059139451134,37.56001886164755],[126.98068105346681,37.55994995515684],[126.98057804289813,37.559845385195594],[126.98111599663093,37.55943194625134],[126.98128196292866,37.55912065681796],[126.98144919667203,37.559237114602716],[126.98214229998065,37.559194404209386],[126.98219443898782,37.559460562799075],[126.98234832111798,37.559403544131875],[126.98255434225533,37.559612684054365],[126.98251555486137,37.55952000191663],[126.98260521381683,37.55945109542592],[126.98279788334096,37.559486758896455],[126.98306812765301,37.559707786642456],[126.98296511708433,37.55960321668121],[126.98324744556393,37.559569973661034],[126.98326079717714,37.55974345011299],[126.98345346670128,37.559779113583524],[126.9833504561326,37.55967454362228],[126.98344011508807,37.55960563713157],[126.9832862329579,37.55966265579877],[126.9833237529062,37.55932759071837],[126.98343884764242,37.559177889913435],[126.98323282650509,37.55896874999095],[126.9832836980666,37.55880716136251],[126.98316860333038,37.55895686216744],[126.98318068749793,37.558702591401264],[126.98302680536776,37.55875961006846],[126.9829880179738,37.55866692793073],[126.98307767692927,37.55859802144002],[126.98292379479909,37.55865504010722],[126.98291044318589,37.55848156365526],[126.98271777366176,37.55844590018473],[126.9826789862678,37.558353218046996],[126.98276864522326,37.55828431155629],[126.98255053991838,37.55832944239997],[126.98247296513047,37.55814407812451],[126.98234451878105,37.55812030247749],[126.9823566029486,37.55786603171131],[126.98225359237993,37.55776146175007],[126.98203548707505,37.55780659259376],[126.98202213546185,37.5576331161418],[126.98182946593771,37.55759745267127],[126.98171310375585,37.557319406258074],[126.98155922162567,37.55737642492527],[126.9814428594438,37.55709837851207],[126.98109630778949,37.55711973370874],[126.98105752039554,37.557027051571005],[126.98085149925821,37.556817911648515],[126.98076184030273,37.556886818139226],[126.98074848868954,37.55671334168727],[126.98059460655936,37.55677036035447],[126.98045280859674,37.5565731082555],[126.9802734906858,37.55671092123691],[126.98017048011714,37.55660635127567],[126.98008082116168,37.55667525776638],[126.98004203376772,37.55658257562865],[126.9799536422579,37.55707922933749],[126.98007000443977,37.55735727575068],[126.98007127188542,37.557785022968815],[126.97998161292995,37.557853929459526],[126.97999496454315,37.55802740591148],[126.9797647750707,37.55832680752134],[126.97970181934164,37.55874266691596],[126.97954793721146,37.55879968558315],[126.97943284247525,37.558949386388086],[126.97944619408845,37.55912286284004],[126.97920265300282,37.55924878799795],[126.97924144039676,37.559341470135685],[126.97910090987979,37.55957196525483],[126.97871683827718,37.5599283855319],[126.97834358339647,37.55960278782465],[126.97838237079041,37.559695469962385],[126.97807460653007,37.559809507296784],[126.97801165080101,37.5602253666914],[126.97792199184553,37.56029427318211],[126.97775475810217,37.56017781539735],[126.97763966336593,37.560327516202285],[126.97738277066709,37.56027996490824],[126.97728102754408,37.56060314216513],[126.97710170963315,37.56074095514654],[126.97708835801994,37.560567478694594],[126.97683273276675,37.560947674618674],[126.9767831286509,37.561537010465244],[126.97660381073996,37.561674823446666],[126.9766425981339,37.5617675055844],[126.97655293917845,37.56183641207511],[126.97651541923014,37.5621714771555],[126.97631066553845,37.562390084451145],[126.97636280454562,37.562656243040834],[126.97627314559014,37.562725149531545],[126.97650460250823,37.56285349513981],[126.97636407199126,37.56308399025896],[126.97665975208406,37.56322422369074],[126.97650586995388,37.56328124235794],[126.97662223213575,37.56355928877114],[126.97671189109121,37.56349038228043],[126.9768791248346,37.563606840065184],[126.97696878379006,37.56353793357447],[126.97741834601302,37.56362114833905],[126.9775347081949,37.563899194752246],[126.97766315454432,37.56392297039927],[126.97773946188659,37.56368058745661],[126.97796965135902,37.563381185846744],[126.9781368851024,37.5634976436315],[126.97829076723258,37.5634406249643],[126.97832955462654,37.563533307102034],[126.978419213582,37.56346440061132],[126.97849678836991,37.56364976488679],[126.97867610628084,37.56351195190537],[126.9787148936748,37.5636046340431],[126.97886877580497,37.5635476153759],[126.97890756319893,37.563640297513636],[126.978728245288,37.56377811049506],[126.97887004325062,37.56397536259403],[126.9787549485144,37.56412506339896],[126.97885795908307,37.564229633360206],[126.9787174285661,37.56446012847936],[126.97861441799742,37.564355558518116],[126.97860233382987,37.56460982928429],[126.97878291918646,37.564899763521],[126.97906524766604,37.56486652050082],[126.97914282245397,37.56505188477629],[126.98040058272177,37.564942688342605],[126.98058116807834,37.565232622579316],[126.98050359329044,37.56504725830385],[126.98073378276288,37.564747856693984],[126.9805665490195,37.564631398909235],[126.98064285636177,37.56438901596657],[126.98052776162555,37.5645387167715],[126.9802575173135,37.5643176890255],[126.98037261204972,37.56416798822057],[126.98041139944368,37.5642606703583],[126.98046100355954,37.56367133451173],[126.98055066251501,37.56360242802102]]]}},{"type":"Feature","id":"SCM_004","properties":{"category":"특성관리지구","source_type":"DERIVED_FROM_OFFICIAL_PLAN_MAP","source_title":"서울특별시 서울도심 기본계획 특성관리지구 공식도면 기반 복원","usage":"역세권활성화사업 운영기준 2-1-3 다목 1) 초기 배제검토","georef_rmse_m":37.1,"georef_max_control_error_m":51.5,"review_margin_m":60,"boundary_caveat":"공식 SHP가 아닌 공식계획도 이미지 지오리퍼런싱 복원자료. 경계부는 원도·담당부서 재확인."},"geometry":{"type":"Polygon","coordinates":[[[126.98452616211884,37.562200736988075],[126.98457703368034,37.56203914835964],[126.98448737472488,37.56210805485035],[126.98432014098151,37.56199159706559],[126.98403781250191,37.56202484008577],[126.98387057875853,37.56190838230101],[126.98378091980307,37.561977288791724],[126.9837421324091,37.56188460665399],[126.98341019981365,37.56250718552074],[126.98348777460156,37.5626925497962],[126.9840912189547,37.562718745893584],[126.98438689904751,37.56285897932536],[126.98455286534524,37.562547689891986],[126.98444985477657,37.56244311993074],[126.9846291726875,37.56230530694932],[126.98452616211884,37.562200736988075]]]}},{"type":"Feature","id":"SCM_005","properties":{"category":"특성관리지구","source_type":"DERIVED_FROM_OFFICIAL_PLAN_MAP","source_title":"서울특별시 서울도심 기본계획 특성관리지구 공식도면 기반 복원","usage":"역세권활성화사업 운영기준 2-1-3 다목 1) 초기 배제검토","georef_rmse_m":37.1,"georef_max_control_error_m":51.5,"review_margin_m":60,"boundary_caveat":"공식 SHP가 아닌 공식계획도 이미지 지오리퍼런싱 복원자료. 경계부는 원도·담당부서 재확인."},"geometry":{"type":"Polygon","coordinates":[[[126.98118334498585,37.56483107145856],[126.98101611124248,37.564714613673814],[126.98110577019794,37.564645707183104],[126.98106571535834,37.56412527782724],[126.98114202270061,37.56388289488458],[126.98132134061153,37.56374508190316],[126.98115410686816,37.5636286241184],[126.9813334247791,37.56349081113698],[126.98117954264892,37.56354782980418],[126.98103774468629,37.5633505777052],[126.98088386255611,37.5634075963724],[126.98089721416932,37.563581072824356],[126.98080755521386,37.563649979315066],[126.9807687678199,37.56355729717733],[126.98064285636177,37.56438901596657],[126.98066829214252,37.56430822165235],[126.9808863974474,37.56426309080866],[126.98090101650625,37.56486431447874],[126.98109729738832,37.56520665544535],[126.9811712608183,37.56508534222474],[126.98129970716772,37.56510911787176],[126.98118334498585,37.56483107145856]]]}},{"type":"Feature","id":"SCM_006","properties":{"category":"특성관리지구","source_type":"DERIVED_FROM_OFFICIAL_PLAN_MAP","source_title":"서울특별시 서울도심 기본계획 특성관리지구 공식도면 기반 복원","usage":"역세권활성화사업 운영기준 2-1-3 다목 1) 초기 배제검토","georef_rmse_m":37.1,"georef_max_control_error_m":51.5,"review_margin_m":60,"boundary_caveat":"공식 SHP가 아닌 공식계획도 이미지 지오리퍼런싱 복원자료. 경계부는 원도·담당부서 재확인."},"geometry":{"type":"Polygon","coordinates":[[[126.97354712442352,37.56555515655136],[126.97373979394764,37.565590820021896],[126.9740342065948,37.56530330623555],[126.97404629076236,37.56504903546937],[126.97422560867328,37.56491122248795],[126.97417346966613,37.56464506389827],[126.9743273517963,37.56458804523107],[126.97428856440234,37.564495363093336],[126.97399288430955,37.56435512966156],[126.97387778957332,37.56450483046649],[126.97378813061786,37.5645737369572],[126.9736851200492,37.564469166995956],[126.97350580213826,37.56460697997738],[126.97351915375147,37.564780456429325],[126.97342949479601,37.564849362920036],[126.97332648422733,37.5647447929588],[126.97305750736093,37.56495151243092],[126.97300663579942,37.56511310105937],[126.9731096463681,37.56521767102061],[126.97286610528245,37.56534359617852],[126.9725850442485,37.565804586416824],[126.97268805481717,37.56590915637807],[126.97259839586171,37.56597806286878],[126.9726117474749,37.566151539320735],[126.97277898121828,37.566267997105484],[126.9726250990881,37.566325015772684],[126.97272810965677,37.56642958573393],[126.97263845070131,37.56649849222464],[126.97267723809526,37.56659117436237],[126.97295956657486,37.566557931342196],[126.97293286334846,37.566210978438285],[126.97302252230392,37.56614207194758],[126.97294494751601,37.565956707672115],[126.9731497012077,37.56573810037647],[126.97354712442352,37.56555515655136]]]}},{"type":"Feature","id":"SCM_007","properties":{"category":"특성관리지구","source_type":"DERIVED_FROM_OFFICIAL_PLAN_MAP","source_title":"서울특별시 서울도심 기본계획 특성관리지구 공식도면 기반 복원","usage":"역세권활성화사업 운영기준 2-1-3 다목 1) 초기 배제검토","georef_rmse_m":37.1,"georef_max_control_error_m":51.5,"review_margin_m":60,"boundary_caveat":"공식 SHP가 아닌 공식계획도 이미지 지오리퍼런싱 복원자료. 경계부는 원도·담당부서 재확인."},"geometry":{"type":"Polygon","coordinates":[[[126.97190782744438,37.56687626769836],[126.97208714535532,37.56673845471695],[126.97212593274926,37.56683113685468],[126.97235612222171,37.566531735244816],[126.97220097264588,37.56616100669388],[126.97200830312175,37.56612534322335],[126.97184233682403,37.566436632656725],[126.97166301891309,37.566574445638146],[126.9716763705263,37.5667479220901],[126.9714716168346,37.56696652938574],[126.97157462740327,37.56707109934698],[126.9714207452731,37.56712811801418],[126.97117847163311,37.56768179039022],[126.97108881267764,37.56775069688093],[126.97105002528369,37.567658014743195],[126.97098706955462,37.568073874137816],[126.97111551590405,37.56809764978484],[126.97147288428026,37.56739427660387],[126.97165220219118,37.56725646362245],[126.97161341479723,37.567163781484716],[126.97185695588287,37.567037856326806],[126.97190782744438,37.56687626769836]]]}},{"type":"Feature","id":"SCM_008","properties":{"category":"특성관리지구","source_type":"DERIVED_FROM_OFFICIAL_PLAN_MAP","source_title":"서울특별시 서울도심 기본계획 특성관리지구 공식도면 기반 복원","usage":"역세권활성화사업 운영기준 2-1-3 다목 1) 초기 배제검토","georef_rmse_m":37.1,"georef_max_control_error_m":51.5,"review_margin_m":60,"boundary_caveat":"공식 SHP가 아닌 공식계획도 이미지 지오리퍼런싱 복원자료. 경계부는 원도·담당부서 재확인."},"geometry":{"type":"Polygon","coordinates":[[[126.97368697778377,37.569428657161545],[126.9735973188283,37.569497563652256],[126.97363610622226,37.56959024578999],[126.97372576517772,37.56952133929928],[126.97384212735959,37.56979938571248],[126.97403479688371,37.56983504918301],[126.97402271271616,37.57008931994918],[126.97416451067879,37.57028657204816],[126.97407485172333,37.57035547853887],[126.9742287338535,37.57029845987167],[126.97426752124746,37.570391142009406],[126.97444683915839,37.570253329027985],[126.97470373185723,37.57030088032203],[126.97490848554891,37.57008227302639],[126.97507571929229,37.57019873081114],[126.97544770672735,37.57009658130026],[126.97571668359376,37.56988986182813],[126.97561367302508,37.569785291866886],[126.97601109624091,37.56960234804178],[126.97593352145299,37.56941698376632],[126.97602318040846,37.569348077275606],[126.97606196780241,37.56944075941333],[126.97617706253864,37.56929105860841],[126.97599647718205,37.569001124371695],[126.97586803083263,37.56897734872467],[126.97585467921944,37.56880387227272],[126.97657195086316,37.56825262034704],[126.97655859924996,37.56807914389508],[126.97664825820542,37.56801023740438],[126.97672583299334,37.56819560167984],[126.97690515090426,37.56805778869842],[126.97695728991143,37.56832394728811],[126.97723961839102,37.56829070426793],[126.97720083099706,37.5681980221302],[126.97755819937328,37.56749464894923],[126.97746854041782,37.56756355543994],[126.97742975302386,37.567470873302206],[126.97772289822537,37.566755612297726],[126.9776841108314,37.56666293015999],[126.97779920556762,37.56651322935507],[126.97778585395443,37.56633975290311],[126.97765740760501,37.56631597725609],[126.9773884307386,37.56652269672822],[126.9769776559096,37.566532164101375],[126.97674746643715,37.56683156571123],[126.97670867904318,37.5667388835735],[126.97608106635494,37.567221229008474],[126.97585087688249,37.56752063061833],[126.97528621992329,37.567587116658686],[126.97523534836179,37.56774870528713],[126.97499180727614,37.56787463044503],[126.97494093571463,37.56803621907348],[126.97476161780371,37.5681740320549],[126.97444050193015,37.56811459293734],[126.97423448079282,37.56790545301485],[126.97379827018304,37.56799571470223],[126.97363230388531,37.568307004135605],[126.97345298597438,37.56844481711702],[126.97355599654306,37.568549387078264],[126.97337667863212,37.568687200059685],[126.97327366806346,37.56858263009844],[126.97328701967665,37.568756106550396],[126.97319736072119,37.568825013041106],[126.9732749355091,37.56901037731657],[126.9735572639887,37.5689771342964],[126.97359605138266,37.56906981643413],[126.97348095664643,37.569219517239056],[126.97360940299585,37.56924329288608],[126.97368697778377,37.569428657161545]]]}},{"type":"Feature","id":"SCM_009","properties":{"category":"특성관리지구","source_type":"DERIVED_FROM_OFFICIAL_PLAN_MAP","source_title":"서울특별시 서울도심 기본계획 특성관리지구 공식도면 기반 복원","usage":"역세권활성화사업 운영기준 2-1-3 다목 1) 초기 배제검토","georef_rmse_m":37.1,"georef_max_control_error_m":51.5,"review_margin_m":60,"boundary_caveat":"공식 SHP가 아닌 공식계획도 이미지 지오리퍼런싱 복원자료. 경계부는 원도·담당부서 재확인."},"geometry":{"type":"Polygon","coordinates":[[[126.98159344265815,37.56892559981475],[126.98123607428194,37.569628972995716],[126.98157054176869,37.56986188856523],[126.98172442389887,37.56980486989803],[126.98208179227508,37.56910149671706],[126.98159344265815,37.56892559981475]]]}},{"type":"Feature","id":"SCM_010","properties":{"category":"특성관리지구","source_type":"DERIVED_FROM_OFFICIAL_PLAN_MAP","source_title":"서울특별시 서울도심 기본계획 특성관리지구 공식도면 기반 복원","usage":"역세권활성화사업 운영기준 2-1-3 다목 1) 초기 배제검토","georef_rmse_m":37.1,"georef_max_control_error_m":51.5,"review_margin_m":60,"boundary_caveat":"공식 SHP가 아닌 공식계획도 이미지 지오리퍼런싱 복원자료. 경계부는 원도·담당부서 재확인."},"geometry":{"type":"Polygon","coordinates":[[[126.97849289916516,37.5710022619092],[126.97837780442894,37.571151962714126],[126.97869892030249,37.57121140183168],[126.97878857925797,37.57114249534098],[126.97884071826512,37.57140865393066],[126.97893037722058,37.57133974743995],[126.97926484470734,37.57157266300946],[126.97944416261826,37.57143485002804],[126.97948295001223,37.571527532165774],[126.97949503417978,37.5712732613996],[126.98005462135639,37.56949578648673],[126.98038655395185,37.56887320761999],[126.9801163096398,37.568652179873986],[126.97966674741683,37.56856896510941],[126.97957708846135,37.56863787160012],[126.97947407789269,37.56853330163887],[126.97943655794438,37.56886836671927],[126.9792826758142,37.56892538538647],[126.97929475998177,37.568671114620294],[126.97912879368403,37.56898240405367],[126.97911670951648,37.56923667481984],[126.97892530743799,37.56962875856744],[126.97896409483195,37.569721440705166],[126.97887443587649,37.56979034719588],[126.97888778748968,37.56996382364783],[126.97870846957875,37.57010163662925],[126.9786963854112,37.57035590739543],[126.97851706750026,37.570493720376845],[126.97853041911347,37.5706671968288],[126.97844076015801,37.57073610331951],[126.97849289916516,37.5710022619092]]]}},{"type":"Feature","id":"SCM_011","properties":{"category":"특성관리지구","source_type":"DERIVED_FROM_OFFICIAL_PLAN_MAP","source_title":"서울특별시 서울도심 기본계획 특성관리지구 공식도면 기반 복원","usage":"역세권활성화사업 운영기준 2-1-3 다목 1) 초기 배제검토","georef_rmse_m":37.1,"georef_max_control_error_m":51.5,"review_margin_m":60,"boundary_caveat":"공식 SHP가 아닌 공식계획도 이미지 지오리퍼런싱 복원자료. 경계부는 원도·담당부서 재확인."},"geometry":{"type":"Polygon","coordinates":[[[126.98108024754939,37.57336224017412],[126.98086087479885,37.572979623799675],[126.98100140531582,37.57274912868053],[126.98091174636036,37.57281803517124],[126.9808729589664,37.572725353033505],[126.98155972504678,37.57054390654953],[126.98094292908043,37.570344234000196],[126.98085327012497,37.570413140490906],[126.98084118595742,37.57066741125708],[126.98075152700194,37.57073631774779],[126.98042086185214,37.57178664383267],[126.98033120289666,37.57185555032338],[126.97994966618535,37.573067465036694],[126.9800018051925,37.57333362362638],[126.97983529570378,37.57346159282341],[126.9799642852442,37.573668688706775],[126.98065738855281,37.573625978313444],[126.98082462229618,37.5737424360982],[126.98102937598787,37.573523828802564],[126.98099058859391,37.57343114666483],[126.98108024754939,37.57336224017412]]]}},{"type":"Feature","id":"SCM_012","properties":{"category":"특성관리지구","source_type":"DERIVED_FROM_OFFICIAL_PLAN_MAP","source_title":"서울특별시 서울도심 기본계획 특성관리지구 공식도면 기반 복원","usage":"역세권활성화사업 운영기준 2-1-3 다목 1) 초기 배제검토","georef_rmse_m":37.1,"georef_max_control_error_m":51.5,"review_margin_m":60,"boundary_caveat":"공식 SHP가 아닌 공식계획도 이미지 지오리퍼런싱 복원자료. 경계부는 원도·담당부서 재확인."},"geometry":{"type":"Polygon","coordinates":[[[126.97596529446199,37.57147492554274],[126.97592650706802,37.571382243405004],[126.97572175337635,37.57160085070065],[126.97566722705012,37.57161213341156],[126.97569631759559,37.57168164501486],[126.97560665864012,37.57175055150557],[126.97519968614804,37.57304326053311],[126.97554623780235,37.573021905336454],[126.97581521466876,37.57281518586432],[126.97591822523742,37.572919755825566],[126.97624889038723,37.57186942974069],[126.97624762294159,37.57144168252256],[126.97596529446199,37.57147492554274]]]}},{"type":"Feature","id":"SCM_013","properties":{"category":"특성관리지구","source_type":"DERIVED_FROM_OFFICIAL_PLAN_MAP","source_title":"서울특별시 서울도심 기본계획 특성관리지구 공식도면 기반 복원","usage":"역세권활성화사업 운영기준 2-1-3 다목 1) 초기 배제검토","georef_rmse_m":37.1,"georef_max_control_error_m":51.5,"review_margin_m":60,"boundary_caveat":"공식 SHP가 아닌 공식계획도 이미지 지오리퍼런싱 복원자료. 경계부는 원도·담당부서 재확인."},"geometry":{"type":"Polygon","coordinates":[[[126.9835983029763,37.57399934174301],[126.98377762088724,37.5738615287616],[126.98394485463061,37.573977986546346],[126.98409873676079,37.57392096787915],[126.98443066935624,37.5732983890124],[126.9844936250853,37.572882529617786],[126.98493938497134,37.57168250272798],[126.9849005975774,37.57158982059025],[126.98502777648116,37.57118584901914],[126.98514287121738,37.57103614821421],[126.98515495538493,37.570781877448034],[126.9853088375151,37.570724858780835],[126.98537179324417,37.57030899938622],[126.98519247533325,37.570446812367635],[126.9852446143404,37.570712970957324],[126.98509073221022,37.57076998962452],[126.98483510695702,37.5711501855486],[126.98468122482686,37.5712072042158],[126.98438554473405,37.571066970784024],[126.98410321625445,37.5711002138042],[126.9840644288605,37.57100753166647],[126.98398252738383,37.571094974584724],[126.984013557299,37.57116912029491],[126.98379671943975,37.57164199835673],[126.98386221006011,37.57208163339837],[126.98372167954314,37.572312128517524],[126.98379925433105,37.572497492792984],[126.98368415959483,37.572647193597916],[126.98374965021519,37.57308682863956],[126.98357033230425,37.573224641620975],[126.98344188595483,37.57320086597395],[126.98345523756804,37.57337434242591],[126.98336557861256,37.57344324891662],[126.98323713226314,37.573419473269595],[126.98322378064995,37.57324599681764],[126.98308325013296,37.573476491936795],[126.98286514482808,37.57352162278048],[126.98285306066053,37.57377589354666],[126.98276340170506,37.573844800037364],[126.98294398706165,37.574134734274075],[126.98322631554124,37.5741014912539],[126.98323966715444,37.574274967705854],[126.98357286719555,37.57408013605723],[126.98367587776421,37.57418470601848],[126.98376553671967,37.57411579952777],[126.9835983029763,37.57399934174301]]]}},{"type":"Feature","id":"SCM_014","properties":{"category":"특성관리지구","source_type":"DERIVED_FROM_OFFICIAL_PLAN_MAP","source_title":"서울특별시 서울도심 기본계획 특성관리지구 공식도면 기반 복원","usage":"역세권활성화사업 운영기준 2-1-3 다목 1) 초기 배제검토","georef_rmse_m":37.1,"georef_max_control_error_m":51.5,"review_margin_m":60,"boundary_caveat":"공식 SHP가 아닌 공식계획도 이미지 지오리퍼런싱 복원자료. 경계부는 원도·담당부서 재확인."},"geometry":{"type":"Polygon","coordinates":[[[126.9788324364345,37.57294616635122],[126.97884452060207,37.572691895585045],[126.97906262590695,37.572646764741364],[126.97921524059147,37.57216199885603],[126.97930489954695,37.57209309236532],[126.97915101741677,37.57215011103252],[126.97907344262886,37.571964746757054],[126.97898378367339,37.572033653247765],[126.97853422145042,37.571950438483185],[126.97845664666251,37.571765074207725],[126.97827732875157,37.57190288718914],[126.97817431818291,37.5717983172279],[126.97800835188518,37.57210960666127],[126.97796956449122,37.57201692452354],[126.97787990553576,37.57208583101425],[126.97753588877274,37.57296268064717],[126.9775746761667,37.573055362784906],[126.97831991848247,37.573278810981265],[126.97843501321869,37.57312911017633],[126.97862768274283,37.573164773646866],[126.97871734169829,37.573095867156155],[126.97867855430432,37.57300318501842],[126.9788324364345,37.57294616635122]]]}},{"type":"Feature","id":"SCM_015","properties":{"category":"특성관리지구","source_type":"DERIVED_FROM_OFFICIAL_PLAN_MAP","source_title":"서울특별시 서울도심 기본계획 특성관리지구 공식도면 기반 복원","usage":"역세권활성화사업 운영기준 2-1-3 다목 1) 초기 배제검토","georef_rmse_m":37.1,"georef_max_control_error_m":51.5,"review_margin_m":60,"boundary_caveat":"공식 SHP가 아닌 공식계획도 이미지 지오리퍼런싱 복원자료. 경계부는 원도·담당부서 재확인."},"geometry":{"type":"Polygon","coordinates":[[[126.97290353836296,37.57364426977492],[126.9728781025822,37.57372506408914],[126.97298463636463,37.57368558962723],[126.97290353836296,37.57364426977492]]]}},{"type":"Feature","id":"SCM_016","properties":{"category":"특성관리지구","source_type":"DERIVED_FROM_OFFICIAL_PLAN_MAP","source_title":"서울특별시 서울도심 기본계획 특성관리지구 공식도면 기반 복원","usage":"역세권활성화사업 운영기준 2-1-3 다목 1) 초기 배제검토","georef_rmse_m":37.1,"georef_max_control_error_m":51.5,"review_margin_m":60,"boundary_caveat":"공식 SHP가 아닌 공식계획도 이미지 지오리퍼런싱 복원자료. 경계부는 원도·담당부서 재확인."},"geometry":{"type":"Polygon","coordinates":[[[126.97324814541489,37.57729916308946],[126.97333780437036,37.57723025659875],[126.9733765917643,37.57732293873648],[126.97336324015112,37.57714946228453],[126.97368308857901,37.576781154183955],[126.97374604430807,37.57636529478934],[126.97391201060582,37.576054005355964],[126.97415555169145,37.575928080198054],[126.97441117694464,37.57554788427397],[126.97435903793749,37.575281725684285],[126.97466680219785,37.57516768834989],[126.97495994739934,37.57445242734541],[126.97504960635482,37.5743835208547],[126.97508839374876,37.574476202992436],[126.97510047791631,37.57422193222626],[126.97499746734765,37.574117362265014],[126.97517678525858,37.57397954928359],[126.97448368194996,37.57402225967692],[126.97354577011006,37.57376314801003],[126.97343067537385,37.57391284881496],[126.97305414893749,37.5737210066435],[126.97307077210633,37.57376072755967],[126.97276427529162,37.5743025121122],[126.97287937002785,37.57415281130727],[126.9729181574218,37.574245493445005],[126.97279097851803,37.57464946501611],[126.97270131956256,37.57471837150682],[126.97270258700821,37.575146118724945],[126.9724094418067,37.575861379729425],[126.97242279341991,37.57603485618138],[126.97233313446445,37.57610376267209],[126.97229434707049,37.57601108053436],[126.97234648607764,37.576277239124046],[126.972102944992,37.57640316428195],[126.9720895933788,37.57622968783],[126.97201328603654,37.57647207077266],[126.97176974495089,37.57659799593057],[126.97173222500258,37.57693306101097],[126.97164256604712,37.57700196750168],[126.97163048187957,37.57725623826785],[126.97195159775312,37.57731567738541],[126.97199038514708,37.57740835952314],[126.97317183807263,37.57754154603212],[126.97321062546658,37.577634228169856],[126.97324814541489,37.57729916308946]]]}},{"type":"Feature","id":"SCM_017","properties":{"category":"특성관리지구","source_type":"DERIVED_FROM_OFFICIAL_PLAN_MAP","source_title":"서울특별시 서울도심 기본계획 특성관리지구 공식도면 기반 복원","usage":"역세권활성화사업 운영기준 2-1-3 다목 1) 초기 배제검토","georef_rmse_m":37.1,"georef_max_control_error_m":51.5,"review_margin_m":60,"boundary_caveat":"공식 SHP가 아닌 공식계획도 이미지 지오리퍼런싱 복원자료. 경계부는 원도·담당부서 재확인."},"geometry":{"type":"Polygon","coordinates":[[[126.97513605326226,37.577563115657064],[126.97514940487545,37.57773659210902],[126.97523906383093,37.57766768561831],[126.97543046590941,37.57727560187072],[126.97539167851545,37.577182919732984],[126.97548133747091,37.57711401324227],[126.97544255007696,37.57702133110454],[126.9756218679879,37.57688351812312],[126.97578783428563,37.57657222868975],[126.97592709735694,37.57591398635247],[126.97608097948712,37.57585696768527],[126.97616937099694,37.575360313976425],[126.97637412468863,37.57514170668079],[126.97638620885618,37.57488743591461],[126.97652673937316,37.57465694079546],[126.97648795197921,37.57456425865773],[126.97657761093467,37.57449535216702],[126.97653882354071,37.574402670029286],[126.97667935405768,37.57417217491013],[126.97666600244449,37.573998698458176],[126.97631945079017,37.57402005365484],[126.97628066339622,37.57392737151711],[126.97610134548529,37.57406518449853],[126.97590867596116,37.574029521027995],[126.97566513487551,37.574155446185905],[126.97555130758494,37.574732894208964],[126.97546164862948,37.574801800699674],[126.97542286123551,37.57470911856194],[126.9753077664993,37.574858819366874],[126.97529568233175,37.57511309013305],[126.9750012696846,37.5754006039194],[126.97493831395553,37.57581646331402],[126.9746947728699,37.57594238847192],[126.97468268870233,37.5761966592381],[126.97434948866123,37.57639149088672],[126.97424774553821,37.5767146681436],[126.97404299184653,37.576933275439245],[126.97409513085368,37.577199434028934],[126.973890377162,37.57741804132457],[126.9739278971103,37.57708297624418],[126.97371105925106,37.57755585430599],[126.97378863403898,37.57774121858146],[126.97398130356311,37.57777688205199],[126.97422484464875,37.57765095689408],[126.97452052474155,37.57779119032586],[126.97466105525852,37.57756069520671],[126.97489251217661,37.577689040814974],[126.97513605326226,37.577563115657064]]]}},{"type":"Feature","id":"SCM_018","properties":{"category":"특성관리지구","source_type":"DERIVED_FROM_OFFICIAL_PLAN_MAP","source_title":"서울특별시 서울도심 기본계획 특성관리지구 공식도면 기반 복원","usage":"역세권활성화사업 운영기준 2-1-3 다목 1) 초기 배제검토","georef_rmse_m":37.1,"georef_max_control_error_m":51.5,"review_margin_m":60,"boundary_caveat":"공식 SHP가 아닌 공식계획도 이미지 지오리퍼런싱 복원자료. 경계부는 원도·담당부서 재확인."},"geometry":{"type":"Polygon","coordinates":[[[126.96531303271173,37.581131516043556],[126.96546691484191,37.581074497376356],[126.96550570223586,37.58116717951409],[126.96539060749964,37.58131688031902],[126.96559662863697,37.58152602024151],[126.96550696968151,37.58159492673222],[126.9658427046139,37.58225558951986],[126.9658051846656,37.58259065460025],[126.96562586675466,37.582728467581674],[126.96572887732334,37.58283303754292],[126.96561378258711,37.58298273834785],[126.96569135737504,37.58316810262331],[126.96560169841956,37.58323700911402],[126.96625601433422,37.583101616582965],[126.96621722694027,37.58300893444523],[126.96642198063195,37.58279032714959],[126.966383193238,37.582697645011855],[126.96674182905986,37.58242201904902],[126.96684483962852,37.58252658901026],[126.96675518067306,37.58259549550097],[126.9672168270636,37.58242443949938],[126.96711381649493,37.58231986953813],[126.96742158075527,37.582205832203734],[126.96758881449865,37.58232228998849],[126.96743493236848,37.58237930865569],[126.96751250715639,37.58256467293115],[126.96767974089977,37.582681130715905],[126.96789784620465,37.58263599987222],[126.96793663359861,37.58272868200995],[126.96784697464314,37.58279758850066],[126.96811721895519,37.58301861624666],[126.96807843156124,37.58292593410893],[126.96826983363972,37.58253385036134],[126.96816682307104,37.58242928040009],[126.96839701254349,37.58212987879023],[126.96835822514953,37.58203719665249],[126.96847331988576,37.58188749584757],[126.96848540405331,37.58163322508139],[126.96857506300877,37.58156431859068],[126.96856171139558,37.581390842138724],[126.96865137035104,37.58132193564801],[126.9687543809197,37.58142650560926],[126.96863801873783,37.581148459196065],[126.96872767769331,37.581079552705354],[126.96889491143668,37.58119601049011],[126.96888155982349,37.581022534038155],[126.96903544195365,37.580965515370956],[126.9689966545597,37.58087283323322],[126.96908631351516,37.58080392674251],[126.96907296190196,37.580630450290556],[126.96935529038156,37.58059720727038],[126.96947038511779,37.580447506465454],[126.96943159772383,37.58035482432772],[126.96994411567586,37.58002217969768],[126.96998163562418,37.579687114617286],[126.97019974092906,37.5796419837736],[126.97031356821964,37.57906453575054],[126.9703765239487,37.57864867635592],[126.97054249024643,37.57833738692255],[126.97069637237661,37.57828036825535],[126.97083690289358,37.578049873136194],[126.97100160174566,37.57731083648469],[126.97115548387583,37.57725381781749],[126.9712184396049,37.57683795842288],[126.97130809856037,37.57676905193217],[126.97123052377245,37.5765836876567],[126.97138440590263,37.5765266689895],[126.97152493641961,37.576296173870354],[126.97165338276902,37.57631994951738],[126.97155037220035,37.57621537955613],[126.97176847750525,37.576170248712444],[126.9717805616728,37.575915977946266],[126.97208832593316,37.57580194061187],[126.97221550483692,37.575397969040765],[126.9723051637924,37.575329062550054],[126.9722918121792,37.5751555860981],[126.97238147113465,37.57508667960739],[126.97232806468185,37.57439277379957],[126.97257033832184,37.57383910142354],[126.97249276353394,37.57365373714807],[126.97263329405091,37.57342324202892],[126.97259450665696,37.57333055989119],[126.97268416561242,37.57326165340048],[126.97269624977997,37.5730073826343],[126.97260659082451,37.57307628912501],[126.97222125177625,37.573004962183944],[126.97195227490985,37.573211681656076],[126.97163115903629,37.57315224253852],[126.97119494842651,37.573242504225895],[126.97115616103257,37.57314982208816],[126.9707708219843,37.573078495147094],[126.9707574703711,37.57290501869514],[126.97060358824092,37.57296203736234],[126.97038421549038,37.57257942098789],[126.97047387444586,37.57251051449719],[126.9704350870519,37.572417832359456],[126.97061440496283,37.572280019378034],[126.97062648913038,37.57202574861186],[126.97119114608958,37.571959262571504],[126.97148555873673,37.57167174878516],[126.97156313352464,37.571857113060624],[126.97183211039103,37.57165039358849],[126.971870897785,37.571743075726225],[126.97206229986348,37.571350991978626],[126.971972640908,37.57141989846934],[126.97180540716464,37.57130344068458],[126.97179205555143,37.57112996423263],[126.9718817145069,37.57106105774192],[126.97152181123938,37.57090893648663],[126.97148302384544,37.5708162543489],[126.9715726828009,37.57074734785819],[126.97135457749602,37.570792478701875],[126.97123821531414,37.570514432288675],[126.97108433318397,37.570571450955875],[126.97100675839606,37.570386086680415],[126.97085287626588,37.57044310534761],[126.97071107830325,37.570245853248636],[126.97080073725873,37.570176946757925],[126.97068437507686,37.569898900344725],[126.9705947161214,37.569967806835436],[126.97045291815877,37.56977055473646],[126.97055362605296,37.569639566532146],[126.97046500232632,37.56951628397029],[126.97037534337086,37.569585190461],[126.97025898118899,37.5693071440478],[126.9703098527505,37.569145555419354],[126.97016805478788,37.568948303320376],[126.97006631166485,37.569271480577264],[126.96997665270939,37.569340387067975],[126.96996330109619,37.56916691061602],[126.96982277057921,37.569397405735174],[126.96960466527433,37.56944253657886],[126.9694895705381,37.56959223738379],[126.96952835793206,37.56968491952152],[126.96934904002113,37.56982273250294],[126.96931025262718,37.56973005036521],[126.96922059367171,37.56979895685592],[126.9691697221102,37.56996054548436],[126.96924729689812,37.57014590975983],[126.9686476548819,37.571402955316834],[126.96866100649511,37.57157643176879],[126.96822606333097,37.57209444067429],[126.96816310760191,37.572510300068906],[126.96821524660908,37.572776458658595],[126.96838248035245,37.57289291644335],[126.96860185310298,37.57327553281779],[126.96875573523316,37.57321851415059],[126.96874365106561,37.57347278491677],[126.96884666163427,37.57357735487801],[126.96893632058973,37.5735084483873],[126.96920656490178,37.5737294761333],[126.969321659638,37.57357977532837],[126.9698996682104,37.57368676573997],[126.97005355034058,37.57362974707277],[126.97008025356698,37.57397669997668],[126.96985133154018,37.574703848804674],[126.97010822423903,37.57475140009871],[126.97014701163299,37.574844082236446],[126.97005735267751,37.57491298872716],[126.97017371485938,37.57519103514036],[126.9699689611677,37.575409642436],[126.96965038018544,37.576205697754695],[126.96947106227451,37.576343510736116],[126.96948441388771,37.57651698718807],[126.9688822369802,37.57691853830882],[126.96830422840782,37.576811547897215],[126.96806195476782,37.57736522027326],[126.96760030837729,37.57753627627485],[126.96761365999049,37.577709752726804],[126.9673446831241,37.577916472198936],[126.96738347051804,37.57800915433667],[126.96720415260711,37.578146967318084],[126.96707570625769,37.57812319167106],[126.9671157610973,37.57864362102693],[126.96698858219352,37.57904759259803],[126.96683470006334,37.57910461126523],[126.96677174433428,37.57952047065985],[126.9665669906426,37.57973907795549],[126.96618165159434,37.57966775101442],[126.96614286420038,37.579575068876686],[126.9662579589366,37.57942536807176],[126.96616829998113,37.579494274562464],[126.96612951258717,37.57940159242474],[126.9656799503642,37.57931837766016],[126.96553941984723,37.579548872779306],[126.9650644218435,37.57954645232895],[126.96456525550467,37.580052573410946],[126.96466826607333,37.58015714337218],[126.96445016076844,37.58020227421587],[126.96445142821409,37.580630021434004],[126.96436176925862,37.580698927924715],[126.96445269565973,37.58105776865213],[126.96477381153329,37.58111720776969],[126.96473502413933,37.58102452563195],[126.9648246830948,37.58095561914124],[126.96514579896835,37.5810150582588],[126.96518458636231,37.58110774039653],[126.96527424531777,37.58103883390582],[126.96531303271173,37.581131516043556]]]}},{"type":"Feature","id":"SCM_019","properties":{"category":"특성관리지구","source_type":"DERIVED_FROM_OFFICIAL_PLAN_MAP","source_title":"서울특별시 서울도심 기본계획 특성관리지구 공식도면 기반 복원","usage":"역세권활성화사업 운영기준 2-1-3 다목 1) 초기 배제검토","georef_rmse_m":37.1,"georef_max_control_error_m":51.5,"review_margin_m":60,"boundary_caveat":"공식 SHP가 아닌 공식계획도 이미지 지오리퍼런싱 복원자료. 경계부는 원도·담당부서 재확인."},"geometry":{"type":"Polygon","coordinates":[[[126.97164256604712,37.57700196750168],[126.97160377865316,37.576909285363946],[126.9715274713109,37.577151668306605],[126.97164256604712,37.57700196750168]]]}},{"type":"Feature","id":"SCM_020","properties":{"category":"특성관리지구","source_type":"DERIVED_FROM_OFFICIAL_PLAN_MAP","source_title":"서울특별시 서울도심 기본계획 특성관리지구 공식도면 기반 복원","usage":"역세권활성화사업 운영기준 2-1-3 다목 1) 초기 배제검토","georef_rmse_m":37.1,"georef_max_control_error_m":51.5,"review_margin_m":60,"boundary_caveat":"공식 SHP가 아닌 공식계획도 이미지 지오리퍼런싱 복원자료. 경계부는 원도·담당부서 재확인."},"geometry":{"type":"Polygon","coordinates":[[[126.98100833283299,37.579419607718634],[126.9811501307956,37.579616859817605],[126.9817147877548,37.57955037377725],[126.98185531827177,37.579319878658104],[126.98189410566573,37.57941256079584],[126.98216308253213,37.579205841323706],[126.98297254802262,37.579441177343575],[126.98306220697808,37.579372270852865],[126.98338332285162,37.57943170997042],[126.98336997123843,37.579258233518466],[126.98345963019389,37.579189327027755],[126.98362686393727,37.57930578481251],[126.98399885137233,37.579203635301624],[126.9840376387663,37.57929631743936],[126.98429453146514,37.5793438687334],[126.98440962620136,37.57919416792847],[126.98442297781456,37.579367644380426],[126.98456350833153,37.57913714926127],[126.98452472093757,37.579044467123545],[126.98467860306775,37.578987448456346],[126.98466525145454,37.57881397200439],[126.9852152893549,37.578146262293956],[126.98520193774169,37.577972785842],[126.98538125565263,37.57783497286058],[126.98530368086472,37.57764960858512],[126.98554722195036,37.57752368342721],[126.98571318824808,37.57721239399383],[126.98575197564205,37.577305076131566],[126.98599424928203,37.57675140375553],[126.98563434601452,37.57659928250024],[126.98562099440133,37.576425806048285],[126.98525982368817,37.57584593757487],[126.98506715416404,37.575810274104334],[126.98501501515688,37.575544115514646],[126.9848611330267,37.575601134181845],[126.98482234563275,37.57550845204411],[126.98491200458821,37.57543954555341],[126.98480899401955,37.57533497559216],[126.98429520862186,37.57523987300407],[126.98425642122791,37.57514719086634],[126.98416676227244,37.57521609735705],[126.98401161269662,37.574845368806116],[126.98376807161097,37.574971293964026],[126.9836650610423,37.57486672400278],[126.98346030735063,37.575085331298425],[126.9833318610012,37.5750615556514],[126.98325428621328,37.574876191375935],[126.98313919147706,37.57502589218087],[126.98310040408312,37.574933210043135],[126.9824715239492,37.574987808259976],[126.98257453451787,37.57509237822122],[126.9824848755624,37.57516128471193],[126.98235642921298,37.57513750906491],[126.98234307759978,37.574964032612954],[126.98206074912018,37.57499727563313],[126.98202196172623,37.5749045934954],[126.98168876168512,37.57509942514402],[126.98152152794175,37.57498296735926],[126.98143186898628,37.57505187384997],[126.98094858915194,37.57658696582017],[126.98088563342287,37.57700282521479],[126.98079597446741,37.5770717317055],[126.98070885040323,37.577996132632464],[126.98047992837644,37.578723281460455],[126.98036483364022,37.57887298226539],[126.98044240842813,37.579058346540855],[126.98032731369192,37.57920804734579],[126.98040488847982,37.579393411621254],[126.98031522952436,37.57946231811196],[126.98039280431227,37.579647682387424],[126.98054668644245,37.579590663720225],[126.98058547383641,37.57968334585796],[126.98059755800396,37.57942907509179],[126.98068721695942,37.57936016860108],[126.98085445070281,37.579476626385826],[126.98100833283299,37.579419607718634]]]}},{"type":"Feature","id":"SCM_021","properties":{"category":"특성관리지구","source_type":"DERIVED_FROM_OFFICIAL_PLAN_MAP","source_title":"서울특별시 서울도심 기본계획 특성관리지구 공식도면 기반 복원","usage":"역세권활성화사업 운영기준 2-1-3 다목 1) 초기 배제검토","georef_rmse_m":37.1,"georef_max_control_error_m":51.5,"review_margin_m":60,"boundary_caveat":"공식 SHP가 아닌 공식계획도 이미지 지오리퍼런싱 복원자료. 경계부는 원도·담당부서 재확인."},"geometry":{"type":"Polygon","coordinates":[[[126.98028139385521,37.58017427625725],[126.98024018962775,37.58013244827276],[126.98018931806624,37.58029403690119],[126.98028139385521,37.58017427625725]]]}},{"type":"Feature","id":"SCM_022","properties":{"category":"특성관리지구","source_type":"DERIVED_FROM_OFFICIAL_PLAN_MAP","source_title":"서울특별시 서울도심 기본계획 특성관리지구 공식도면 기반 복원","usage":"역세권활성화사업 운영기준 2-1-3 다목 1) 초기 배제검토","georef_rmse_m":37.1,"georef_max_control_error_m":51.5,"review_margin_m":60,"boundary_caveat":"공식 SHP가 아닌 공식계획도 이미지 지오리퍼런싱 복원자료. 경계부는 원도·담당부서 재확인."},"geometry":{"type":"Polygon","coordinates":[[[126.96929867188074,37.583151802755644],[126.96956764874713,37.58294508328351],[126.96999177518936,37.583109092362314],[126.97008143414482,37.5830401858716],[126.97040255001838,37.58309962498916],[126.9705685163161,37.58278833555579],[126.9705818679293,37.58296181200774],[126.97059395209686,37.58270754124157],[126.97068361105232,37.58263863475086],[126.97072239844628,37.58273131688859],[126.97077327000778,37.58256972826015],[126.97073448261384,37.58247704612241],[126.9706193878776,37.582626746927346],[126.97058060048366,37.58253406478961],[126.97070777938742,37.58213009321851],[126.9708616615176,37.58207307455131],[126.97097675625383,37.58192337374638],[126.97093796885987,37.581830691608644],[126.97120694572627,37.58162397213651],[126.97119359411306,37.581450495684564],[126.97146257097947,37.58124377621243],[126.97142378358551,37.5811510940747],[126.97151344254097,37.58108218758399],[126.971716928787,37.58043583307022],[126.97187081091718,37.58037881440302],[126.97199798982096,37.579974842831916],[126.97208764877642,37.579905936341206],[126.97226569924172,37.57934037614166],[126.97235535819718,37.57927146965095],[126.97227778340927,37.57908610537548],[126.97249588871415,37.57904097453179],[126.97253467610811,37.579133656669526],[126.9725213244949,37.57896018021757],[126.97270064240584,37.57882236723615],[126.97280238552885,37.57849918997927],[126.97278903391566,37.57832571352731],[126.97287869287112,37.5782568070366],[126.97291748026508,37.578349489174336],[126.97295500021339,37.578014424093936],[126.97269810751455,37.57796687279989],[126.97268475590134,37.57779339634794],[126.97217097050365,37.57769829375985],[126.9720813115482,37.57776720025056],[126.97197830097953,37.57766263028932],[126.97188864202406,37.57773153678003],[126.97137485662637,37.57763643419194],[126.97117010293469,37.577855041487574],[126.97103083986336,37.578513283824854],[126.97087695773318,37.578570302492054],[126.97077521461016,37.57889347974894],[126.97087822517882,37.57899804971019],[126.97072434304866,37.579055068377386],[126.9707631304426,37.57914775051512],[126.97067347148715,37.57921665700582],[126.97075104627505,37.57940202128129],[126.97053294097017,37.57944715212498],[126.97048206940866,37.57960874075342],[126.97058507997733,37.579713310714666],[126.97049542102187,37.57978221720538],[126.97057299580977,37.57996758148084],[126.97022644415546,37.5799889366775],[126.97032945472412,37.58009350663875],[126.97012470103245,37.58031211393439],[126.97013805264564,37.580485590386346],[126.96979150099133,37.58050694558301],[126.96977941682378,37.58076121634918],[126.96953587573815,37.58088714150709],[126.96961345052605,37.58107250578256],[126.96933112204646,37.581105748802734],[126.96915180413552,37.581243561784156],[126.96920394314269,37.58150972037384],[126.96898583783779,37.581554851217525],[126.96893496627628,37.58171643984597],[126.9687810841461,37.58177345851317],[126.96876899997855,37.58202772927934],[126.96858968206762,37.58216554226076],[126.96860303368082,37.582339018712716],[126.9684879389446,37.58248871951765],[126.96847585477705,37.58274299028382],[126.96859221695892,37.58302103669702],[126.96877153486984,37.5828832237156],[126.96882367387701,37.58314938230529],[126.96893876861323,37.582999681500354],[126.96897755600718,37.58309236363809],[126.96906721496265,37.58302345714738],[126.96929867188074,37.583151802755644]]]}},{"type":"Feature","id":"SCM_023","properties":{"category":"특성관리지구","source_type":"DERIVED_FROM_OFFICIAL_PLAN_MAP","source_title":"서울특별시 서울도심 기본계획 특성관리지구 공식도면 기반 복원","usage":"역세권활성화사업 운영기준 2-1-3 다목 1) 초기 배제검토","georef_rmse_m":37.1,"georef_max_control_error_m":51.5,"review_margin_m":60,"boundary_caveat":"공식 SHP가 아닌 공식계획도 이미지 지오리퍼런싱 복원자료. 경계부는 원도·담당부서 재확인."},"geometry":{"type":"Polygon","coordinates":[[[126.97268788108155,37.58318063373166],[126.97277754003701,37.58311172724095],[126.97326588965396,37.58328762414326],[126.97335554860942,37.58321871765255],[126.97395392317998,37.58153392487742],[126.97391513578603,37.581441242739686],[126.97457646608565,37.579340590569934],[126.97466612504111,37.579271684079224],[126.97470491243507,37.57936436621696],[126.97502222597168,37.57814056368013],[126.97480412066679,37.57818569452381],[126.97476533327284,37.578093012386084],[126.97465023853661,37.57824271319101],[126.9742261120944,37.57807870411221],[126.97400800678952,37.578123834955896],[126.97391834783404,37.57819274144661],[126.97362266774125,37.57805250801483],[126.97344334983032,37.57819032099625],[126.97352092461823,37.578375685271716],[126.97343126566277,37.57844459176243],[126.97347005305672,37.57853727390016],[126.97331617092654,37.57859429256736],[126.97332825509409,37.57834002180118],[126.97323986358428,37.57883667551002],[126.97275404885865,37.579516273043964],[126.97271652891033,37.579851338124364],[126.9725372109994,37.579989151105785],[126.97261478578731,37.580174515381245],[126.97246090365714,37.580231534048444],[126.97242211626317,37.58013885191071],[126.97244881948959,37.58048580481462],[126.97229493735941,37.58054282348182],[126.9720393121062,37.5809230194059],[126.97202722793865,37.58117729017208],[126.97187334580848,37.58123430883928],[126.97186126164092,37.581488579605455],[126.97165650794925,37.58170718690109],[126.97161898800093,37.58204225198149],[126.97135001113453,37.582248971453616],[126.97118531228246,37.58298800810512],[126.97146764076206,37.58295476508494],[126.97167366189939,37.58316390500743],[126.97186633142351,37.583199568477966],[126.97217409568387,37.58308553114357],[126.97272666847552,37.58327331586939],[126.97268788108155,37.58318063373166]]]}},{"type":"Feature","id":"SCM_024","properties":{"category":"특성관리지구","source_type":"DERIVED_FROM_OFFICIAL_PLAN_MAP","source_title":"서울특별시 서울도심 기본계획 특성관리지구 공식도면 기반 복원","usage":"역세권활성화사업 운영기준 2-1-3 다목 1) 초기 배제검토","georef_rmse_m":37.1,"georef_max_control_error_m":51.5,"review_margin_m":60,"boundary_caveat":"공식 SHP가 아닌 공식계획도 이미지 지오리퍼런싱 복원자료. 경계부는 원도·담당부서 재확인."},"geometry":{"type":"Polygon","coordinates":[[[126.98398287800003,37.58681040309021],[126.9840725369555,37.5867414965995],[126.98414884429776,37.586499113656835],[126.9843281622087,37.58636130067542],[126.9843790337702,37.58619971204698],[126.98453291590037,37.58614269337978],[126.98459587162944,37.585726833985156],[126.98474975375962,37.585669815317964],[126.98471096636567,37.58557713318023],[126.98508295380073,37.58547498366934],[126.98522475176335,37.58567223576832],[126.98566096237312,37.585581974080945],[126.98577732455499,37.58586002049414],[126.98568766559953,37.58592892698485],[126.98600878147307,37.585988366102406],[126.98596999407913,37.58589568396467],[126.98630192667459,37.585273105097926],[126.98626313928062,37.58518042296019],[126.9863903181844,37.58477645138909],[126.98654420031458,37.58471943272189],[126.98646662552666,37.58453406844642],[126.98674895400626,37.58450082542625],[126.98694035608474,37.584108741678655],[126.9869257370259,37.583507518008574],[126.98709170332363,37.5831962285752],[126.98700204436817,37.58326513506591],[126.9869632569742,37.583172452928174],[126.98703956431648,37.582930069985515],[126.98712922327194,37.582861163494805],[126.98711587165873,37.58268768704285],[126.98734606113118,37.582388285432984],[126.98725640217572,37.582457191923694],[126.9871654757746,37.58209835119628],[126.98726721889761,37.58177517393939],[126.98726595145197,37.581347426721265],[126.98762331982819,37.5806440535403],[126.98753366087271,37.58071296003101],[126.98741729869086,37.58043491361781],[126.98722462916672,37.58039925014727],[126.9871095344305,37.580548950952206],[126.98707074703654,37.58045626881447],[126.98668540798828,37.580384941873405],[126.98659574903282,37.580453848364115],[126.98582507093629,37.58031119448198],[126.98574749614838,37.58012583020651],[126.98555482662424,37.58009016673598],[126.98543973188802,37.58023986754091],[126.98524706236388,37.58020420407038],[126.98525914653145,37.5799499333042],[126.98516948757597,37.58001883979491],[126.98496346643864,37.57980969987243],[126.98468113795904,37.5798429428926],[126.9846423505651,37.57975026075487],[126.98401854021377,37.58151584784422],[126.98412155078243,37.58162041780547],[126.98366243928321,37.582646968243324],[126.98345895303717,37.58329332275709],[126.98342143308886,37.583628387837486],[126.98349900787677,37.58381375211295],[126.98312955533301,37.5847713960601],[126.98316834272696,37.584864078197825],[126.98299029226168,37.58542963839738],[126.98281097435074,37.58556745137879],[126.98282432596395,37.58574092783075],[126.98263292388546,37.58613301157835],[126.98260875555034,37.586641553110695],[126.98241735347187,37.58703363685829],[126.98253371565373,37.58731168327149],[126.982367749356,37.587622972704864],[126.98252163148618,37.587565954037665],[126.98256041888014,37.5876586361754],[126.9826233746092,37.587242776780776],[126.98273846934542,37.587093075975844],[126.98269968195146,37.58700039383811],[126.98317341250954,37.58657506707034],[126.98398287800003,37.58681040309021]]]}},{"type":"Feature","id":"SCM_025","properties":{"category":"특성관리지구","source_type":"DERIVED_FROM_OFFICIAL_PLAN_MAP","source_title":"서울특별시 서울도심 기본계획 특성관리지구 공식도면 기반 복원","usage":"역세권활성화사업 운영기준 2-1-3 다목 1) 초기 배제검토","georef_rmse_m":37.1,"georef_max_control_error_m":51.5,"review_margin_m":60,"boundary_caveat":"공식 SHP가 아닌 공식계획도 이미지 지오리퍼런싱 복원자료. 경계부는 원도·담당부서 재확인."},"geometry":{"type":"Polygon","coordinates":[[[126.97757576987672,37.59075458735663],[126.97779260773596,37.59028170929481],[126.97810037199632,37.590167671960415],[126.97822881834574,37.59019144760744],[126.9782809573529,37.59045760619712],[126.97839605208912,37.59030790539219],[126.97851241427098,37.59058595180539],[126.97874387118908,37.590714297413655],[126.97879601019623,37.590980456003344],[126.9788856691517,37.59091154951263],[126.97933523137468,37.59099476427721],[126.97960547568671,37.591215792023206],[126.97956668829276,37.59112310988547],[126.97977144198444,37.59090450258984],[126.97975809037125,37.59073102613788],[126.97984774932671,37.59066211964717],[126.97953871762071,37.59034840976344],[126.97970468391844,37.59003712033007],[126.97969133230524,37.58986364387811],[126.98002453234635,37.5896688122295],[126.9799723933392,37.58940265363981],[126.98006205229466,37.5893337471491],[126.97997112589354,37.588974906421676],[126.9802788901539,37.588860869087284],[126.98039398489011,37.58871116828235],[126.98062670925385,37.589267261108745],[126.98053705029838,37.589336167599456],[126.98075515560328,37.58929103675577],[126.98079394299722,37.5893837188935],[126.9807055514874,37.58988037260234],[126.98084734945003,37.590077624701316],[126.98073225471381,37.59022732550625],[126.9810279348066,37.59036755893803],[126.98116846532359,37.59013706381887],[126.98127147589226,37.59024163378012],[126.98142535802243,37.59018461511292],[126.98150166536469,37.58994223217025],[126.9818348654058,37.58974740052164],[126.98166763166242,37.58963094273688],[126.98170515161073,37.58929587765648],[126.98182024634696,37.58914617685155],[126.98173058739148,37.58921508334226],[126.98161422520963,37.58893703692907],[126.98167718093869,37.588521177534446],[126.98176683989415,37.588452271043735],[126.98202246514734,37.588072075119655],[126.98194489035943,37.58788671084419],[126.9820854208764,37.58765621572504],[126.98201993025604,37.587216580683396],[126.98213502499227,37.58706687987846],[126.98209623759831,37.58697419774073],[126.98247777430963,37.585762283027414],[126.9824898584772,37.585508012261236],[126.98237476374096,37.58565771306617],[126.98229718895305,37.58547234879071],[126.98259033415457,37.58475708778623],[126.98276965206549,37.58461927480481],[126.98301192570548,37.58406560242877],[126.98287012774287,37.583868350329794],[126.9830360940406,37.58355706089642],[126.98327836768058,37.58300338852038],[126.98323958028664,37.58291070638265],[126.98385003902474,37.58097164284134],[126.98396513376098,37.58082194203641],[126.98396386631532,37.58039419481828],[126.9841552683938,37.580002111070684],[126.98406560943835,37.580071017561394],[126.98405225782514,37.57989754110944],[126.98360269560216,37.57981432634486],[126.98356390820821,37.57972164420713],[126.983448813472,37.57987134501206],[126.98328157972861,37.5797548872273],[126.98310226181768,37.579892700208724],[126.98302468702977,37.57970733593326],[126.98270357115621,37.5796478968157],[126.98239580689587,37.5797619341501],[126.9823570195019,37.579669252012366],[126.9820746910223,37.57970249503254],[126.98193416050533,37.5799329901517],[126.98176692676195,37.57981653236694],[126.98180571415591,37.579909214504674],[126.98171605520045,37.579978120995385],[126.98145916250161,37.57993056970134],[126.98142037510765,37.579837887563606],[126.98130528037143,37.57998758836854],[126.98120226980276,37.579883018407294],[126.98102295189183,37.580020831388715],[126.98089450554241,37.57999705574169],[126.98106173928578,37.58011351352645],[126.98088242137486,37.58025132650786],[126.98071518763147,37.580134868723114],[126.9805613055013,37.580191887390306],[126.98048373071339,37.58000652311485],[126.98034320019642,37.580237018233994],[126.98021602129263,37.580640989805104],[126.98012636233717,37.580709896295815],[126.98015306556357,37.58105684919972],[126.97955469099301,37.582741641974856],[126.97949173526395,37.58315750136947],[126.97933785313377,37.58321452003667],[126.97941542792168,37.583399884312136],[126.97927489740471,37.58363037943129],[126.97896713314435,37.58374441676568],[126.97882660262738,37.58397491188484],[126.97878781523343,37.583882229747104],[126.97869815627796,37.583951136237815],[126.97873694367192,37.58404381837555],[126.97846796680552,37.58425053784768],[126.97818563832593,37.58428378086786],[126.97819898993913,37.584457257319805],[126.97810933098366,37.584526163810516],[126.97823777733308,37.58454993945754],[126.97831535212099,37.584735303733005],[126.97817482160401,37.58496579885216],[126.97827783217268,37.585070368813405],[126.97809851426176,37.58520818179482],[126.9780597268678,37.585115499657086],[126.97774114588553,37.58591155497579],[126.97794716702288,37.58612069489828],[126.97810104915305,37.58606367623108],[126.978139836547,37.58615635836881],[126.97789629546136,37.58628228352672],[126.97826955034208,37.58660788123396],[126.97825746617451,37.58686215200014],[126.97809149987678,37.587173441433514],[126.97820659461301,37.58702374062858],[126.97824538200696,37.587116422766314],[126.97781297373413,37.588489926108075],[126.9776336558232,37.588627739089496],[126.97767244321716,37.58872042122722],[126.9775827842617,37.58878932771793],[126.97768579483036,37.58889389767918],[126.97749439275188,37.58928598142678],[126.97753318014583,37.58937866356451],[126.97735512968055,37.58994422376406],[126.97726547072509,37.59001313025477],[126.97725211911188,37.58983965380281],[126.97707280120095,37.589977466784234],[126.97703401380699,37.5898847846465],[126.97694435485153,37.58995369113721],[126.97711158859491,37.59007014892197],[126.97700984547188,37.59039332617885],[126.97683052756095,37.59053113916027],[126.976791740167,37.590438457022536],[126.97671543282473,37.5906808399652],[126.97644645595834,37.59088755943733],[126.97628175710625,37.59162659608883],[126.97656408558585,37.59159335306865],[126.97665374454132,37.59152444657795],[126.97712874254505,37.59152686702831],[126.97716626249336,37.59119180194791],[126.97734558040429,37.591053988966486],[126.97733222879108,37.59088051251454],[126.97757576987672,37.59075458735663]]]}},{"type":"Feature","id":"SCM_026","properties":{"category":"특성관리지구","source_type":"DERIVED_FROM_OFFICIAL_PLAN_MAP","source_title":"서울특별시 서울도심 기본계획 특성관리지구 공식도면 기반 복원","usage":"역세권활성화사업 운영기준 2-1-3 다목 1) 초기 배제검토","georef_rmse_m":37.1,"georef_max_control_error_m":51.5,"review_margin_m":60,"boundary_caveat":"공식 SHP가 아닌 공식계획도 이미지 지오리퍼런싱 복원자료. 경계부는 원도·담당부서 재확인."},"geometry":{"type":"Polygon","coordinates":[[[126.96695418742543,37.584769895062145],[126.96695545487108,37.58519764228028],[126.96666104222393,37.585485156066625],[126.9667640527926,37.58558972602787],[126.96652051170695,37.58571565118578],[126.9665084275394,37.58596992195196],[126.96641876858394,37.58603882844267],[126.96640541697073,37.58586535199071],[126.96609892015603,37.58640713654324],[126.96611227176923,37.58658061299519],[126.96595838963906,37.58663763166239],[126.96604931604017,37.58699647238981],[126.96622863395109,37.586858659408385],[126.9665243140439,37.586998892840164],[126.96667819617407,37.586941874172965],[126.96671698356802,37.5870345563107],[126.9665376656571,37.58717236929212],[126.96674368679443,37.58738150921461],[126.96650141315443,37.587935181590645],[126.96689883637025,37.587752237765535],[126.96691218798345,37.58792571421749],[126.96714364490154,37.58805405982576],[126.96700438183021,37.58871230216304],[126.96683841553248,37.589023591596415],[126.96665909762156,37.58916140457783],[126.96682633136493,37.589277862362586],[126.96749273144714,37.58888819906535],[126.96754360300865,37.58872661043691],[126.96787680304976,37.58853177878829],[126.96786345143656,37.58835830233634],[126.96801733356673,37.58830128366914],[126.96791432299807,37.588196713707895],[126.96824752303918,37.588001882059274],[126.96825960720673,37.5877476112931],[126.96842557350446,37.58743632185973],[126.9686691145901,37.58731039670182],[126.96861697558295,37.587044238112135],[126.9687066345384,37.586975331621424],[126.96867993131201,37.58662837871751],[126.96902648296631,37.58660702352085],[126.96908943869538,37.586191164126234],[126.96922996921235,37.58596066900708],[126.96938367027887,37.58584254359443],[126.96938258389689,37.585475903121754],[126.96966491237649,37.58544266010158],[126.96965156076328,37.58526918364962],[126.96988175023573,37.584969782039764],[126.97009732064932,37.58406915675982],[126.97021241538553,37.583919455954884],[126.97019906377233,37.58374597950293],[126.97031415850856,37.583596278697996],[126.96995425524105,37.58344415744271],[126.96973614993615,37.5834892882864],[126.9696973625422,37.58339660614867],[126.96945382145655,37.58352253130657],[126.96935081088789,37.58341796134533],[126.9694283856758,37.58360332562079],[126.96931329093958,37.583753026425725],[126.96901761084679,37.58361279299395],[126.96900425923359,37.583439316542],[126.96876071814795,37.5835652416999],[126.96841416649363,37.583586596896566],[126.96840081488044,37.58341312044461],[126.96825901691781,37.58321586834564],[126.96827110108536,37.58296159757946],[126.96811721895519,37.58301861624666],[126.9678991136503,37.58306374709035],[126.96747752209937,37.58375523244781],[126.9673236399692,37.583812251115006],[126.96709345049676,37.584111652724864],[126.96712015372316,37.584458605628775],[126.96695418742543,37.584769895062145]]]}},{"type":"Feature","id":"SCM_027","properties":{"category":"특성관리지구","source_type":"DERIVED_FROM_OFFICIAL_PLAN_MAP","source_title":"서울특별시 서울도심 기본계획 특성관리지구 공식도면 기반 복원","usage":"역세권활성화사업 운영기준 2-1-3 다목 1) 초기 배제검토","georef_rmse_m":37.1,"georef_max_control_error_m":51.5,"review_margin_m":60,"boundary_caveat":"공식 SHP가 아닌 공식계획도 이미지 지오리퍼런싱 복원자료. 경계부는 원도·담당부서 재확인."},"geometry":{"type":"Polygon","coordinates":[[[126.96568172123096,37.59291360650254],[126.96589982653585,37.592868475658854],[126.96610458022754,37.59264986836322],[126.96623302657696,37.59267364401024],[126.96634812131317,37.59252394320531],[126.96654079083731,37.59255960667584],[126.96668132135429,37.59232911155669],[126.96677098030975,37.592260205065976],[126.96687399087841,37.59236477502722],[126.96723262670028,37.592089149064385],[126.96751368773423,37.591628158826076],[126.96759126252213,37.59181352310154],[126.96768092147761,37.59174461661083],[126.96771970887156,37.591837298748565],[126.96773179303912,37.59158302798239],[126.96782145199458,37.59151412149168],[126.96783480360779,37.59168759794363],[126.96800076990552,37.59137630851026],[126.96814256786814,37.591573560609234],[126.96810378047418,37.5914808784715],[126.96861629842621,37.591148233841466],[126.96874474477563,37.59117200948849],[126.96883440373111,37.59110310299778],[126.96879561633715,37.591010420860044],[126.96957711115559,37.59047105675788],[126.96978059740162,37.58982470224411],[126.96995991531256,37.58968688926269],[126.96990777630539,37.589420730673],[126.97026641212726,37.58914510471016],[126.97030519952122,37.589237786847896],[126.97038150686348,37.58899540390523],[126.97056082477441,37.58885759092381],[126.97068927112383,37.58888136657083],[126.97088067320232,37.58848928282324],[126.97097033215778,37.58842037633253],[126.97107334272646,37.588524946293774],[126.97114965006871,37.58828256335111],[126.97130353219889,37.58822554468391],[126.97131561636644,37.58797127391774],[126.97140527532191,37.58790236742703],[126.97130226475325,37.58779779746578],[126.97157124161964,37.58759107799365],[126.97140400787626,37.587474620208894],[126.97159540995474,37.5870825364613],[126.97156870672835,37.58673558355739],[126.9716450140706,37.58649320061473],[126.97206660562154,37.585801715257276],[126.9721295613506,37.585385855862654],[126.97221922030606,37.58531694937194],[126.97212829390494,37.58495810864453],[126.97221795286042,37.58488920215382],[126.97197441177477,37.58501512731173],[126.97193562438082,37.584922445173994],[126.97216581385325,37.58462304356413],[126.97225420536307,37.58412638985529],[126.97240808749325,37.58406937118809],[126.97245895905476,37.58390778255965],[126.97186759886917,37.5836273156961],[126.97168828095823,37.58376512867751],[126.97149561143411,37.58372946520698],[126.97145682404015,37.58363678306925],[126.97149268762233,37.583609220472965],[126.97076372073153,37.583679493462576],[126.97084129551943,37.58386485773804],[126.97070076500246,37.5840953528572],[126.97045849136246,37.58464902523323],[126.97042097141416,37.58498409031363],[126.9703313124587,37.585052996804336],[126.97029252506474,37.58496031466661],[126.97034339662625,37.584798726038166],[126.96999937986324,37.58567557567109],[126.96990972090776,37.58574448216179],[126.96987220095946,37.58607954724219],[126.96969288304854,37.586217360223614],[126.96970623466173,37.58639083667557],[126.96956570414476,37.58662133179472],[126.96960449153872,37.58671401393245],[126.96924585571685,37.58698963989529],[126.96928464311081,37.58708232203303],[126.96888848734064,37.58769301307626],[126.96890183895384,37.58786648952821],[126.96854320313197,37.58814211549105],[126.96862077791988,37.58832747976652],[126.9684293758414,37.58871956351411],[126.96803195262558,37.58890250733922],[126.96807074001954,37.588995189476954],[126.96789142210861,37.589133002458375],[126.96781511476634,37.589375385401034],[126.96759700946146,37.58942051624472],[126.96754613789994,37.589582104873166],[126.96736681998902,37.58971991785459],[126.96695604516,37.58972938522774],[126.96675129146831,37.58994799252338],[126.96679007886227,37.59004067466111],[126.9667004199068,37.59010958115182],[126.96659740933814,37.59000501119058],[126.96626420929702,37.5901998428392],[126.96630299669098,37.59029252497693],[126.96621333773552,37.59036143146764],[126.96559654176917,37.590161758918306],[126.965442659639,37.590218777585505],[126.96545601125219,37.59039225403746],[126.96512281121109,37.590587085686074],[126.96535553557482,37.591143178512475],[126.96541975874953,37.591155066335986],[126.96538097135557,37.59106238419825],[126.9655602892665,37.59092457121683],[126.9655361209314,37.59143311274918],[126.96561369571931,37.591618477024646],[126.96534471885292,37.59182519649678],[126.96523089156234,37.59240264451984],[126.96497526630914,37.59278284044392],[126.96500196953555,37.59312979334783],[126.96509162849101,37.59306088685712],[126.96516920327892,37.593246251132584],[126.96528429801515,37.59309655032765],[126.96538730858381,37.593201120288896],[126.96547696753927,37.593132213798185],[126.96568172123096,37.59291360650254]]]}},{"type":"Feature","id":"SCM_028","properties":{"category":"특성관리지구","source_type":"DERIVED_FROM_OFFICIAL_PLAN_MAP","source_title":"서울특별시 서울도심 기본계획 특성관리지구 공식도면 기반 복원","usage":"역세권활성화사업 운영기준 2-1-3 다목 1) 초기 배제검토","georef_rmse_m":37.1,"georef_max_control_error_m":51.5,"review_margin_m":60,"boundary_caveat":"공식 SHP가 아닌 공식계획도 이미지 지오리퍼런싱 복원자료. 경계부는 원도·담당부서 재확인."},"geometry":{"type":"Polygon","coordinates":[[[126.99249381185552,37.54768659140427],[126.99242786237116,37.54771102797593],[126.99241750451326,37.54792897434694],[126.99253259924947,37.547779273542005],[126.99249381185552,37.54768659140427]]]}},{"type":"Feature","id":"SCM_029","properties":{"category":"특성관리지구","source_type":"DERIVED_FROM_OFFICIAL_PLAN_MAP","source_title":"서울특별시 서울도심 기본계획 특성관리지구 공식도면 기반 복원","usage":"역세권활성화사업 운영기준 2-1-3 다목 1) 초기 배제검토","georef_rmse_m":37.1,"georef_max_control_error_m":51.5,"review_margin_m":60,"boundary_caveat":"공식 SHP가 아닌 공식계획도 이미지 지오리퍼런싱 복원자료. 경계부는 원도·담당부서 재확인."},"geometry":{"type":"Polygon","coordinates":[[[126.9875091628521,37.5507825425855],[126.98753586607852,37.55112949548941],[126.98774188721585,37.5513386354119],[126.98766557987358,37.55158101835456],[126.98789703679167,37.55170936396283],[126.9877431546615,37.55176638263003],[126.98779529366865,37.55203254121972],[126.98792374001808,37.55205631686674],[126.98800131480598,37.5522416811422],[126.98791165585052,37.55231058763291],[126.98792500746372,37.552484064084865],[126.98820733594332,37.55245082106469],[126.98823403916973,37.5527977739686],[126.98852971926252,37.55293800740038],[126.9886836013927,37.55288098873318],[126.988721121341,37.55254592365278],[126.98881078029648,37.55247701716207],[126.98891379086514,37.55258158712331],[126.98914398033757,37.552282185513455],[126.98924699090624,37.55238675547469],[126.98949053199189,37.55226083031679],[126.98947718037869,37.552087353864835],[126.98965649828962,37.55194954088341],[126.98978494463904,37.551973316530436],[126.99000178249828,37.55150043846862],[126.9901811004092,37.5513626254872],[126.99034833415259,37.55147908327196],[126.99019445202241,37.551536101939156],[126.99066945002613,37.551538522389514],[126.99083668376952,37.55165498017427],[126.99085003538272,37.55182845662622],[126.99093969433818,37.551759550135515],[126.99117115125627,37.551887895743775],[126.99132503338645,37.551830877076576],[126.99156730702644,37.55127720470054],[126.99152851963248,37.55118452256281],[126.99168113431702,37.55069975667748],[126.99156603958079,37.550849457482414],[126.9916035595291,37.550514392402015],[126.99150054896043,37.55040982244077],[126.99182039738834,37.5500415143402],[126.99204931941513,37.54931436551221],[126.99188208567176,37.549197907727454],[126.99198382879477,37.54887473047057],[126.99213771092495,37.54881771180337],[126.99217649831891,37.54891039394111],[126.99226615727437,37.548841487450396],[126.99241703572686,37.54855849705642],[126.99239333617815,37.548437515879286],[126.99262352565059,37.54813811426943],[126.99241750451326,37.54792897434694],[126.9923278455578,37.54799788083765],[126.99216061181441,37.54788142305289],[126.99189163494802,37.548088142525025],[126.99175110443105,37.54831863764417],[126.99167352964314,37.54813327336871],[126.99136576538278,37.548247310703104],[126.99126275481412,37.54814274074186],[126.99130154220806,37.54823542287959],[126.99103256534167,37.548442142351725],[126.99068601368737,37.54846349754839],[126.99059635473189,37.5485324040391],[126.99063514212585,37.548625086176834],[126.99041703682097,37.54867021702052],[126.98994330626289,37.54909554378829],[126.98984029569422,37.548990973827046],[126.98962219038933,37.54903610467073],[126.98948165987235,37.54926659978989],[126.98913510821805,37.54928795498655],[126.98899457770108,37.5495184501057],[126.98837778173471,37.54931877755637],[126.98803123008041,37.54934013275303],[126.9879536552925,37.54915476847757],[126.98777433738157,37.549292581458985],[126.98769676259366,37.549107217183526],[126.98727263615143,37.548943208104724],[126.98731142354539,37.54903589024246],[126.98717089302842,37.549266385361605],[126.98699157511749,37.54940419834303],[126.98700492673069,37.54957767479498],[126.98685104460051,37.54963469346218],[126.98667172668958,37.5497725064436],[126.98662085512807,37.54993409507204],[126.98674930147749,37.54995787071906],[126.9867626530907,37.55013134717102],[126.98707168479669,37.55044505705475],[126.98728979010158,37.550399926211064],[126.98732857749553,37.5504926083488],[126.98721348275932,37.55064230915373],[126.9875091628521,37.5507825425855]]]}},{"type":"Feature","id":"SCM_030","properties":{"category":"특성관리지구","source_type":"DERIVED_FROM_OFFICIAL_PLAN_MAP","source_title":"서울특별시 서울도심 기본계획 특성관리지구 공식도면 기반 복원","usage":"역세권활성화사업 운영기준 2-1-3 다목 1) 초기 배제검토","georef_rmse_m":37.1,"georef_max_control_error_m":51.5,"review_margin_m":60,"boundary_caveat":"공식 SHP가 아닌 공식계획도 이미지 지오리퍼런싱 복원자료. 경계부는 원도·담당부서 재확인."},"geometry":{"type":"Polygon","coordinates":[[[126.99153485686072,37.55332325865345],[126.99176631377881,37.55345160426172],[126.99181845278596,37.553717762851406],[126.99151195597126,37.55425954740393],[126.99155074336522,37.554352229541664],[126.99139686123505,37.55440924820886],[126.99141021284824,37.55458272466082],[126.99116441933556,37.554948297664744],[126.99129638555767,37.55516017268388],[126.9912067266022,37.55522907917459],[126.99136060873238,37.55517206050739],[126.99139939612634,37.55526474264512],[126.99204162787345,37.555383620880235],[126.99205497948664,37.55555709733219],[126.99214463844211,37.55548819084148],[126.99246575431566,37.55554762995904],[126.99250454170962,37.55564031209676],[126.99241488275416,37.555709218587474],[126.9926584238398,37.55558329342957],[126.99285109336392,37.555618956900105],[126.99288988075789,37.55571163903783],[126.99273599862771,37.55576865770503],[126.99314677345673,37.55575919033188],[126.99345580516272,37.55607290021561],[126.9936096872929,37.55601588154841],[126.99392953572081,37.55564757344784],[126.99403254628947,37.55575214340909],[126.99418642841965,37.55569512474189],[126.99432822638228,37.55589237684086],[126.99454633168716,37.55584724599717],[126.99473773376565,37.55545516224958],[126.99455714840907,37.55516522801287],[126.99471103053925,37.55510820934567],[126.99459466835738,37.554830162932475],[126.99440199883324,37.55479449946194],[126.99443951878155,37.55445943438154],[126.99424684925742,37.55442377091101],[126.99419471025027,37.554157612321326],[126.99424558181177,37.55399602369288],[126.9944248997227,37.55385821071146],[126.99457751440724,37.553373444826136],[126.99447450383857,37.55326887486489],[126.99456416279403,37.55319996837418],[126.99451202378688,37.55293380978449],[126.99439692905065,37.553083510589424],[126.99429391848199,37.55297894062818],[126.99438357743746,37.55291003413747],[126.99442109738577,37.552574969057076],[126.99456162790274,37.55234447393792],[126.99454827628954,37.552170997485966],[126.99425259619674,37.552030764054194],[126.99420045718958,37.551764605464506],[126.99411079823412,37.551833511955216],[126.99389142548358,37.55145089558077],[126.99403195600055,37.551220400461624],[126.9939422970451,37.551289306952334],[126.99378714746926,37.5509185784014],[126.99350481898966,37.55095182142158],[126.99349146737647,37.55077834496962],[126.993401808421,37.55084725146033],[126.99324665884518,37.550476522909406],[126.99333631780064,37.550407616418696],[126.99329753040669,37.55031493428096],[126.99305398932104,37.55044085943887],[126.99288675557767,37.550324401654116],[126.99279709662221,37.55039330814483],[126.992783745009,37.55021983169287],[126.99246262913545,37.550160392575314],[126.99256563970411,37.55026496253656],[126.99211987981808,37.551464989426364],[126.99210779565053,37.55171926019254],[126.99199270091431,37.551868960997474],[126.99203148830827,37.5519616431352],[126.99185217039734,37.55209945611662],[126.99189095779128,37.552192138254355],[126.99172499149356,37.55250342768773],[126.99120038937397,37.553090343083944],[126.99134218733658,37.55328759518292],[126.99130339994264,37.55319491304519],[126.99154694102828,37.55306898788728],[126.99153485686072,37.55332325865345]]]}},{"type":"Feature","id":"SCM_031","properties":{"category":"특성관리지구","source_type":"DERIVED_FROM_OFFICIAL_PLAN_MAP","source_title":"서울특별시 서울도심 기본계획 특성관리지구 공식도면 기반 복원","usage":"역세권활성화사업 운영기준 2-1-3 다목 1) 초기 배제검토","georef_rmse_m":37.1,"georef_max_control_error_m":51.5,"review_margin_m":60,"boundary_caveat":"공식 SHP가 아닌 공식계획도 이미지 지오리퍼런싱 복원자료. 경계부는 원도·담당부서 재확인."},"geometry":{"type":"Polygon","coordinates":[[[126.98655848968792,37.554881697414125],[126.98651970229398,37.55478901527639],[126.98666023281095,37.55455852015724],[126.98676324337961,37.55466309011848],[126.9866856685917,37.554477725843014],[126.98677532754716,37.554408819352304],[126.98681284749547,37.55407375427191],[126.9869788137932,37.553762464838535],[126.98697754634756,37.55333471762041],[126.98715686425848,37.55319690463899],[126.98707928947057,37.55301154036352],[126.98716894842605,37.55294263387281],[126.98720773582,37.55303531601054],[126.9871943842068,37.552861839558595],[126.98701379885021,37.552571905321884],[126.98712889358644,37.55242220451695],[126.98703923463097,37.55249111100766],[126.98703796718533,37.552063363789536],[126.98694830822986,37.55213227028024],[126.98684529766119,37.552027700319],[126.9868522028998,37.55188240273833],[126.98674228709253,37.55192313035776],[126.98662592491065,37.55164508394456],[126.98671558386613,37.551576177453846],[126.98670223225292,37.55140270100189],[126.98652164689635,37.551112766765186],[126.9862647541975,37.55106521547114],[126.98618717940958,37.550879851195674],[126.98620053102279,37.55105332764763],[126.98597034155036,37.55135272925749],[126.9859315541564,37.55126004711976],[126.98565176056809,37.55214878457619],[126.9854470068764,37.55236739187183],[126.98534526375339,37.55269056912872],[126.98519138162321,37.55274758779591],[126.98523016901717,37.55284026993365],[126.98508963850018,37.5530707650528],[126.98512842589415,37.553163447190535],[126.98524352063036,37.5530137463856],[126.98532109541829,37.55319911066107],[126.9851296933398,37.55359119440866],[126.98524605552166,37.55386924082186],[126.98513096078544,37.55401894162679],[126.9852206197409,37.55395003513608],[126.98537576931673,37.55432076368701],[126.98561931040237,37.55419483852911],[126.98564601362878,37.55454179143301],[126.9858386831529,37.554577454903544],[126.98585203476611,37.5547509313555],[126.98600591689629,37.5546939126883],[126.98604470429024,37.554786594826034],[126.9863658201638,37.55484603394359],[126.98640460755774,37.554938716081324],[126.98631494860228,37.55500762257203],[126.98650761812641,37.55504328604256],[126.98658519291433,37.55522865031803],[126.98706019091806,37.555231070768386],[126.98729164783614,37.55535941637665],[126.9873813067916,37.55529050988594],[126.98739465840481,37.5554639863379],[126.98724077627463,37.5555210050051],[126.98765155110365,37.55551153763194],[126.98752310475423,37.55548776198492],[126.98748431736028,37.55539507984719],[126.98757397631574,37.55532617335648],[126.98720072143503,37.55500057564924],[126.9866481486434,37.554812790923414],[126.98655848968792,37.554881697414125]]]}},{"type":"Feature","id":"SCM_032","properties":{"category":"특성관리지구","source_type":"DERIVED_FROM_OFFICIAL_PLAN_MAP","source_title":"서울특별시 서울도심 기본계획 특성관리지구 공식도면 기반 복원","usage":"역세권활성화사업 운영기준 2-1-3 다목 1) 초기 배제검토","georef_rmse_m":37.1,"georef_max_control_error_m":51.5,"review_margin_m":60,"boundary_caveat":"공식 SHP가 아닌 공식계획도 이미지 지오리퍼런싱 복원자료. 경계부는 원도·담당부서 재확인."},"geometry":{"type":"Polygon","coordinates":[[[126.98783086901459,37.55537372465052],[126.98774121005913,37.55544263114123],[126.98765155110365,37.55551153763194],[126.98766490271686,37.5556850140839],[126.98783086901459,37.55537372465052]]]}},{"type":"Feature","id":"SCM_033","properties":{"category":"특성관리지구","source_type":"DERIVED_FROM_OFFICIAL_PLAN_MAP","source_title":"서울특별시 서울도심 기본계획 특성관리지구 공식도면 기반 복원","usage":"역세권활성화사업 운영기준 2-1-3 다목 1) 초기 배제검토","georef_rmse_m":37.1,"georef_max_control_error_m":51.5,"review_margin_m":60,"boundary_caveat":"공식 SHP가 아닌 공식계획도 이미지 지오리퍼런싱 복원자료. 경계부는 원도·담당부서 재확인."},"geometry":{"type":"Polygon","coordinates":[[[126.98460187917217,37.55742661109795],[126.98443591287445,37.55773790053133],[126.98451348766235,37.55792326480679],[126.9844238287069,37.5579921712975],[126.98465528562498,37.55812051690577],[126.9844638835465,37.55851260065336],[126.98469534046458,37.558640946261626],[126.98500310472494,37.558526908927234],[126.9850418921189,37.55861959106496],[126.9853884437732,37.558598235868295],[126.98561990069129,37.55872658147656],[126.98560654907808,37.558553105024615],[126.98569620803356,37.558484198533904],[126.98582338693733,37.558080226962794],[126.98578459954338,37.55798754482506],[126.9859639174543,37.557849731843646],[126.98588634266639,37.55766436756818],[126.98606566057732,37.55752655458676],[126.98602687318336,37.557433872449025],[126.98611653213884,37.557364965958314],[126.98624497848826,37.55738874160534],[126.98634672161127,37.557065564348456],[126.9862437110426,37.55696099438721],[126.98653685624411,37.55624573338273],[126.9864592814562,37.556060369107264],[126.98666403514788,37.55584176181162],[126.98597093183928,37.55588447220495],[126.98600845178758,37.55554940712456],[126.98552010217065,37.555373510222246],[126.98543044321518,37.55544241671296],[126.98535286842727,37.55525705243749],[126.98550675055745,37.55520003377029],[126.9851722830707,37.55496711820078],[126.98508262411522,37.55503602469149],[126.98490203875865,37.554746090454785],[126.98472272084771,37.5548839034362],[126.98471063668016,37.555138174202376],[126.9846209777247,37.55520708069309],[126.9845834577764,37.55554214577349],[126.98475069151976,37.555658603558236],[126.98461142844845,37.556316845895516],[126.9846502158424,37.55640952803325],[126.98450968532542,37.556640023152404],[126.98461269589409,37.55674459311365],[126.98461396333974,37.557172340331775],[126.98451325544553,37.55730332853609],[126.98460187917217,37.55742661109795]]]}},{"type":"Feature","id":"SCM_034","properties":{"category":"특성관리지구","source_type":"DERIVED_FROM_OFFICIAL_PLAN_MAP","source_title":"서울특별시 서울도심 기본계획 특성관리지구 공식도면 기반 복원","usage":"역세권활성화사업 운영기준 2-1-3 다목 1) 초기 배제검토","georef_rmse_m":37.1,"georef_max_control_error_m":51.5,"review_margin_m":60,"boundary_caveat":"공식 SHP가 아닌 공식계획도 이미지 지오리퍼런싱 복원자료. 경계부는 원도·담당부서 재확인."},"geometry":{"type":"Polygon","coordinates":[[[126.98705571142439,37.55805182484333],[126.98711866715345,37.55763596544872],[126.98720832610891,37.55756705895801],[126.98724711350287,37.55765974109574],[126.98746521880776,37.55761461025205],[126.98751609036927,37.55745302162361],[126.98766997249945,37.55739600295641],[126.98772084406096,37.55723441432797],[126.9879001619719,37.55709660134655],[126.98786137457793,37.55700391920882],[126.98801525670811,37.55694690054162],[126.98779715140321,37.556992031385306],[126.98777044817682,37.556645078481395],[126.98766743760815,37.55654050852016],[126.98757777865269,37.55660941501086],[126.98752563964553,37.55634325642118],[126.98728209855989,37.55646918157909],[126.98707607742256,37.5562600416566],[126.98706272580935,37.556086565204645],[126.98684462050447,37.55613169604833],[126.98671744160069,37.556535667619436],[126.9868325363369,37.55638596681451],[126.98693554690558,37.556490536775755],[126.9867950163886,37.5567210318949],[126.98666657003918,37.55669725624788],[126.98671870904634,37.55696341483757],[126.9865018711871,37.55743629289938],[126.9865152228003,37.55760976935134],[126.98636134067013,37.55766678801854],[126.98614450281089,37.55813966608035],[126.98605484385541,37.55820857257106],[126.98601605646147,37.55811589043333],[126.98591431333844,37.558439067690216],[126.98594101656485,37.55878602059412],[126.98613368608898,37.558821684064654],[126.98642809873613,37.55853417027831],[126.98646688613009,37.55862685241604],[126.98672251138328,37.55824665649195],[126.98670915977009,37.55807318004],[126.98701692403043,37.557959142705606],[126.98705571142439,37.55805182484333]]]}},{"type":"Feature","id":"SCM_035","properties":{"category":"특성관리지구","source_type":"DERIVED_FROM_OFFICIAL_PLAN_MAP","source_title":"서울특별시 서울도심 기본계획 특성관리지구 공식도면 기반 복원","usage":"역세권활성화사업 운영기준 2-1-3 다목 1) 초기 배제검토","georef_rmse_m":37.1,"georef_max_control_error_m":51.5,"review_margin_m":60,"boundary_caveat":"공식 SHP가 아닌 공식계획도 이미지 지오리퍼런싱 복원자료. 경계부는 원도·담당부서 재확인."},"geometry":{"type":"Polygon","coordinates":[[[126.99420358236979,37.55715184284823],[126.99392125389019,37.557185085868404],[126.99365100957816,37.556964058122404],[126.99307300100575,37.5568570677108],[126.9930342136118,37.55676438557307],[126.99294455465633,37.55683329206378],[126.99255921560807,37.55676196512271],[126.99254586399488,37.556588488670755],[126.99232775868998,37.55663361951444],[126.99216052494661,37.55651716172969],[126.99207086599114,37.5565860682204],[126.99205751437795,37.55641259176844],[126.99199329120323,37.55640070394493],[126.99203207859719,37.556493386082664],[126.99194241964172,37.556562292573375],[126.9918139732923,37.55653851692635],[126.99160795215496,37.55632937700386],[126.99169761111042,37.55626047051316],[126.99135105945612,37.55628182570982],[126.9912092614935,37.556084573610846],[126.99067004031507,37.55607026533698],[126.9906312529211,37.555977583199244],[126.99054159396565,37.556046489689955],[126.99039979600302,37.55584923759098],[126.98986057482458,37.55583492931711],[126.98982178743061,37.555742247179374],[126.98997566956079,37.555685228512175],[126.98971877686195,37.55563767721813],[126.98975756425591,37.55573035935586],[126.98948858738952,37.555937078827995],[126.98952737478346,37.55602976096573],[126.98934805687253,37.55616757394714],[126.98924504630386,37.5560630039859],[126.9891553873484,37.55613191047661],[126.98919417474237,37.55622459261434],[126.98896398526992,37.55652399422421],[126.98892519787596,37.556431312086474],[126.98888767792765,37.556766377166866],[126.98873379579747,37.556823395834066],[126.98865748845522,37.55706577877673],[126.98874714741068,37.55699687228602],[126.98878593480464,37.557089554423754],[126.98867084006841,37.55723925522869],[126.98868419168161,37.55741273168064],[126.98877385063709,37.55734382518993],[126.98881263803104,37.557436507327665],[126.98869754329482,37.55758620813259],[126.9888647770382,37.55770266591735],[126.98885269287064,37.557956936683524],[126.98876303391518,37.558025843174235],[126.98884060870309,37.558211207449695],[126.98867464240536,37.55852249688307],[126.98876430136082,37.55845359039236],[126.98891945093665,37.558824318943294],[126.98874013302571,37.55896213192471],[126.98889401515589,37.55890511325752],[126.98893280254985,37.55899779539524],[126.98884314359438,37.55906670188595],[126.98899702572456,37.559009683218754],[126.98903581311852,37.55910236535649],[126.98894615416305,37.5591712718472],[126.98993493756447,37.55926879488565],[126.98994828917766,37.5594422713376],[126.99044872296216,37.55936389747374],[126.9907323188874,37.559758401671694],[126.9910788705417,37.55973704647503],[126.99111765793566,37.55982972861276],[126.9910279989802,37.559898635103465],[126.99124610428508,37.559853504259785],[126.99152970021032,37.560248008457734],[126.9916193591658,37.56017910196702],[126.99163271077899,37.56035257841898],[126.99178659290916,37.56029555975178],[126.99182538030313,37.56038824188951],[126.99173572134767,37.56045714838022],[126.99188960347783,37.560400129713024],[126.99192839087179,37.56049281185076],[126.99181329613558,37.56064251265569],[126.99190295509104,37.56057360616498],[126.9920193172729,37.56085165257817],[126.99219863518384,37.56071383959676],[126.99218655101629,37.56096811036293],[126.99240465632117,37.56092297951924],[126.9925706226189,37.56061169008587],[126.99253183522494,37.56051900794814],[126.99277537631059,37.56039308279023],[126.99285168365284,37.56015069984756],[126.99300556578302,37.56009368118036],[126.99299221416983,37.559920204728414],[126.99344050894715,37.55957567227486],[126.99363191102563,37.55918358852727],[126.99361855941244,37.55901011207531],[126.9937082183679,37.5589412055846],[126.99381122893656,37.55904577554585],[126.99390088789204,37.55897686905514],[126.99386210049808,37.5588841869174],[126.99404141840901,37.55874637393598],[126.99415524569959,37.55816892591292],[126.99430912782975,37.558111907245724],[126.9942703404358,37.55801922510799],[126.99447382668184,37.55737287059422],[126.9945634856373,37.55730396410351],[126.994216933983,37.557325319300176],[126.99420358236979,37.55715184284823]]]}},{"type":"Feature","id":"SCM_036","properties":{"category":"특성관리지구","source_type":"DERIVED_FROM_OFFICIAL_PLAN_MAP","source_title":"서울특별시 서울도심 기본계획 특성관리지구 공식도면 기반 복원","usage":"역세권활성화사업 운영기준 2-1-3 다목 1) 초기 배제검토","georef_rmse_m":37.1,"georef_max_control_error_m":51.5,"review_margin_m":60,"boundary_caveat":"공식 SHP가 아닌 공식계획도 이미지 지오리퍼런싱 복원자료. 경계부는 원도·담당부서 재확인."},"geometry":{"type":"Polygon","coordinates":[[[126.98530385460033,37.56037813123152],[126.98525298303882,37.56053971985997],[126.98535599360748,37.56064428982121],[126.98535798530779,37.561316464021125],[126.98543483584105,37.561257401314805],[126.98578138749535,37.56123604611814],[126.98585896228326,37.561421410393606],[126.98580809072176,37.56158299902204],[126.986333960287,37.561423830843964],[126.98637274768095,37.5615165129817],[126.98652662981112,37.5614594943145],[126.98709255421598,37.56182075549227],[126.98674600256166,37.561842110688936],[126.98738823430877,37.56196098892405],[126.9873494469148,37.561868306786316],[126.98752876482574,37.5617304938049],[126.98765721117516,37.56175426945192],[126.98775895429819,37.561431092195036],[126.98766929534271,37.56149999868575],[126.98763050794877,37.561407316548014],[126.98728395629445,37.56142867174468],[126.98698827620166,37.5612884383129],[126.9868986172462,37.56135734480361],[126.98685982985224,37.56126466266588],[126.98677017089678,37.56133356915659],[126.9866671603281,37.56122899919534],[126.9863206086738,37.56125035439201],[126.98628182127983,37.561157672254275],[126.98619216232437,37.561226578744986],[126.98615337493041,37.56113389660725],[126.98640900018361,37.56075370068317],[126.98630598961495,37.56064913072193],[126.98648530752588,37.560511317740506],[126.98667797705001,37.56054698121104],[126.98688399818734,37.56075612113353],[126.98710210349223,37.56071099028984],[126.98711545510542,37.5608844667418],[126.9872693372356,37.5608274480746],[126.98723054984166,37.560734765936864],[126.98732020879712,37.56066585944615],[126.98703788031752,37.56069910246633],[126.9868827307417,37.5603283739154],[126.98703661287188,37.5602713552482],[126.98708748443337,37.56010976661976],[126.98726680234431,37.55997195363834],[126.98753704665636,37.56019298138434],[126.98769092878653,37.56013596271714],[126.98758791821787,37.560031392755896],[126.98767757717333,37.559962486265185],[126.98787024669747,37.55999814973572],[126.98788359831066,37.560171626187675],[126.98799869304689,37.56002192538274],[126.98792111825897,37.559836561107275],[126.9880362129952,37.55968686030234],[126.98786897925181,37.559570402517586],[126.98771509712164,37.559627421184786],[126.98767630972769,37.55953473904706],[126.98736854546733,37.55964877638145],[126.98726553489867,37.559544206420206],[126.98706078120698,37.55976281371585],[126.98693233485756,37.55973903806883],[126.9868935474636,37.55964635593109],[126.98658578320325,37.55976039326549],[126.98648277263459,37.55965582330425],[126.98655907997684,37.55941344036159],[126.98636641045272,37.559377776891054],[126.98622587993574,37.5596082720102],[126.98618709254178,37.55951558987247],[126.98591811567539,37.5597223093446],[126.98577758515842,37.559952804463755],[126.98555947985352,37.55999793530744],[126.98541894933655,37.56022843042659],[126.98543230094975,37.560401906878546],[126.98534264199428,37.56047081336926],[126.98530385460033,37.56037813123152]]]}},{"type":"Feature","id":"SCM_037","properties":{"category":"특성관리지구","source_type":"DERIVED_FROM_OFFICIAL_PLAN_MAP","source_title":"서울특별시 서울도심 기본계획 특성관리지구 공식도면 기반 복원","usage":"역세권활성화사업 운영기준 2-1-3 다목 1) 초기 배제검토","georef_rmse_m":37.1,"georef_max_control_error_m":51.5,"review_margin_m":60,"boundary_caveat":"공식 SHP가 아닌 공식계획도 이미지 지오리퍼런싱 복원자료. 경계부는 원도·담당부서 재확인."},"geometry":{"type":"Polygon","coordinates":[[[126.98742321936578,37.5607704294074],[126.98759045310916,37.560886887192154],[126.98761588888992,37.56080609287793],[126.98742321936578,37.5607704294074]]]}},{"type":"Feature","id":"SCM_038","properties":{"category":"특성관리지구","source_type":"DERIVED_FROM_OFFICIAL_PLAN_MAP","source_title":"서울특별시 서울도심 기본계획 특성관리지구 공식도면 기반 복원","usage":"역세권활성화사업 운영기준 2-1-3 다목 1) 초기 배제검토","georef_rmse_m":37.1,"georef_max_control_error_m":51.5,"review_margin_m":60,"boundary_caveat":"공식 SHP가 아닌 공식계획도 이미지 지오리퍼런싱 복원자료. 경계부는 원도·담당부서 재확인."},"geometry":{"type":"Polygon","coordinates":[[[126.98870388052306,37.559724944223234],[126.98852456261213,37.559862757204655],[126.988640924794,37.560140803617855],[126.98859005323249,37.5603023922463],[126.98869306380115,37.56040696220754],[126.98851374589022,37.56054477518896],[126.98836113120569,37.56102954107429],[126.9884520576068,37.561388381801706],[126.9884011860453,37.56154997043015],[126.98858177140187,37.561839904666854],[126.98849211244641,37.561908811157565],[126.98859512301507,37.56201338111881],[126.98868478197053,37.5619444746281],[126.9888011441524,37.5622225210413],[126.98950759907422,37.562353287099924],[126.98954638646818,37.56244596923766],[126.98963604542364,37.56237706274695],[126.99008560764662,37.562460277511526],[126.9903170645647,37.562588623119794],[126.99043215930092,37.56243892231486],[126.9905218182564,37.56237001582415],[126.99069986872168,37.5618044556246],[126.99066108132772,37.56171177348687],[126.9908016118447,37.561481278367715],[126.9910705887111,37.56127455889559],[126.991148163499,37.56145992317105],[126.99123782245447,37.56139101668034],[126.99153096765598,37.56067575567586],[126.9914413087005,37.56074466216657],[126.99126072334393,37.560454727929866],[126.99114562860771,37.5606044287348],[126.99095295908357,37.560568765264264],[126.99091417168962,37.56047608312653],[126.99115771277526,37.56035015796862],[126.99092625585718,37.56022181236035],[126.99083659690172,37.560290718851064],[126.99075902211379,37.5601053545756],[126.9904766936342,37.560138597595774],[126.990463342021,37.55996512114382],[126.99011679036668,37.559986476340484],[126.99007800297274,37.55989379420275],[126.98998834401726,37.55996270069346],[126.98964179236296,37.559984055890126],[126.98946120700639,37.55969412165342],[126.98869052890986,37.559551467771286],[126.9886517415159,37.55945878563355],[126.98870388052306,37.559724944223234]]]}},{"type":"Feature","id":"SCM_039","properties":{"category":"특성관리지구","source_type":"DERIVED_FROM_OFFICIAL_PLAN_MAP","source_title":"서울특별시 서울도심 기본계획 특성관리지구 공식도면 기반 복원","usage":"역세권활성화사업 운영기준 2-1-3 다목 1) 초기 배제검토","georef_rmse_m":37.1,"georef_max_control_error_m":51.5,"review_margin_m":60,"boundary_caveat":"공식 SHP가 아닌 공식계획도 이미지 지오리퍼런싱 복원자료. 경계부는 원도·담당부서 재확인."},"geometry":{"type":"Polygon","coordinates":[[[126.98876548193866,37.56751707628729],[126.98908279547527,37.56629327375046],[126.9889289133451,37.56635029241765],[126.9889155617319,37.566176815965704],[126.9883642563859,37.566416778458006],[126.98813279946782,37.56628843284974],[126.98801770473159,37.56643813365467],[126.98737547298448,37.56631925541956],[126.98713193189884,37.56644518057747],[126.9870931445049,37.566352498439734],[126.98700348554942,37.566421404930445],[126.98708106033733,37.56660676920591],[126.9868508708649,37.56690617081577],[126.98695388143356,37.567010740777015],[126.98710776356374,37.566953722109815],[126.98707024361543,37.567288787190215],[126.98718533835165,37.56713908638528],[126.9871732541841,37.56739335715146],[126.98858616402774,37.56765488926871],[126.98876548193866,37.56751707628729]]]}},{"type":"Feature","id":"SCM_040","properties":{"category":"특성관리지구","source_type":"DERIVED_FROM_OFFICIAL_PLAN_MAP","source_title":"서울특별시 서울도심 기본계획 특성관리지구 공식도면 기반 복원","usage":"역세권활성화사업 운영기준 2-1-3 다목 1) 초기 배제검토","georef_rmse_m":37.1,"georef_max_control_error_m":51.5,"review_margin_m":60,"boundary_caveat":"공식 SHP가 아닌 공식계획도 이미지 지오리퍼런싱 복원자료. 경계부는 원도·담당부서 재확인."},"geometry":{"type":"Polygon","coordinates":[[[126.99021717917626,37.56787129054227],[126.99029348651852,37.567628907599605],[126.99012625277514,37.56751244981485],[126.99020256011741,37.56727006687218],[126.99029221907287,37.56720116038147],[126.99033100646683,37.567293842519206],[126.9904314821442,37.56654291804419],[126.99058536427438,37.56648589937699],[126.99063623583588,37.566324310748556],[126.99049443787327,37.56612705864958],[126.990109098825,37.56605573170851],[126.98973711138994,37.5661578812194],[126.98968623982843,37.56631946984784],[126.98953235769825,37.56637648851503],[126.98953839978202,37.56624935313195],[126.98940391134883,37.56635271286801],[126.98909868197977,37.56732224463867],[126.98917625676768,37.567507608914134],[126.98906116203146,37.56765730971907],[126.98909994942542,37.5677499918568],[126.9901275202208,37.567940197032975],[126.99021717917626,37.56787129054227]]]}},{"type":"Feature","id":"SCM_041","properties":{"category":"특성관리지구","source_type":"DERIVED_FROM_OFFICIAL_PLAN_MAP","source_title":"서울특별시 서울도심 기본계획 특성관리지구 공식도면 기반 복원","usage":"역세권활성화사업 운영기준 2-1-3 다목 1) 초기 배제검토","georef_rmse_m":37.1,"georef_max_control_error_m":51.5,"review_margin_m":60,"boundary_caveat":"공식 SHP가 아닌 공식계획도 이미지 지오리퍼런싱 복원자료. 경계부는 원도·담당부서 재확인."},"geometry":{"type":"Polygon","coordinates":[[[126.99180746232845,37.571671258189305],[126.9918462497224,37.57176394032703],[126.99193590867787,37.57169503383633],[126.99197469607182,37.571787715974054],[126.99208979080805,37.57163801516913],[126.9923466835069,37.571685566463174],[126.9924484266299,37.571362389206286],[126.99260230876008,37.571305370539086],[126.99252473397217,37.57112000626362],[126.99276827505781,37.57099408110572],[126.99299846453026,37.57069467949585],[126.99306142025932,37.57027882010124],[126.99338126868723,37.56991051200066],[126.9933036938993,37.569725147725194],[126.99298257802576,37.56966570860764],[126.9929437906318,37.56957302646991],[126.99249422840883,37.56948981170533],[126.99215976092208,37.56925689613582],[126.99177442187381,37.56918556919475],[126.9914037018844,37.569715465923764],[126.99139161771684,37.56996973668994],[126.99130195876137,37.57003864318065],[126.99134074615533,37.570131325318386],[126.99121356725155,37.57053529688949],[126.99100881355987,37.57075390418513],[126.99088036721045,37.57073012853811],[126.9909191546044,37.57082281067584],[126.99073983669348,37.57096062365726],[126.99057387039575,37.571271913090634],[126.9906126577897,37.57136459522837],[126.99099799683796,37.571435922169435],[126.99103678423192,37.57152860430717],[126.99094712527645,37.57159751079788],[126.99171780337298,37.57174016468001],[126.99180746232845,37.571671258189305]]]}},{"type":"Feature","id":"SCM_042","properties":{"category":"특성관리지구","source_type":"DERIVED_FROM_OFFICIAL_PLAN_MAP","source_title":"서울특별시 서울도심 기본계획 특성관리지구 공식도면 기반 복원","usage":"역세권활성화사업 운영기준 2-1-3 다목 1) 초기 배제검토","georef_rmse_m":37.1,"georef_max_control_error_m":51.5,"review_margin_m":60,"boundary_caveat":"공식 SHP가 아닌 공식계획도 이미지 지오리퍼런싱 복원자료. 경계부는 원도·담당부서 재확인."},"geometry":{"type":"Polygon","coordinates":[[[126.99424667552181,37.571695248264604],[126.99438593859314,37.57103700592732],[126.9944755975486,37.57096809943661],[126.99478082691766,37.569998567665955],[126.99394592564641,37.56984402596031],[126.99390713825247,37.569751343822574],[126.99379204351624,37.56990104462751],[126.99380539512944,37.57007452107946],[126.99354976987625,37.57045471700354],[126.99362734466416,37.57064008127901],[126.9935376857087,37.57070898776972],[126.99343467514002,37.570604417808475],[126.99338380357852,37.57076600643692],[126.99320448566759,37.57090381941834],[126.99316696571928,37.57123888449873],[126.99302643520231,37.57146937961789],[126.99287255307213,37.57152639828509],[126.99289925629853,37.57187335118899],[126.99280959734307,37.5719422576797],[126.99315614899737,37.571920902483036],[126.99338760591546,37.572049248091304],[126.99404192183012,37.57191385556025],[126.99400313443617,37.571821173422514],[126.99420788812785,37.57160256612687],[126.99424667552181,37.571695248264604]]]}},{"type":"Feature","id":"SCM_043","properties":{"category":"특성관리지구","source_type":"DERIVED_FROM_OFFICIAL_PLAN_MAP","source_title":"서울특별시 서울도심 기본계획 특성관리지구 공식도면 기반 복원","usage":"역세권활성화사업 운영기준 2-1-3 다목 1) 초기 배제검토","georef_rmse_m":37.1,"georef_max_control_error_m":51.5,"review_margin_m":60,"boundary_caveat":"공식 SHP가 아닌 공식계획도 이미지 지오리퍼런싱 복원자료. 경계부는 원도·담당부서 재확인."},"geometry":{"type":"Polygon","coordinates":[[[126.99050837977539,37.570832278049],[126.99049502816219,37.57065880159704],[126.99031571025125,37.57079661457846],[126.99003338177165,37.57082985759863],[126.98991828703544,37.570979558403565],[126.98987949964148,37.57088687626583],[126.9897389691245,37.571117371384986],[126.98981654391241,37.57130273566045],[126.99009887239201,37.571269492640276],[126.99006008499806,37.57117681050254],[126.99021396712823,37.57111979183534],[126.99011095655956,37.5710152218741],[126.99039328503916,37.57098197885392],[126.99050837977539,37.570832278049]]]}},{"type":"Feature","id":"SCM_044","properties":{"category":"특성관리지구","source_type":"DERIVED_FROM_OFFICIAL_PLAN_MAP","source_title":"서울특별시 서울도심 기본계획 특성관리지구 공식도면 기반 복원","usage":"역세권활성화사업 운영기준 2-1-3 다목 1) 초기 배제검토","georef_rmse_m":37.1,"georef_max_control_error_m":51.5,"review_margin_m":60,"boundary_caveat":"공식 SHP가 아닌 공식계획도 이미지 지오리퍼런싱 복원자료. 경계부는 원도·담당부서 재확인."},"geometry":{"type":"Polygon","coordinates":[[[126.9847409685079,37.57403984611426],[126.98485606324411,37.573890145309335],[126.98489485063807,37.57398282744706],[126.98494572219958,37.573821238818624],[126.98550911171313,37.57332700556014],[126.9856629938433,37.573269986892946],[126.98555998327464,37.5731654169317],[126.9856496422301,37.57309651044099],[126.98584231175424,37.573132173911524],[126.98598284227121,37.57290167879237],[126.98626517075081,37.57286843577219],[126.98622638335685,37.57277575363446],[126.986520796004,37.57248823984811],[126.98664924235342,37.572512015495136],[126.98676433708964,37.5723623146902],[126.98694365500057,37.57222450170878],[126.98713632452471,37.572260165179316],[126.98727685504169,37.57202967006016],[126.9874053013911,37.57205344570718],[126.98762213925035,37.57158056764537],[126.98753248029487,37.57164947413608],[126.98745490550697,37.571464109860614],[126.9873652465515,37.571533016351324],[126.98721009697567,37.5711622878004],[126.98712043802021,37.57123119429111],[126.98688898110213,37.57110284868284],[126.98673509897195,37.57115986735004],[126.98677261892026,37.57082480226964],[126.9864381514335,37.57059188670013],[126.98609159977919,37.570613241896794],[126.98588557864186,37.570404101974304],[126.98582262291279,37.570819961368926],[126.98573296395733,37.57088886785964],[126.9857717513513,37.57098154999737],[126.98565665661506,37.571131250802296],[126.98569544400902,37.57122393294003],[126.98560578505355,37.57129283943074],[126.98564457244751,37.57138552156847],[126.98546525453658,37.571523334549894],[126.9853647788592,37.57227425902491],[126.98521256568068,37.5723529622486],[126.98523759995544,37.57267823059601],[126.98512250521921,37.572827931400944],[126.98516129261317,37.57292061353868],[126.98489231574678,37.57312733301081],[126.9847784884562,37.57370478103387],[126.98488149902487,37.57380935099511],[126.9847409685079,37.57403984611426]]]}},{"type":"Feature","id":"SCM_045","properties":{"category":"특성관리지구","source_type":"DERIVED_FROM_OFFICIAL_PLAN_MAP","source_title":"서울특별시 서울도심 기본계획 특성관리지구 공식도면 기반 복원","usage":"역세권활성화사업 운영기준 2-1-3 다목 1) 초기 배제검토","georef_rmse_m":37.1,"georef_max_control_error_m":51.5,"review_margin_m":60,"boundary_caveat":"공식 SHP가 아닌 공식계획도 이미지 지오리퍼런싱 복원자료. 경계부는 원도·담당부서 재확인."},"geometry":{"type":"Polygon","coordinates":[[[126.99019613602137,37.573767069458334],[126.99031123075758,37.57361736865341],[126.990439677107,37.57364114430043],[126.99051725189491,37.57382650857589],[126.99086380354923,37.57380515337923],[126.99115948364202,37.573945386811005],[126.99099224989865,37.573828929026256],[126.99123452353864,37.57327525665021],[126.99147806462429,37.57314933149231],[126.99155437196654,37.572906948549644],[126.99146471301108,37.572975855040355],[126.99142592561712,37.57288317290262],[126.9915531045209,37.57247920133151],[126.99164276347636,37.57241029484081],[126.99168155087033,37.572502976978534],[126.99160524352806,37.5727453599212],[126.99169490248352,37.57267645343049],[126.99170698665108,37.57242218266432],[126.99186086878125,37.57236516399712],[126.99187422039445,37.57253864044907],[126.99198931513067,37.57238893964414],[126.99187295294881,37.57211089323094],[126.99026737358103,37.57181369764316],[126.98993417353994,37.57200852929178],[126.9898190788037,37.57215823009671],[126.98951131454336,37.5722722674311],[126.98955010193731,37.572364949568836],[126.98928112507092,37.57257166904097],[126.98929447668412,37.572745145492924],[126.98920481772865,37.572814051983634],[126.98941083886598,37.57302319190612],[126.98952593360221,37.57287349110119],[126.9895392852154,37.57304696755314],[126.98979617791424,37.573094518847185],[126.98982288114065,37.573441471751096],[126.99018278440816,37.573593593006386],[126.99019613602137,37.573767069458334]]]}},{"type":"Feature","id":"SCM_046","properties":{"category":"특성관리지구","source_type":"DERIVED_FROM_OFFICIAL_PLAN_MAP","source_title":"서울특별시 서울도심 기본계획 특성관리지구 공식도면 기반 복원","usage":"역세권활성화사업 운영기준 2-1-3 다목 1) 초기 배제검토","georef_rmse_m":37.1,"georef_max_control_error_m":51.5,"review_margin_m":60,"boundary_caveat":"공식 SHP가 아닌 공식계획도 이미지 지오리퍼런싱 복원자료. 경계부는 원도·담당부서 재확인."},"geometry":{"type":"Polygon","coordinates":[[[126.98713057758539,37.574653172036136],[126.98728445971557,37.57459615336894],[126.98729654388312,37.57434188260276],[126.9874879459616,37.57394979885517],[126.98784658178347,37.573674172892325],[126.9877435712148,37.57356960293108],[126.98798589851742,37.573427907186634],[126.98796040907403,37.573096724869266],[126.98811429120421,37.57303970620207],[126.98815307859817,37.5731323883398],[126.98833239650911,37.57299457535838],[126.9883190448959,37.57282109890643],[126.98856258598154,37.57269517374852],[126.98835656484421,37.57248603382603],[126.98826690588875,37.57255494031674],[126.98813719209367,37.572103417451586],[126.98779064043937,37.57212477264825],[126.98749622779222,37.572412286434606],[126.9873677814428,37.57238851078758],[126.98731690988129,37.57255009941603],[126.98668929719302,37.573032444850995],[126.98665050979908,37.57293976271326],[126.98640696871342,37.57306568787117],[126.98648454350135,37.57325105214664],[126.98639488454587,37.57331995863735],[126.98616342762779,37.57319161302908],[126.98602289711081,37.57342210814823],[126.98606168450478,37.57351479028596],[126.98588236659384,37.573652603267384],[126.98586901498064,37.57347912681543],[126.98576727185761,37.573802304072316],[126.98567761290215,37.57387121056303],[126.98566426128895,37.57369773411107],[126.98552373077197,37.573928229230226],[126.9853698486418,37.573985247897426],[126.98533106124785,37.57389256575969],[126.98529354129954,37.574227630840085],[126.98520388234407,37.574296537330795],[126.9850366486007,37.57418007954604],[126.98507543599464,37.57427276168377],[126.98493490547767,37.57450325680293],[126.9850633518271,37.57452703244995],[126.985140926615,37.57471239672542],[126.98509005505349,37.574873985353854],[126.98517971400896,37.57480507886314],[126.98541117092705,37.57493342447141],[126.98542452254026,37.575106900923366],[126.98557840467043,37.57504988225617],[126.98566933107153,37.57540872298359],[126.98582321320171,37.57535170431639],[126.98590078798964,37.575537068591856],[126.98581112903416,37.57560597508256],[126.98602923433906,37.57556084423887],[126.98604258595225,37.57573432069083],[126.98595292699679,37.57580322718154],[126.98620981969563,37.57585077847558],[126.98628739448354,37.57603614275105],[126.98655637134993,37.57582942327892],[126.98659389129824,37.575494358198526],[126.98691373972615,37.57512605009795],[126.98690038811296,37.574952573645994],[126.98716936497935,37.57474585417387],[126.98713057758539,37.574653172036136]]]}},{"type":"Feature","id":"SCM_047","properties":{"category":"특성관리지구","source_type":"DERIVED_FROM_OFFICIAL_PLAN_MAP","source_title":"서울특별시 서울도심 기본계획 특성관리지구 공식도면 기반 복원","usage":"역세권활성화사업 운영기준 2-1-3 다목 1) 초기 배제검토","georef_rmse_m":37.1,"georef_max_control_error_m":51.5,"review_margin_m":60,"boundary_caveat":"공식 SHP가 아닌 공식계획도 이미지 지오리퍼런싱 복원자료. 경계부는 원도·담당부서 재확인."},"geometry":{"type":"Polygon","coordinates":[[[126.99100940384879,37.575285647132596],[126.99075377859559,37.575665843056676],[126.99071499120164,37.57557316091894],[126.99062659969182,37.57606981462778],[126.99053694073635,37.57613872111849],[126.99057572813031,37.57623140325622],[126.99039641021938,37.576369216237644],[126.99038305860618,37.57619573978569],[126.99021709230846,37.576507029219066],[126.99023044392165,37.57668050567102],[126.99007656179147,37.57673752433821],[126.99012870079864,37.5770036829279],[126.98987307554543,37.57738387885199],[126.98983555559712,37.57771894393238],[126.9903118210465,37.57814911160087],[126.9906583727008,37.57812775640421],[126.99069589264911,37.57779269132381],[126.99078555160459,37.5777237848331],[126.99079763577214,37.57746951406693],[126.99070797681668,37.57753842055763],[126.99070670937103,37.577110673339504],[126.99066792197706,37.57701799120177],[126.9908338882748,37.5767067017684],[126.99074422931933,37.576775608259105],[126.99070544192539,37.57668292612138],[126.99084597244236,37.576452431002224],[126.99076839765445,37.57626706672676],[126.99101067129443,37.57571339435072],[126.99116455342461,37.57565637568352],[126.99122750915367,37.57524051628891],[126.99131716810915,37.5751716097982],[126.99133051972234,37.575345086250145],[126.99136803967065,37.57501002116975],[126.99158614497554,37.574964890326065],[126.9916624523178,37.5747225073834],[126.99195686496495,37.57443499359705],[126.99186720600949,37.57450390008776],[126.99185385439628,37.57433042363581],[126.99207195970118,37.57428529279212],[126.99226336177966,37.57389320904453],[126.9924426796906,37.573755396063106],[126.99257112604002,37.57377917171013],[126.99262199760152,37.573617583081685],[126.99280131551245,37.57347977010026],[126.99269830494379,37.57337520013902],[126.99281339968,37.57322549933409],[126.99314659972111,37.57303066768547],[126.99313324810791,37.57285719123352],[126.99331256601884,37.572719378252096],[126.99323499123093,37.572534013976636],[126.99338887336111,37.57247699530944],[126.99349188392978,37.57258156527068],[126.993606978666,37.57243186446575],[126.99345309653582,37.57248888313295],[126.99341430914187,37.572396200995215],[126.99283630056946,37.57228921058361],[126.9922086878812,37.57277155601858],[126.99215908376534,37.57336089186515],[126.99187675528574,37.573394134885326],[126.9919155426797,37.57348681702306],[126.99171078898802,37.5737054243187],[126.99169870482046,37.57395969508487],[126.991609045865,37.574028601575584],[126.99148186696122,37.574432573146694],[126.99139220800576,37.574501479637405],[126.99137885639256,37.57432800318545],[126.99134133644425,37.57466306826584],[126.99102148801634,37.57503137636642],[126.99100940384879,37.575285647132596]]]}},{"type":"Feature","id":"SCM_048","properties":{"category":"특성관리지구","source_type":"DERIVED_FROM_OFFICIAL_PLAN_MAP","source_title":"서울특별시 서울도심 기본계획 특성관리지구 공식도면 기반 복원","usage":"역세권활성화사업 운영기준 2-1-3 다목 1) 초기 배제검토","georef_rmse_m":37.1,"georef_max_control_error_m":51.5,"review_margin_m":60,"boundary_caveat":"공식 SHP가 아닌 공식계획도 이미지 지오리퍼런싱 복원자료. 경계부는 원도·담당부서 재확인."},"geometry":{"type":"Polygon","coordinates":[[[126.98732578200082,37.57554432994293],[126.98741544095628,37.57547542345222],[126.98735121778158,37.57546353562871],[126.98713437992234,37.57593641369052],[126.98717316731629,37.576029095828254],[126.98701928518611,37.57608611449545],[126.9869817652378,37.576421179575846],[126.98676365993292,37.576466310419534],[126.98686667050158,37.57657088038078],[126.98689337372798,37.57691783328469],[126.98736837173172,37.57692025373505],[126.98740715912567,37.57701293587278],[126.9873175001702,37.57708184236349],[126.98763861604375,37.57714128148105],[126.9879088603558,37.57736230922704],[126.98828084779086,37.577260159716154],[126.98928298280549,37.57753115920656],[126.98941016170926,37.577127187635455],[126.98949982066472,37.577058281144744],[126.98951317227792,37.5772317575967],[126.98955069222623,37.5768966925163],[126.98980631747943,37.57651649659222],[126.98984510487338,37.57660917872995],[126.99001107117111,37.576297889296576],[126.99009946268093,37.57580123558774],[126.99034300376657,37.57567531042983],[126.99035508793413,37.57542103966365],[126.99025207736547,37.57531646970241],[126.99030294892697,37.57515488107397],[126.9904822668379,37.57501706809255],[126.99049435100545,37.57476279732637],[126.99076332787185,37.57455607785424],[126.99066031730318,37.574451507893],[126.99074997625866,37.57438260140229],[126.99040342460434,37.57440395659896],[126.99032584981643,37.57421859232349],[126.99054302556996,37.574193020769506],[126.99037672137794,37.574057003695046],[126.99005560550438,37.57399756457749],[126.9898375001995,37.57404269542118],[126.98972113801763,37.57376464900798],[126.98958060750066,37.57399514412713],[126.98940002214408,37.57370520989042],[126.98941210631163,37.57345093912425],[126.98919400100675,37.57349606996794],[126.98914186199958,37.57322991137825],[126.98897462825622,37.57311345359349],[126.98845002613662,37.573700368989705],[126.98834828301361,37.57402354624659],[126.98825862405813,37.574092452737304],[126.98784911667477,37.574529667328584],[126.98781159672646,37.57486473240898],[126.98754261986006,37.57507145188111],[126.98751845152495,37.57557999341346],[126.98733913361401,37.57571780639488],[126.98732578200082,37.57554432994293]]]}},{"type":"Feature","id":"SCM_049","properties":{"category":"특성관리지구","source_type":"DERIVED_FROM_OFFICIAL_PLAN_MAP","source_title":"서울특별시 서울도심 기본계획 특성관리지구 공식도면 기반 복원","usage":"역세권활성화사업 운영기준 2-1-3 다목 1) 초기 배제검토","georef_rmse_m":37.1,"georef_max_control_error_m":51.5,"review_margin_m":60,"boundary_caveat":"공식 SHP가 아닌 공식계획도 이미지 지오리퍼런싱 복원자료. 경계부는 원도·담당부서 재확인."},"geometry":{"type":"Polygon","coordinates":[[[126.98629880149437,37.57988586771421],[126.98718457432712,37.579878820791414],[126.98726214911503,37.58006418506688],[126.98737724385124,37.57991448426195],[126.98763413655008,37.579962035555994],[126.98772379550556,37.57989312906528],[126.98773587967311,37.579638858299106],[126.98782553862857,37.579569951808395],[126.98813076799763,37.578600420037745],[126.98828465012781,37.578543401370545],[126.98838639325083,37.57822022411366],[126.98796226680861,37.578056215034856],[126.98787260785315,37.57812512152557],[126.98785925623994,37.57795164507361],[126.98757692776034,37.57798488809379],[126.98753814036638,37.57789220595606],[126.98716615293132,37.57799435546694],[126.98689590861927,37.57777332772095],[126.98688255700608,37.57759985126899],[126.98679289805061,37.5776687577597],[126.98640755900234,37.577597430818635],[126.98639420738915,37.57742395436668],[126.98630454843368,37.57749286085739],[126.98613731469031,37.577376403072634],[126.98574115892013,37.57798709411587],[126.98544674627298,37.57827460790222],[126.98554975684165,37.57837917786347],[126.98539587471147,37.57843619653067],[126.98538379054392,37.57869046729684],[126.98492341159904,37.57928927051656],[126.98496219899299,37.579381952654295],[126.98514151690392,37.57924413967287],[126.98523244330504,37.579602980400296],[126.98532210226051,37.579534073909585],[126.98647811940529,37.57974805473279],[126.98651690679925,37.57984073687052],[126.98629880149437,37.57988586771421]]]}},{"type":"Feature","id":"SCM_050","properties":{"category":"특성관리지구","source_type":"DERIVED_FROM_OFFICIAL_PLAN_MAP","source_title":"서울특별시 서울도심 기본계획 특성관리지구 공식도면 기반 복원","usage":"역세권활성화사업 운영기준 2-1-3 다목 1) 초기 배제검토","georef_rmse_m":37.1,"georef_max_control_error_m":51.5,"review_margin_m":60,"boundary_caveat":"공식 SHP가 아닌 공식계획도 이미지 지오리퍼런싱 복원자료. 경계부는 원도·담당부서 재확인."},"geometry":{"type":"Polygon","coordinates":[[[126.99182570998862,37.590827200867366],[126.99194080472485,37.590677500062434],[126.99233822794066,37.590494556237324],[126.99237574788897,37.590159491156925],[126.99251627840594,37.58992899603778],[126.99267016053612,37.58987197737058],[126.99297538990518,37.58890244559992],[126.99321893099082,37.58877652044201],[126.9934103330693,37.58838443669442],[126.99358965098024,37.588246623713],[126.99357629936704,37.58807314726104],[126.99373018149721,37.58801612859385],[126.99362717092855,37.587911558632605],[126.99387071201419,37.587785633474695],[126.99408754987343,37.58731275541288],[126.99399662347231,37.58695391468546],[126.99390696451685,37.58702282117617],[126.99380395394819,37.586918251214925],[126.99384274134214,37.58701093335266],[126.99375308238668,37.58707983984337],[126.99365007181801,37.586975269882124],[126.9933944465648,37.587355465806205],[126.99330478760935,37.587424372296915],[126.99317634125993,37.58740059664989],[126.99303581074295,37.58763109176905],[126.99304916235614,37.587804568221],[126.99295950340068,37.587873474711714],[126.99292071600672,37.58778079257398],[126.99286984444522,37.587942381202424],[126.99262630335957,37.58806830636033],[126.9924857728426,37.58829880147948],[126.99244698544865,37.58820611934175],[126.9924991244558,37.58847227793144],[126.99228101915092,37.588517408775125],[126.99223014758941,37.58867899740356],[126.99207626545923,37.58873601607076],[126.99201330973017,37.58915187546538],[126.99180855603848,37.58937048276102],[126.99191156660714,37.589475052722264],[126.9916038023468,37.58958909005666],[126.99164258974075,37.589681772194396],[126.99146327182982,37.58981958517582],[126.99145118766226,37.59007385594199],[126.99133609292605,37.59022355674692],[126.99134944453925,37.590397033198876],[126.99120891402227,37.59062752831803],[126.9910550318921,37.59068454698523],[126.99103086355699,37.59119308851758],[126.99069766351587,37.5913879201662],[126.9908528130917,37.591758648717125],[126.9905971878385,37.59213884464121],[126.99070019840718,37.59224341460245],[126.9905596678902,37.592473909721605],[126.99064932684567,37.592405003230894],[126.99094500693846,37.59254523666267],[126.99119936474601,37.59173729352046],[126.99157008473543,37.59120739679145],[126.9916972636392,37.590803425220344],[126.99178692259467,37.59073451872963],[126.99182570998862,37.590827200867366]]]}},{"type":"Feature","id":"SCM_051","properties":{"category":"특성관리지구","source_type":"DERIVED_FROM_OFFICIAL_PLAN_MAP","source_title":"서울특별시 서울도심 기본계획 특성관리지구 공식도면 기반 복원","usage":"역세권활성화사업 운영기준 2-1-3 다목 1) 초기 배제검토","georef_rmse_m":37.1,"georef_max_control_error_m":51.5,"review_margin_m":60,"boundary_caveat":"공식 SHP가 아닌 공식계획도 이미지 지오리퍼런싱 복원자료. 경계부는 원도·담당부서 재확인."},"geometry":{"type":"Polygon","coordinates":[[[126.98546947342683,37.59460979650534],[126.98550826082078,37.594702478643065],[126.98559791977625,37.59463357215236],[126.9856367071702,37.59472625429009],[126.98550952826643,37.5951302258612],[126.9855991872219,37.59506131937049],[126.98558710305434,37.595315590136664],[126.98575433679773,37.59543204792141],[126.98571681684942,37.59576711300181],[126.98601249694221,37.59590734643359],[126.98583317903129,37.59604515941501],[126.98593618959995,37.59614972937625],[126.98621851807954,37.59611648635608],[126.9862573054735,37.59620916849381],[126.98634696442896,37.596140262003104],[126.98630817703501,37.59604757986537],[126.98648749494595,37.59590976688395],[126.98671895186403,37.59603811249222],[126.98693705716892,37.59599298164853],[126.98697584456288,37.59608566378626],[126.98715516247381,37.59594785080484],[126.98747627834736,37.5960072899224],[126.98751506574132,37.59609997206013],[126.98742540678585,37.59616887855084],[126.98764351209074,37.59612374770715],[126.98778531005335,37.596320999806125],[126.98787496900883,37.59625209331542],[126.98786415228692,37.596934111299724],[126.9880313860303,37.59705056908448],[126.98818526816048,37.59699355041728],[126.98876327673287,37.59710054082888],[126.98880206412683,37.59719322296661],[126.98871240517136,37.59726212945732],[126.98877662834607,37.59727401728083],[126.98889172308229,37.597124316475906],[126.98935463691846,37.597381007692434],[126.98944556331958,37.597739848419856],[126.98962488123051,37.597602035438435],[126.98975332757993,37.59762581108546],[126.98979211497388,37.59771849322319],[126.98967702023766,37.59786819402812],[126.98975459502557,37.59805355830358],[126.99003692350517,37.59802031528341],[126.9902429446425,37.598229455205896],[126.99035803937873,37.59807975440096],[126.99058949629682,37.59820810000923],[126.99067915525228,37.59813919351852],[126.99069123941983,37.59788492275235],[126.99106195940925,37.59735502602334],[126.9910098204021,37.59708886743365],[126.99108612774437,37.59684648449098],[126.99134175299756,37.5964662885669],[126.99122539081569,37.5961882421537],[126.9912762623772,37.59602665352526],[126.99143014450738,37.59596963485806],[126.99146766445568,37.595634569777665],[126.99139008966777,37.5954492055022],[126.99119742014364,37.595413542031665],[126.99108232540742,37.5955632428366],[126.99097931483875,37.59545867287535],[126.9910181022327,37.595551355013086],[126.99086422010254,37.595608373680285],[126.99090174005084,37.595273308599886],[126.99074785792067,37.595330327267085],[126.9907090705267,37.59523764512935],[126.99084960104368,37.595007150010204],[126.99072115469426,37.59498337436318],[126.99070780308107,37.594809897911226],[126.99036125142675,37.59483125310789],[126.9903224640328,37.59473857097016],[126.99043755876902,37.594588870165225],[126.99032119658715,37.59431082375203],[126.99023153763169,37.594379730242736],[126.99019275023772,37.59428704810501],[126.99024362179924,37.594125459476565],[126.99010182383661,37.59392820737759],[126.99017813117888,37.59368582443492],[126.99010055639097,37.59350046015946],[126.99025443852115,37.59344344149226],[126.99020229951398,37.59317728290257],[126.99034156258531,37.59251904056529],[126.99023855201665,37.59241447060405],[126.99035364675287,37.592264769799115],[126.99036573092042,37.592010499032945],[126.99028815613251,37.59182513475748],[126.99040325086872,37.591675433952545],[126.9902239329578,37.59181324693397],[126.99018514556384,37.59172056479623],[126.99044077081703,37.59134036887215],[126.9904528549846,37.591086098105976],[126.99063217289552,37.590948285124554],[126.99064425706308,37.590694014358384],[126.99088779814872,37.590568089200474],[126.99087444653551,37.59039461274852],[126.99101497705249,37.590164117629364],[126.99097618965854,37.59007143549163],[126.991308122254,37.589448856624884],[126.99126933486004,37.58935617448715],[126.99148744016493,37.58931104364347],[126.99181937276039,37.588688464776716],[126.9918568927087,37.588353399696324],[126.99194655166416,37.58828449320561],[126.99190776427021,37.58819181106788],[126.99208708218114,37.58805399808646],[126.99221552853056,37.58807777373348],[126.99247115378375,37.5876975778094],[126.99245780217055,37.587524101357445],[126.99254746112602,37.587455194866735],[126.99262503591393,37.5876405591422],[126.99271469486939,37.58757165265149],[126.99281643799242,37.58724847539461],[126.99321386120823,37.5870655315695],[126.99317507381427,37.58697284943177],[126.9932901685505,37.586823148626834],[126.9936233685916,37.586628316978214],[126.9936608885399,37.58629325189782],[126.99375054749538,37.58622434540711],[126.99359539791955,37.585853616856184],[126.99346695157013,37.58582984120916],[126.99338937678222,37.585644476933695],[126.99324884626525,37.58587497205284],[126.99328763365921,37.585967654190576],[126.99286477466264,37.58623139232991],[126.99244064822041,37.586067383251105],[126.99235098926495,37.586136289741816],[126.99233763765174,37.58596281328986],[126.99220919130232,37.58593903764284],[126.99231220187099,37.58604360760408],[126.9920940965661,37.58608873844777],[126.99192813026838,37.58640002788115],[126.9917742481382,37.58645704654834],[126.99176216397063,37.58671131731452],[126.991518622885,37.58683724247243],[126.9915319744982,37.58701071892438],[126.99135265658727,37.5871485319058],[126.99131386919332,37.58705584976807],[126.99132722080651,37.58722932622002],[126.99108367972087,37.58735525137793],[126.9910073723786,37.587597634320595],[126.99091771342314,37.587666540811306],[126.99090436180994,37.58749306435935],[126.99085349024843,37.587654652987794],[126.99060994916279,37.5877805781457],[126.99044398286506,37.588091867579074],[126.99020044177942,37.588217792736984],[126.99021379339261,37.58839126918894],[126.98999568808773,37.58843640003263],[126.99000903970094,37.588609876484576],[126.98938142701267,37.58909222191955],[126.98939477862588,37.5892656983715],[126.98908701436552,37.5893797357059],[126.98916458915343,37.589565099981364],[126.98908828181118,37.58980748292403],[126.9889986228557,37.589876389414734],[126.98889561228704,37.589771819453496],[126.98872964598931,37.590083108886866],[126.98857576385913,37.590140127554065],[126.9886145512531,37.5902328096918],[126.98842314917461,37.59062489343939],[126.9887188292674,37.59076512687117],[126.98859165036363,37.59116909844228],[126.98843776823345,37.59122611710948],[126.98829723771648,37.591456612228626],[126.98821966292857,37.59127124795316],[126.98797612184292,37.59139717311107],[126.98789854705501,37.5912118088356],[126.98735932587657,37.591197500561734],[126.98708908156452,37.59097647281574],[126.9871920921332,37.591081042776985],[126.98710243317772,37.59114994926769],[126.98648563721137,37.59095027671836],[126.9863317550812,37.59100729538556],[126.986318403468,37.5908338189336],[126.9860227233752,37.590693585501825],[126.98588219285823,37.59092408062098],[126.98572831072805,37.59098109928817],[126.985767098122,37.591073781425905],[126.98522914438921,37.59148722037017],[126.98492138012885,37.59160125770457],[126.98480628539264,37.59175095850949],[126.98488386018055,37.59193632278496],[126.98479420122509,37.59200522927567],[126.98483298861903,37.592097911413404],[126.98468037393451,37.59258267729873],[126.98484760767789,37.592699135083485],[126.98470707716092,37.59292963020264],[126.98477256778128,37.59336926524428],[126.98458116570279,37.593761348991876],[126.98440184779186,37.59389916197329],[126.98450485836052,37.594003731934535],[126.98419709410017,37.594117769268934],[126.98415830670622,37.5940250871312],[126.98410743514471,37.594186675759644],[126.98418500993262,37.59437204003511],[126.98454491320012,37.5945241612904],[126.98462248798803,37.59470952556586],[126.9847254985567,37.594814095527106],[126.98493025224839,37.59459548823146],[126.98535437869062,37.594759497310264],[126.98546947342683,37.59460979650534]]]}},{"type":"Feature","id":"SCM_052","properties":{"category":"특성관리지구","source_type":"DERIVED_FROM_OFFICIAL_PLAN_MAP","source_title":"서울특별시 서울도심 기본계획 특성관리지구 공식도면 기반 복원","usage":"역세권활성화사업 운영기준 2-1-3 다목 1) 초기 배제검토","georef_rmse_m":37.1,"georef_max_control_error_m":51.5,"review_margin_m":60,"boundary_caveat":"공식 SHP가 아닌 공식계획도 이미지 지오리퍼런싱 복원자료. 경계부는 원도·담당부서 재확인."},"geometry":{"type":"Polygon","coordinates":[[[126.9905513860596,37.59401142214217],[126.99071861980296,37.59412787992692],[126.99064231246071,37.59437026286959],[126.99073197141617,37.59430135637888],[126.99102765150897,37.59444158981065],[126.99104100312216,37.594615066262605],[126.9911560978584,37.59446536545767],[126.99111857791009,37.59480043053807],[126.9912603758727,37.59499768263705],[126.99141425800288,37.59494066396985],[126.99145304539684,37.595033346107584],[126.99163236330776,37.59489553312616],[126.99175954221154,37.59449156155506],[126.99196429590323,37.59427295425942],[126.99204060324548,37.59403057131675],[126.99196302845758,37.593845207041284],[126.99211691058775,37.59378818837409],[126.99215569798172,37.59388087051182],[126.99258937370018,37.59293511438819],[126.99267903265566,37.59286620789748],[126.9927178200496,37.59295889003521],[126.99274198838472,37.59245034850286],[126.99301096525112,37.59224362903073],[126.9932665905043,37.591863433106646],[126.99321445149715,37.591597274516964],[126.99339376940809,37.59145946153554],[126.99338041779488,37.59128598508359],[126.99368818205524,37.59117194774919],[126.993815360959,37.590767976178086],[126.99423821995558,37.590504238038754],[126.99427700734954,37.59059692017649],[126.99439210208575,37.590447219371555],[126.9943024431303,37.590516125862266],[126.99426365573633,37.59042344372453],[126.99444170620163,37.589857883524985],[126.99440291880767,37.58976520138725],[126.99455680093784,37.58970818272005],[126.99454344932464,37.589534706268104],[126.99463310828011,37.58946579977739],[126.99467189567406,37.58955848191513],[126.9946064050537,37.58911884687348],[126.99445252292352,37.58917586554068],[126.99443917131033,37.589002389088726],[126.99434951235486,37.58907129557944],[126.99364305743305,37.58894052952081],[126.99327106999797,37.5890426790317],[126.99299127640968,37.589931416488135],[126.99287618167345,37.59008111729307],[126.99288953328666,37.590254593745016],[126.99271021537572,37.59039240672644],[126.99263390803347,37.5906347896691],[126.992544249078,37.590703696159814],[126.99250546168405,37.59061101402208],[126.99224983643084,37.59099120994616],[126.99208260268746,37.590874752161405],[126.99212139008142,37.59096743429914],[126.99176275425955,37.59124306026198],[126.99110015651429,37.59291596521361],[126.99101049755882,37.59298487170431],[126.99068938168527,37.59292543258676],[126.99072816907922,37.59301811472449],[126.99056220278149,37.59332940415786],[126.99065186173696,37.59326049766715],[126.99069064913091,37.593353179804886],[126.99049924705243,37.59374526355248],[126.9905513860596,37.59401142214217]]]}},{"type":"Feature","id":"SCM_053","properties":{"category":"특성관리지구","source_type":"DERIVED_FROM_OFFICIAL_PLAN_MAP","source_title":"서울특별시 서울도심 기본계획 특성관리지구 공식도면 기반 복원","usage":"역세권활성화사업 운영기준 2-1-3 다목 1) 초기 배제검토","georef_rmse_m":37.1,"georef_max_control_error_m":51.5,"review_margin_m":60,"boundary_caveat":"공식 SHP가 아닌 공식계획도 이미지 지오리퍼런싱 복원자료. 경계부는 원도·담당부서 재확인."},"geometry":{"type":"Polygon","coordinates":[[[126.99065059429131,37.59283275044903],[126.99080447642149,37.59277573178183],[126.99061180689736,37.592740068311294],[126.99065059429131,37.59283275044903]]]}},{"type":"Feature","id":"SCM_054","properties":{"category":"특성관리지구","source_type":"DERIVED_FROM_OFFICIAL_PLAN_MAP","source_title":"서울특별시 서울도심 기본계획 특성관리지구 공식도면 기반 복원","usage":"역세권활성화사업 운영기준 2-1-3 다목 1) 초기 배제검토","georef_rmse_m":37.1,"georef_max_control_error_m":51.5,"review_margin_m":60,"boundary_caveat":"공식 SHP가 아닌 공식계획도 이미지 지오리퍼런싱 복원자료. 경계부는 원도·담당부서 재확인."},"geometry":{"type":"Polygon","coordinates":[[[126.99305228753637,37.59319180560472],[126.99283418223148,37.593236936448406],[126.99287296962544,37.59332961858614],[126.99278331066996,37.59339852507685],[126.99263069598544,37.593883290962175],[126.99254103702998,37.593952197452886],[126.99250224963602,37.59385951531515],[126.99251560124922,37.59403299176711],[126.99231084755753,37.59425159906275],[126.9924138581262,37.594356169023996],[126.99232419917074,37.59442507551471],[126.99233755078393,37.594598551966655],[126.99200435074283,37.594793383615276],[126.99191595923301,37.59529003732411],[126.99182630027754,37.59535894381482],[126.99192931084622,37.59546351377607],[126.99191722667865,37.595717784542245],[126.99177669616168,37.5959482796614],[126.99168830465186,37.596444933370236],[126.9915986456964,37.59651383986095],[126.9913697236696,37.59724098868894],[126.99147273423827,37.59734555865018],[126.99142186267676,37.59750714727862],[126.99126798054658,37.59756416594582],[126.99121710898508,37.59772575457426],[126.9913322037213,37.59757605376933],[126.99129468377299,37.59791111884973],[126.99114080164281,37.59796813751693],[126.99117958903676,37.59806081965466],[126.99150070491032,37.59812025877222],[126.99151405652353,37.59829373522417],[126.99183517239707,37.598353174341725],[126.99187395979104,37.59844585647946],[126.99202784192121,37.59838883781226],[126.99219380821894,37.59807754837889],[126.99241191352382,37.5980324175352],[126.99302617459888,37.59737659564828],[126.99306369454719,37.59704153056788],[126.99315335350266,37.59697262407717],[126.99305034293398,37.59686805411592],[126.99314000188946,37.59679914762522],[126.9930878628823,37.59653298903553],[126.99317752183777,37.59646408254482],[126.9930745112691,37.596359512583575],[126.99315081861137,37.59611712964091],[126.99330470074153,37.59606011097372],[126.99343187964531,37.59565613940261],[126.99367542073095,37.5955302142447],[126.99371420812491,37.59562289638243],[126.99398318499131,37.595416176910305],[126.99402070493962,37.595081111829906],[126.99411036389508,37.595012205339195],[126.99421337446375,37.59511677530044],[126.99417458706979,37.595024093162706],[126.99443021232298,37.594643897238626],[126.99439142492903,37.59455121510089],[126.99466040179543,37.59434449562876],[126.99478884814485,37.59436827127578],[126.99499360183654,37.59414966398014],[126.99527593031614,37.59411642095996],[126.99554490718253,37.59390970148784],[126.99562121452479,37.59366731854517],[126.99582596821648,37.59344871124953],[126.99590227555875,37.59320632830687],[126.99579926499008,37.593101758345625],[126.9956453828599,37.593158777012825],[126.99565746702746,37.59290450624665],[126.99541265849616,37.59260268418643],[126.99550231745164,37.59253377769572],[126.99538595526977,37.59225573128252],[126.9952962963143,37.59232463777323],[126.99507692356376,37.591942021398786],[126.99502351711097,37.59124811559097],[126.99488171914834,37.591050863492],[126.99493259070985,37.59088927486356],[126.99476535696647,37.5907728170788],[126.99441880531216,37.590794172275466],[126.9943558495831,37.59121003167008],[126.9940735211035,37.59124327469026],[126.99397177798048,37.591566451947145],[126.99370280111408,37.59177317141927],[126.99366401372012,37.59168048928154],[126.99353683481635,37.59208446085265],[126.99338295268618,37.592141479519846],[126.99334543273787,37.59247654460024],[126.99319155060769,37.59253356326744],[126.99323033800165,37.59262624540517],[126.99305228753637,37.59319180560472]]]}},{"type":"Feature","id":"SCM_055","properties":{"category":"특성관리지구","source_type":"DERIVED_FROM_OFFICIAL_PLAN_MAP","source_title":"서울특별시 서울도심 기본계획 특성관리지구 공식도면 기반 복원","usage":"역세권활성화사업 운영기준 2-1-3 다목 1) 초기 배제검토","georef_rmse_m":37.1,"georef_max_control_error_m":51.5,"review_margin_m":60,"boundary_caveat":"공식 SHP가 아닌 공식계획도 이미지 지오리퍼런싱 복원자료. 경계부는 원도·담당부서 재확인."},"geometry":{"type":"Polygon","coordinates":[[[127.00862532258655,37.545884421391975],[127.00857445102504,37.54604601002042],[127.00883134372388,37.546093561314464],[127.00887013111783,37.54618624345219],[127.00871624898765,37.54624326211939],[127.00872960060086,37.546416738571345],[127.00908950386837,37.546568859826635],[127.00917916282384,37.546499953335925],[127.00921795021779,37.54659263547366],[127.00937183234797,37.54653561680646],[127.00938518396117,37.546709093258414],[127.00960328926605,37.546663962414726],[127.00964207666001,37.54675664455246],[127.01033517996864,37.54671393415913],[127.01034853158183,37.546887410611085],[127.01065629584218,37.546773373276686],[127.01077265802405,37.547051419689886],[127.01079809380481,37.546970625375664],[127.01109250645196,37.54668311158931],[127.01107915483875,37.546509635137355],[127.01128390853044,37.54629102784172],[127.01141235487987,37.54631480348874],[127.01144987482817,37.54597973840834],[127.01156496956439,37.54583003760341],[127.01143652321497,37.545806261956386],[127.01144860738252,37.545551991190216],[127.0113068094199,37.54535473909124],[127.01115292728973,37.54541175775844],[127.01111413989577,37.545319075620704],[127.01120379885124,37.54525016912999],[127.01104991672106,37.54530718779719],[127.01089476714523,37.54493645924626],[127.01080510818977,37.54500536573697],[127.0107020976211,37.544900795775725],[127.01071418178866,37.544646525009554],[127.01030340695964,37.54465599238271],[127.01026461956567,37.544563310244975],[127.01021374800418,37.54472489887342],[127.00994477113778,37.544931618345544],[127.00938011417858,37.5449981043859],[127.00936676256538,37.54482462793394],[127.009199528822,37.54470817014919],[127.00895598773636,37.544834095307095],[127.00869909503751,37.54478654401305],[127.00839006333152,37.54447283412932],[127.00840341494472,37.54464631058128],[127.008237448647,37.54495760001465],[127.00823839923122,37.545278410428246],[127.00835381082885,37.54523564642785],[127.0083417266613,37.54548991719402],[127.00843138561677,37.54542101070331],[127.00847017301072,37.54551369284104],[127.00841930144921,37.545675281469485],[127.00854774779863,37.54569905711651],[127.00862532258655,37.545884421391975]]]}},{"type":"Feature","id":"SCM_056","properties":{"category":"특성관리지구","source_type":"DERIVED_FROM_OFFICIAL_PLAN_MAP","source_title":"서울특별시 서울도심 기본계획 특성관리지구 공식도면 기반 복원","usage":"역세권활성화사업 운영기준 2-1-3 다목 1) 초기 배제검토","georef_rmse_m":37.1,"georef_max_control_error_m":51.5,"review_margin_m":60,"boundary_caveat":"공식 SHP가 아닌 공식계획도 이미지 지오리퍼런싱 복원자료. 경계부는 원도·담당부서 재확인."},"geometry":{"type":"Polygon","coordinates":[[[127.01077265802405,37.547051419689886],[127.01065756328784,37.54720112049481],[127.01069635068178,37.547293802632545],[127.01077265802405,37.547051419689886]]]}},{"type":"Feature","id":"SCM_057","properties":{"category":"특성관리지구","source_type":"DERIVED_FROM_OFFICIAL_PLAN_MAP","source_title":"서울특별시 서울도심 기본계획 특성관리지구 공식도면 기반 복원","usage":"역세권활성화사업 운영기준 2-1-3 다목 1) 초기 배제검토","georef_rmse_m":37.1,"georef_max_control_error_m":51.5,"review_margin_m":60,"boundary_caveat":"공식 SHP가 아닌 공식계획도 이미지 지오리퍼런싱 복원자료. 경계부는 원도·담당부서 재확인."},"geometry":{"type":"Polygon","coordinates":[[[127.00452137663329,37.54726233677789],[127.00420026075975,37.547202897660334],[127.00408516602353,37.54735259846527],[127.00422696398614,37.547549850564245],[127.00418944403783,37.547884915644644],[127.0042924546065,37.54798948560588],[127.00415192408953,37.54821998072504],[127.00431915783291,37.54833643850979],[127.00424285049064,37.54857882145246],[127.00437129684006,37.54860259709948],[127.00454934730534,37.54803703689993],[127.00431789038726,37.54790869129167],[127.00452264407895,37.547690083996024],[127.00464982298271,37.54728611242491],[127.00448385668498,37.54759740185829],[127.00452137663329,37.54726233677789]]]}},{"type":"Feature","id":"SCM_058","properties":{"category":"특성관리지구","source_type":"DERIVED_FROM_OFFICIAL_PLAN_MAP","source_title":"서울특별시 서울도심 기본계획 특성관리지구 공식도면 기반 복원","usage":"역세권활성화사업 운영기준 2-1-3 다목 1) 초기 배제검토","georef_rmse_m":37.1,"georef_max_control_error_m":51.5,"review_margin_m":60,"boundary_caveat":"공식 SHP가 아닌 공식계획도 이미지 지오리퍼런싱 복원자료. 경계부는 원도·담당부서 재확인."},"geometry":{"type":"Polygon","coordinates":[[[127.00604938121316,37.547374168090215],[127.00599850965165,37.54753575671865],[127.00584462752147,37.54759277538585],[127.00594763809013,37.547697345347096],[127.00580710757316,37.54792784046625],[127.00579502340561,37.54818211123242],[127.00588468236107,37.54811320474171],[127.00592346975503,37.548205886879444],[127.00584716241276,37.54844826982211],[127.00592473720067,37.54863363409758],[127.00569454772824,37.548933035707435],[127.0057975582969,37.54903760566868],[127.00563159199918,37.54934889510206],[127.00565829522557,37.54969584800596],[127.00574795418103,37.54962694151525],[127.00601819849308,37.54984796926125],[127.00610785744855,37.54977906277054],[127.00613456067495,37.55012601567445],[127.00622421963041,37.55005710918374],[127.00627635863758,37.55032326777343],[127.00643024076776,37.55026624910623],[127.00657203873037,37.5504635012052],[127.00676470825451,37.550499164675735],[127.00726514203899,37.55042079081188],[127.00730392943295,37.5505134729496],[127.00744445994992,37.550282977830456],[127.00800404712652,37.548505502917585],[127.008093706082,37.548436596426875],[127.00805491868803,37.54834391428914],[127.00810579024954,37.548182325660704],[127.00825967237972,37.548125306993505],[127.00829845977367,37.54821798913124],[127.008746754551,37.547873456677685],[127.00847524279331,37.54722468171356],[127.00830800904994,37.5471082239288],[127.00846189118012,37.5470512052616],[127.00842310378616,37.54695852312387],[127.00826922165598,37.54701554179107],[127.00824251842958,37.546668588887165],[127.00804984890544,37.54663292541663],[127.00787053099451,37.54677073839805],[127.00742096877154,37.54668752363347],[127.00734339398363,37.546502159358006],[127.00711193706555,37.54637381374974],[127.00684296019914,37.54658053322187],[127.00676538541123,37.546395168946404],[127.00586879585657,37.547084233853504],[127.00583127590826,37.547419298933896],[127.00589549908298,37.54743118675741],[127.00585671168902,37.54733850461968],[127.00594637064448,37.54726959812897],[127.00604938121316,37.547374168090215]]]}},{"type":"Feature","id":"SCM_059","properties":{"category":"특성관리지구","source_type":"DERIVED_FROM_OFFICIAL_PLAN_MAP","source_title":"서울특별시 서울도심 기본계획 특성관리지구 공식도면 기반 복원","usage":"역세권활성화사업 운영기준 2-1-3 다목 1) 초기 배제검토","georef_rmse_m":37.1,"georef_max_control_error_m":51.5,"review_margin_m":60,"boundary_caveat":"공식 SHP가 아닌 공식계획도 이미지 지오리퍼런싱 복원자료. 경계부는 원도·담당부서 재확인."},"geometry":{"type":"Polygon","coordinates":[[[127.00416654314837,37.54882120439512],[127.00412775575442,37.548728522257385],[127.00395006218336,37.548933137868815],[127.00416654314837,37.54882120439512]]]}},{"type":"Feature","id":"SCM_060","properties":{"category":"특성관리지구","source_type":"DERIVED_FROM_OFFICIAL_PLAN_MAP","source_title":"서울특별시 서울도심 기본계획 특성관리지구 공식도면 기반 복원","usage":"역세권활성화사업 운영기준 2-1-3 다목 1) 초기 배제검토","georef_rmse_m":37.1,"georef_max_control_error_m":51.5,"review_margin_m":60,"boundary_caveat":"공식 SHP가 아닌 공식계획도 이미지 지오리퍼런싱 복원자료. 경계부는 원도·담당부서 재확인."},"geometry":{"type":"Polygon","coordinates":[[[127.00256983590015,37.551518239334236],[127.00248017694467,37.551587145824946],[127.00251896433863,37.55167982796268],[127.00246809277712,37.551841416591124],[127.00269828224957,37.55154201498126],[127.00256983590015,37.551518239334236]]]}},{"type":"Feature","id":"SCM_061","properties":{"category":"특성관리지구","source_type":"DERIVED_FROM_OFFICIAL_PLAN_MAP","source_title":"서울특별시 서울도심 기본계획 특성관리지구 공식도면 기반 복원","usage":"역세권활성화사업 운영기준 2-1-3 다목 1) 초기 배제검토","georef_rmse_m":37.1,"georef_max_control_error_m":51.5,"review_margin_m":60,"boundary_caveat":"공식 SHP가 아닌 공식계획도 이미지 지오리퍼런싱 복원자료. 경계부는 원도·담당부서 재확인."},"geometry":{"type":"Polygon","coordinates":[[[127.0095670367634,37.54742677471325],[127.00951489775623,37.54716061612356],[127.00924592088984,37.547367335595695],[127.00920713349589,37.54727465345796],[127.00902781558496,37.54741246643938],[127.0090666029789,37.547505148577116],[127.00915626193438,37.547436242086405],[127.0093114115102,37.54780697063733],[127.00919631677398,37.547956671442265],[127.00940233791131,37.548165811364754],[127.00923637161358,37.548477100798124],[127.00917341588452,37.548892960192745],[127.00931521384715,37.54909021229172],[127.00912381176866,37.549482296039315],[127.00926560973127,37.54967954813829],[127.00908629182035,37.549817361119715],[127.00904750442639,37.54972467898198],[127.0090608560396,37.54989815543393],[127.00922808978297,37.550014613218686],[127.0090742076528,37.550071631885885],[127.00915178244071,37.55025699616135],[127.00930566457089,37.55019997749415],[127.00934445196484,37.550292659631886],[127.00922935722862,37.55044236043682],[127.00921727306107,37.55069663120299],[127.00944872997916,37.550824976811256],[127.00937242263689,37.55106735975392],[127.00953965638027,37.55118381753868],[127.00942456164404,37.55133351834361],[127.00951422059951,37.5512646118529],[127.00955300799346,37.551357293990634],[127.00943791325724,37.55150699479556],[127.00952757221272,37.55143808830485],[127.00954092382591,37.551611564756804],[127.009772380744,37.55173991036507],[127.00963185022702,37.55197040548423],[127.00952883965836,37.55186583552298],[127.00967063762099,37.55206308762196],[127.00965855345343,37.55231735838813],[127.00956889449796,37.55238626487884],[127.00971069246059,37.55258351697782],[127.00972404407379,37.552756993429774],[127.00963438511832,37.552825899920485],[127.00971195990623,37.553011264195945],[127.00961021678322,37.55333444145283],[127.00976536635903,37.55370517000376],[127.00963818745527,37.55410914157487],[127.00974246546957,37.55464145875424],[127.00965280651411,37.55471036524495],[127.00964072234656,37.55496463601113],[127.00973038130202,37.55489572952042],[127.00971829713447,37.55515000028659],[127.00988553087785,37.555266458071344],[127.00971956458012,37.55557774750472],[127.00975835197407,37.555670429642454],[127.00966869301861,37.555739336133165],[127.00979840681367,37.55619085899831],[127.00970874785821,37.556259765489024],[127.00978632264612,37.55644512976449],[127.01004321534496,37.556492681058536],[127.010004427951,37.5563999989208],[127.01009408690648,37.55633109243009],[127.01065874386568,37.55626460638974],[127.01088893333811,37.55596520477987],[127.01101737968753,37.555988980426896],[127.01119669759846,37.55585116744548],[127.01123548499243,37.555943849583215],[127.0113760155094,37.55571335446406],[127.01164499237579,37.55550663499193],[127.01204114814597,37.554895943948694],[127.01205323231352,37.554641673182516],[127.01196357335805,37.55471057967323],[127.01188599857014,37.55452521539777],[127.01200109330635,37.554375514592834],[127.0119489542992,37.554109356003146],[127.01183385956298,37.55425905680808],[127.01173084899432,37.55415448684683],[127.01161575425809,37.554304187651766],[127.0116024026449,37.55413071119981],[127.01137221317245,37.554430112809676],[127.01083299199401,37.55441580453581],[127.0106911940314,37.55421855243683],[127.01029377081557,37.55440149626194],[127.01021619602766,37.55421613198647],[127.01010110129144,37.554365832791405],[127.00998473910957,37.554087786378204],[127.01003561067108,37.55392619774976],[127.00994595171562,37.55399510424047],[127.00990716432166,37.55390242210274],[127.00998347166393,37.55366003916007],[127.01007313061939,37.55359113266937],[127.01011191801335,37.553683814807094],[127.01022701274957,37.55353411400217],[127.01044511805445,37.55348898315848],[127.01045846966765,37.553662459610436],[127.01062570341104,37.553778917395185],[127.01074079814725,37.55362921659026],[127.01090803189062,37.55374567437501],[127.01102312662685,37.55359597357008],[127.01110070141476,37.55378133784554],[127.01121579615098,37.55363163704062],[127.0113442425004,37.55365541268764],[127.01148477301737,37.553424917568485],[127.0113817624487,37.55332034760724],[127.01135505922231,37.552973394703336],[127.01100850756801,37.5529947499],[127.01096972017405,37.55290206776227],[127.01121326125968,37.55277614260436],[127.0110593791295,37.55283316127156],[127.01104602751631,37.5526596848196],[127.01093093278008,37.552809385624535],[127.01094301694765,37.55255511485836],[127.01077578320427,37.5524386570736],[127.01085209054654,37.55219627413094],[127.01079995153937,37.55193011554125],[127.01065815357676,37.551732863442275],[127.01074781253222,37.551663956951565],[127.01014056584212,37.5503545191998],[127.01015265000967,37.55010024843362],[127.01024230896515,37.55003134194291],[127.0104966667727,37.549223398800706],[127.01048331515949,37.54904992234875],[127.01039365620402,37.54911882883946],[127.01035486881007,37.54902614670173],[127.01046996354629,37.548876445896795],[127.01041782453913,37.548610287307106],[127.01062257823082,37.54839168001147],[127.01045534448744,37.548275222226714],[127.01060922661762,37.548218203559514],[127.0104807802682,37.54819442791249],[127.01036568553198,37.548344128717424],[127.01032689813802,37.54825144657969],[127.01038985386708,37.54783558718507],[127.01054373599726,37.54777856851788],[127.01058125594557,37.54744350343748],[127.01067091490103,37.54737459694677],[127.01069635068178,37.547293802632545],[127.01049159699011,37.54751240992819],[127.0101959168973,37.54737217649641],[127.01001659898637,37.54750998947783],[127.00993902419846,37.547324625202364],[127.00974635467432,37.54728896173183],[127.0095670367634,37.54742677471325]]]}},{"type":"Feature","id":"SCM_062","properties":{"category":"특성관리지구","source_type":"DERIVED_FROM_OFFICIAL_PLAN_MAP","source_title":"서울특별시 서울도심 기본계획 특성관리지구 공식도면 기반 복원","usage":"역세권활성화사업 운영기준 2-1-3 다목 1) 초기 배제검토","georef_rmse_m":37.1,"georef_max_control_error_m":51.5,"review_margin_m":60,"boundary_caveat":"공식 SHP가 아닌 공식계획도 이미지 지오리퍼런싱 복원자료. 경계부는 원도·담당부서 재확인."},"geometry":{"type":"Polygon","coordinates":[[[126.99499910595816,37.55268195946868],[126.99485857544119,37.552912454587826],[126.99494823439665,37.55284354809712],[126.9949870217906,37.55293623023485],[126.9947205798155,37.55399844414324],[126.99473393142871,37.554171920595195],[126.99490116517208,37.55428837837995],[126.99481150621662,37.55435728487066],[126.99485029361057,37.55444996700839],[126.99514597370337,37.55459020044017],[126.995287771666,37.554787452539145],[126.99525025171769,37.555122517619544],[126.99516059276222,37.55519142411025],[126.9953278265056,37.555307881895004],[126.99523816755013,37.555376788385715],[126.99562350659839,37.55544811532678],[126.9961614603312,37.555034676382526],[126.99641835303004,37.55508222767657],[126.99656015099265,37.55527947977554],[126.99673946890358,37.55514166679413],[126.99675282051679,37.55531514324608],[126.996867915253,37.55516544244115],[126.99703514899639,37.55528190022591],[126.99718903112657,37.55522488155871],[126.9973549974243,37.55491359212533],[126.99741317851523,37.55505261533193],[126.99748344377372,37.554937367772354],[126.9977015490786,37.554892236928666],[126.9976881974654,37.55471876047671],[126.99777785642087,37.55464985398601],[126.997970525945,37.554685517456534],[126.99809770484877,37.55428154588543],[126.99818736380423,37.55421263939472],[126.9982261511982,37.55430532153245],[126.99836668171517,37.5540748264133],[126.99827702275971,37.55414373290401],[126.99822488375254,37.55387757431433],[126.99844298905744,37.55383244347064],[126.99869861431063,37.55345224754655],[126.99865982691666,37.55335956540882],[126.99874948587214,37.55329065891811],[126.9988124416012,37.552874799523494],[126.99870943103254,37.55277022956225],[126.9985301131216,37.55290804254367],[126.99837623099143,37.55296506121087],[126.99832662687557,37.55355439705744],[126.99810852157067,37.55359952790113],[126.99814730896463,37.55369221003886],[126.99794255527294,37.553910817334504],[126.99746755726922,37.55390839688414],[126.99726280357753,37.55412700417978],[126.99704469827265,37.55417213502347],[126.99687746452926,37.554055677238715],[126.99663392344362,37.554181602396625],[126.9964412539195,37.55414593892609],[126.99617100960745,37.55392491118009],[126.99628610434367,37.55377521037516],[126.99647623897651,37.55295537940944],[126.996667641055,37.55256329566184],[126.99650167475725,37.55287458509522],[126.99653919470558,37.55253952001482],[126.99619264305126,37.55256087521148],[126.99592239873921,37.55233984746548],[126.99603749347544,37.55219014666056],[126.99595991868753,37.55200478238509],[126.99629058383734,37.55095445630021],[126.99618757326867,37.550849886338966],[126.99634145539885,37.550792867671774],[126.99626388061094,37.55060750339631],[126.99598155213134,37.550640746416484],[126.99594276473738,37.55054806427875],[126.99542897933969,37.55045296169066],[126.99533932038423,37.55052186818137],[126.99530053299027,37.55042918604364],[126.99505699190463,37.55055511120155],[126.9950957792986,37.55064779333928],[126.99500612034312,37.550716699829984],[126.994813450819,37.55068103635946],[126.99456990973336,37.55080696151736],[126.99458326134655,37.550980437969315],[126.99449360239109,37.551049344460026],[126.99430093286695,37.55101368098949],[126.99453365723069,37.551569773815885],[126.99475176253557,37.5515246429722],[126.99479054992953,37.55161732510993],[126.99480390154274,37.551790801561886],[126.99503535846083,37.55191914717015],[126.99479308482083,37.55247281954619],[126.99480643643403,37.552646295998144],[126.99496031856421,37.552589277330945],[126.99499910595816,37.55268195946868]]]}},{"type":"Feature","id":"SCM_063","properties":{"category":"특성관리지구","source_type":"DERIVED_FROM_OFFICIAL_PLAN_MAP","source_title":"서울특별시 서울도심 기본계획 특성관리지구 공식도면 기반 복원","usage":"역세권활성화사업 운영기준 2-1-3 다목 1) 초기 배제검토","georef_rmse_m":37.1,"georef_max_control_error_m":51.5,"review_margin_m":60,"boundary_caveat":"공식 SHP가 아닌 공식계획도 이미지 지오리퍼런싱 복원자료. 경계부는 원도·담당부서 재확인."},"geometry":{"type":"Polygon","coordinates":[[[126.99977637951078,37.55758485982363],[126.9999181774734,37.557782111922606],[126.99987939007944,37.55768942978487],[127.00003327220962,37.55763241111767],[127.00004662382283,37.55780588756963],[127.00014963439149,37.557910457530866],[127.00023929334695,37.557841551040156],[127.00048410187824,37.55814337310038],[127.00095529754503,37.55686255189635],[127.00091651015107,37.55676986975862],[127.00117213540427,37.55638967383454],[127.00109456061637,37.55620430955907],[127.00118421957183,37.55613540306836],[127.00122300696579,37.556228085206094],[127.00131139847561,37.55573143149726],[127.00150280055409,37.55533934774966],[127.00139978998541,37.555234777788414],[127.00148944894089,37.5551658712977],[127.0015269688892,37.55483080621731],[127.00164206362541,37.55468110541238],[127.00169166774127,37.55409176956581],[127.00157657300505,37.55424147037074],[127.0015377856111,37.55414878823301],[127.00170375190883,37.55383749879963],[127.00160074134017,37.553732928838386],[127.00180549503185,37.55351432154275],[127.0018175791994,37.55326005077657],[127.00190723815487,37.55319114428586],[127.001790875973,37.55291309787266],[127.00200771383224,37.55244021981085],[127.00189135165037,37.55216217339765],[127.00209483789641,37.55151581888388],[127.00241468632431,37.55114751078331],[127.00242677049187,37.55089324001713],[127.0025418652281,37.5507435392122],[127.0028750652692,37.550548707563586],[127.00304103156692,37.55023741813021],[127.00300224417298,37.550144735992475],[127.00362985686124,37.54966239055751],[127.00364194102879,37.54940811979133],[127.00400057685064,37.549132493828495],[127.00392785048697,37.548958714820245],[127.00380790732652,37.54909683035796],[127.00376911993256,37.54900414822023],[127.00371824837104,37.54916573684867],[127.00344927150465,37.549372456320796],[127.00323116619977,37.549417587164484],[127.00296092188772,37.54919655941849],[127.00307601662394,37.54904685861356],[127.00298635766848,37.54911576510427],[127.00274154913718,37.548813943044046],[127.002587667007,37.548870961711245],[127.00257558283946,37.54912523247742],[127.00267859340812,37.54922980243867],[127.00255141450435,37.54963377400977],[127.00246175554888,37.54970268050048],[127.00250054294284,37.549795362638214],[127.00234666081266,37.54985238130541],[127.00230787341872,37.54975969916768],[127.00216734290173,37.54999019428683],[127.00212855550778,37.5498975121491],[127.00201346077155,37.55004721295403],[127.00164147333649,37.550149362464914],[127.00141128386406,37.55044876407478],[127.00121861433992,37.550413100604246],[127.00107808382295,37.55064359572339],[127.0008854142988,37.55060793225286],[127.00061643743241,37.55081465172499],[127.00062978904562,37.55098812817695],[127.00041168374074,37.551033259020635],[127.00030994061771,37.551356436277516],[127.00013062270678,37.55149424925894],[127.00016941010074,37.55158693139667],[126.99981077427887,37.55186255735951],[127.0002991238958,37.55203845426182],[127.00038878285127,37.551969547771115],[127.00034999545731,37.55187686563338],[127.00050387758749,37.55181984696618],[127.00062023976936,37.552097893379376],[127.00078747351273,37.55221435116413],[127.00106980199233,37.552181108143955],[127.00105771782478,37.55243537891013],[127.00123830318135,37.552725313146844],[127.00114864422589,37.55279421963755],[127.00130252635607,37.552737200970356],[127.00134131375003,37.55282988310808],[127.0012262190138,37.552979583913014],[127.00158612228131,37.553131705168305],[127.00163826128848,37.55339786375799],[127.00167704868242,37.55349054589573],[127.00143477504244,37.55404421827176],[127.00094896031679,37.55472381580571],[127.00075882568396,37.55554364677143],[127.00061829516699,37.55577414189058],[127.00065708256093,37.555866824028314],[127.00047776465001,37.556004637009735],[127.00040145730775,37.5562470199524],[127.00031179835229,37.55631592644311],[127.00004155404024,37.55609489869711],[126.99975922556064,37.55612814171729],[126.99943937713273,37.55649644981786],[126.99927214338935,37.5563799920331],[126.99898981490976,37.55641323505328],[126.99922253927349,37.55696932787968],[126.99931219822896,37.55690042138897],[126.9993001140614,37.55715469215514],[126.99941647624327,37.55743273856834],[126.99954492259269,37.55745651421536],[126.9995582742059,37.557629990667316],[126.99977637951078,37.55758485982363]]]}},{"type":"Feature","id":"SCM_064","properties":{"category":"특성관리지구","source_type":"DERIVED_FROM_OFFICIAL_PLAN_MAP","source_title":"서울특별시 서울도심 기본계획 특성관리지구 공식도면 기반 복원","usage":"역세권활성화사업 운영기준 2-1-3 다목 1) 초기 배제검토","georef_rmse_m":37.1,"georef_max_control_error_m":51.5,"review_margin_m":60,"boundary_caveat":"공식 SHP가 아닌 공식계획도 이미지 지오리퍼런싱 복원자료. 경계부는 원도·담당부서 재확인."},"geometry":{"type":"Polygon","coordinates":[[[127.0083791597418,37.55379059079042],[127.00849425447802,37.55364088998549],[127.00827614917314,37.553686020829176],[127.0083791597418,37.55379059079042]]]}},{"type":"Feature","id":"SCM_065","properties":{"category":"특성관리지구","source_type":"DERIVED_FROM_OFFICIAL_PLAN_MAP","source_title":"서울특별시 서울도심 기본계획 특성관리지구 공식도면 기반 복원","usage":"역세권활성화사업 운영기준 2-1-3 다목 1) 초기 배제검토","georef_rmse_m":37.1,"georef_max_control_error_m":51.5,"review_margin_m":60,"boundary_caveat":"공식 SHP가 아닌 공식계획도 이미지 지오리퍼런싱 복원자료. 경계부는 원도·담당부서 재확인."},"geometry":{"type":"Polygon","coordinates":[[[126.99669239967902,37.55658649707696],[126.99679541024769,37.5566910670382],[126.99701351555257,37.55664593619451],[126.99709109034049,37.55683130046997],[126.99724497247067,37.55677428180278],[126.99782298104306,37.556881272214376],[126.99805443796114,37.557009617822644],[126.9983622022215,37.55689558048825],[126.99852816851923,37.556584291054875],[126.9986820506494,37.556527272387676],[126.99855360429999,37.55650349674065],[126.99820578520003,37.55609710471919],[126.998346315717,37.55586660960004],[126.99838383566531,37.55553154451964],[126.99847349462078,37.55546263802893],[126.99851228201473,37.55555532016666],[126.99881877882943,37.55501353561414],[126.9986127576921,37.55480439569165],[126.99849766295588,37.55495409649658],[126.99845887556192,37.55486141435885],[126.99821533447628,37.55498733951676],[126.99825412187025,37.55508002165449],[126.99807480395931,37.55521783463591],[126.99803601656535,37.55512515249818],[126.99804936817856,37.55529862895013],[126.99787005026762,37.55543644193155],[126.9976773807435,37.55540077846101],[126.99749806283256,37.555538591442435],[126.99757563762047,37.5557239557179],[126.99748597866501,37.55579286220861],[126.99731874492163,37.555676404423856],[126.99710063961675,37.555721535267544],[126.99696010909977,37.5559520303867],[126.9968570985311,37.555847460425454],[126.99667778062017,37.555985273406876],[126.99654933427075,37.55596149775985],[126.9962549216236,37.5562490115462],[126.99601138053795,37.55637493670411],[126.99587085002098,37.556605431823264],[126.99574240367156,37.55658165617624],[126.99584541424022,37.55668622613748],[126.99619196589454,37.55666487094082],[126.99623075328849,37.55675755307855],[126.99641007119942,37.55661974009713],[126.99664152811751,37.5567480857054],[126.99660274072356,37.55665540356767],[126.99669239967902,37.55658649707696]]]}},{"type":"Feature","id":"SCM_066","properties":{"category":"특성관리지구","source_type":"DERIVED_FROM_OFFICIAL_PLAN_MAP","source_title":"서울특별시 서울도심 기본계획 특성관리지구 공식도면 기반 복원","usage":"역세권활성화사업 운영기준 2-1-3 다목 1) 초기 배제검토","georef_rmse_m":37.1,"georef_max_control_error_m":51.5,"review_margin_m":60,"boundary_caveat":"공식 SHP가 아닌 공식계획도 이미지 지오리퍼런싱 복원자료. 경계부는 원도·담당부서 재확인."},"geometry":{"type":"Polygon","coordinates":[[[127.0016204301816,37.556045141380984],[127.00163378179481,37.55621861783294],[127.00174887653102,37.55606891702801],[127.00165921757555,37.55613782351872],[127.0016204301816,37.556045141380984]]]}},{"type":"Feature","id":"SCM_067","properties":{"category":"특성관리지구","source_type":"DERIVED_FROM_OFFICIAL_PLAN_MAP","source_title":"서울특별시 서울도심 기본계획 특성관리지구 공식도면 기반 복원","usage":"역세권활성화사업 운영기준 2-1-3 다목 1) 초기 배제검토","georef_rmse_m":37.1,"georef_max_control_error_m":51.5,"review_margin_m":60,"boundary_caveat":"공식 SHP가 아닌 공식계획도 이미지 지오리퍼런싱 복원자료. 경계부는 원도·담당부서 재확인."},"geometry":{"type":"Polygon","coordinates":[[[127.0025901150305,37.5583621948243],[127.00244958451353,37.55859268994345],[127.00260473408935,37.55896341849438],[127.002606001535,37.55939116571251],[127.00277323527837,37.55950762349727],[127.0028883300146,37.559357922692335],[127.00303012797721,37.55955517479131],[127.00287624584703,37.559612193458506],[127.00306891537117,37.55964785692904],[127.0032749365085,37.55985699685153],[127.00372449873149,37.55994021161611],[127.00376328612543,37.56003289375384],[127.00367362716997,37.56010180024455],[127.00377663773864,37.5602063702058],[127.00409775361219,37.560265809323354],[127.00413654100615,37.56035849146109],[127.00404688205069,37.56042739795179],[127.00426498735557,37.56038226710811],[127.00434256214348,37.56056763138357],[127.00459945484232,37.560615182677616],[127.00480547597965,37.560824322600105],[127.00508780445925,37.56079107957993],[127.00529255815094,37.560572472284285],[127.00525377075698,37.56047979014656],[127.00538094966076,37.56007581857545],[127.00552148017773,37.559845323456294],[127.00541846960907,37.559740753495056],[127.00563657491395,37.55969562265137],[127.00588966527586,37.55845993229102],[127.0061332063615,37.55833400713312],[127.00643843573056,37.55736447536246],[127.0063996483366,37.55727179322473],[127.00662983780904,37.55697239161487],[127.0066419219766,37.55671812084869],[127.00673158093205,37.55664921435798],[127.00676910088036,37.55631414927758],[127.00685875983584,37.55624524278688],[127.00689754722978,37.556337924924605],[127.00684667566827,37.55649951355305],[127.00698720618526,37.5562690184339],[127.00735919362032,37.556166868923015],[127.00725618305165,37.55606229896177],[127.00756394731201,37.55594826162737],[127.0075772989252,37.55612173807933],[127.0080777327097,37.55604336421546],[127.00808981687724,37.555789093449285],[127.00800015792177,37.555857999939995],[127.00796137052782,37.55576531780226],[127.00806311365083,37.55544214054538],[127.00824243156177,37.55530432756396],[127.00822907994856,37.555130851112004],[127.0080751978184,37.5551878697792],[127.00803641042444,37.55509518764147],[127.00815150516065,37.55494548683654],[127.00802305881123,37.55492171118952],[127.0080618462052,37.55501439332725],[127.00790796407502,37.55507141199445],[127.0078036860607,37.55453909481508],[127.00819984183087,37.55392840377184],[127.00818649021767,37.553754927319886],[127.00827614917314,37.553686020829176],[127.00823736177918,37.55359333869144],[127.00746668368265,37.553450684809306],[127.00726192999096,37.55366929210495],[127.00724857837777,37.553495815652994],[127.00697960151138,37.553702535125126],[127.00678693198724,37.55366687165459],[127.00677358037403,37.553493395202636],[127.0062985823703,37.55349097475228],[127.00625979497634,37.553398292614546],[127.00614470024013,37.55354799341948],[127.00613261607258,37.553802264185656],[127.00595329816164,37.55394007716708],[127.0059145107677,37.553847395029344],[127.00552917171943,37.553776068088276],[127.00551582010623,37.55360259163632],[127.0056697022364,37.55354557296912],[127.0053873737568,37.5535788159893],[127.0053740221436,37.55340533953734],[127.00528436318814,37.55347424602805],[127.00527101157493,37.5533007695761],[127.00514256522551,37.553276993929074],[127.0051050452772,37.553612059009474],[127.00492572736627,37.553749871990895],[127.00493907897948,37.553923348442844],[127.00475976106854,37.554061161424265],[127.00465675049988,37.55395659146302],[127.00456709154442,37.55402549795373],[127.00455373993121,37.553852021501775],[127.00439985780103,37.553909040168975],[127.00429684723237,37.55380447020774],[127.00420718827691,37.55387337669844],[127.00382184922864,37.55380204975737],[127.00346321340677,37.554077675720215],[127.00350200080074,37.55417035785795],[127.00301491862945,37.55442220817377],[127.00289855644758,37.55414416176057],[127.00294942800909,37.553982573132124],[127.00283433327287,37.55413227393706],[127.00282098165967,37.5539587974851],[127.00270588692345,37.554108498290034],[127.00266709952949,37.5540158161523],[127.00257744057403,37.55408472264301],[127.0024222909982,37.55371399409208],[127.00251068250802,37.55321734038324],[127.0023688845454,37.55302008828426],[127.00256028662388,37.55262800453667],[127.00252149922993,37.55253532239894],[127.00270081714086,37.55239750941752],[127.0025978065722,37.55229293945627],[127.00281591187708,37.552247808612584],[127.00284134765784,37.55216701429837],[127.00273833708917,37.552062444337125],[127.00262324235294,37.55221214514205],[127.00259653912654,37.55186519223815],[127.00250688017108,37.55193409872886],[127.00246809277712,37.551841416591124],[127.0023663496541,37.552164593848005],[127.00227669069864,37.552233500338716],[127.00235426548655,37.55241886461418],[127.00223917075033,37.552568565419115],[127.00231674553824,37.55275392969458],[127.00220165080202,37.55290363049951],[127.00240767193935,37.553112770422],[127.0021266109054,37.553573760660306],[127.00221626986087,37.553504854169596],[127.00225505725483,37.55359753630733],[127.00219210152576,37.55401339570194],[127.00201278361483,37.554151208683365],[127.00201405106047,37.55457895590149],[127.0018735205435,37.554809451020645],[127.00182391642764,37.555398786867215],[127.00199115017102,37.55551524465197],[127.00181183226009,37.55565305763339],[127.00174887653102,37.55606891702801],[127.00175014397666,37.55649666424614],[127.00183980293214,37.55642775775543],[127.00193072933325,37.556786598482844],[127.00184107037778,37.556855504973555],[127.0019695167272,37.55687928062058],[127.0025901150305,37.5583621948243]]]}},{"type":"Feature","id":"SCM_068","properties":{"category":"특성관리지구","source_type":"DERIVED_FROM_OFFICIAL_PLAN_MAP","source_title":"서울특별시 서울도심 기본계획 특성관리지구 공식도면 기반 복원","usage":"역세권활성화사업 운영기준 2-1-3 다목 1) 초기 배제검토","georef_rmse_m":37.1,"georef_max_control_error_m":51.5,"review_margin_m":60,"boundary_caveat":"공식 SHP가 아닌 공식계획도 이미지 지오리퍼런싱 복원자료. 경계부는 원도·담당부서 재확인."},"geometry":{"type":"Polygon","coordinates":[[[126.9986820506494,37.556527272387676],[126.99878506121807,37.55663184234892],[126.99890683176089,37.55656887976997],[126.9986820506494,37.556527272387676]]]}},{"type":"Feature","id":"SCM_069","properties":{"category":"특성관리지구","source_type":"DERIVED_FROM_OFFICIAL_PLAN_MAP","source_title":"서울특별시 서울도심 기본계획 특성관리지구 공식도면 기반 복원","usage":"역세권활성화사업 운영기준 2-1-3 다목 1) 초기 배제검토","georef_rmse_m":37.1,"georef_max_control_error_m":51.5,"review_margin_m":60,"boundary_caveat":"공식 SHP가 아닌 공식계획도 이미지 지오리퍼런싱 복원자료. 경계부는 원도·담당부서 재확인."},"geometry":{"type":"Polygon","coordinates":[[[127.00215517186638,37.5588802037298],[127.00205216129771,37.558775633768555],[127.00215390442072,37.558452456511674],[127.00206424546526,37.558521363002384],[127.00194788328339,37.558243316589184],[127.00203754223885,37.558174410098474],[127.00179273370757,37.55787258803826],[127.00180481787513,37.55761831727208],[127.0016763715257,37.55759454162506],[127.0015987967378,37.55740917734959],[127.00171389147401,37.55725947654466],[127.00156000934383,37.55731649521186],[127.00152122194987,37.55722381307413],[127.00161088090535,37.55715490658342],[127.00144364716196,37.557038448798664],[127.00153330611744,37.556969542307954],[127.00128849758615,37.55666772024773],[127.00099661983029,37.55781072847034],[127.00085608931332,37.55804122358949],[127.00089487670726,37.558133905727225],[127.0008052177518,37.558202812217935],[127.00088279253971,37.5583881764934],[127.00103667466989,37.5583311578262],[127.0010500262831,37.55850463427816],[127.00176983281811,37.55880887678873],[127.00184740760602,37.5589942410642],[127.00210430030486,37.559041792358244],[127.00215517186638,37.5588802037298]]]}},{"type":"Feature","id":"SCM_070","properties":{"category":"특성관리지구","source_type":"DERIVED_FROM_OFFICIAL_PLAN_MAP","source_title":"서울특별시 서울도심 기본계획 특성관리지구 공식도면 기반 복원","usage":"역세권활성화사업 운영기준 2-1-3 다목 1) 초기 배제검토","georef_rmse_m":37.1,"georef_max_control_error_m":51.5,"review_margin_m":60,"boundary_caveat":"공식 SHP가 아닌 공식계획도 이미지 지오리퍼런싱 복원자료. 경계부는 원도·담당부서 재확인."},"geometry":{"type":"Polygon","coordinates":[[[127.0082722599684,37.561038517851586],[127.00845157787931,37.560900704870164],[127.00849036527327,37.5609933870079],[127.00850244944083,37.56073911624173],[127.00841279048537,37.56080802273244],[127.0083740030914,37.560715340594705],[127.00851453360838,37.56048484547555],[127.0083205966386,37.56002143478689],[127.00846112715558,37.559790939667735],[127.00849864710389,37.559455874587336],[127.00842107231597,37.559270510311876],[127.00849737965824,37.55902812736921],[127.00838101747637,37.55875008095601],[127.00880134158164,37.55763084838043],[127.00868497939977,37.55735280196723],[127.00877463835525,37.557283895476516],[127.00869706356734,37.557098531201056],[127.00808026760099,37.55689885865172],[127.00799060864551,37.55696776514243],[127.00778458750818,37.55675862521994],[127.00759191798406,37.55672296174941],[127.0073483768984,37.55684888690732],[127.00730958950446,37.556756204769584],[127.00683839383767,37.55803702597361],[127.00687718123162,37.558129708111345],[127.00672329910145,37.558186726778544],[127.00658276858447,37.5584172218977],[127.0065331644686,37.55900655774427],[127.00639263395163,37.559237052863416],[127.00635511400333,37.559572117943816],[127.00620123187315,37.559629136611015],[127.00603526557542,37.559940426044385],[127.00597230984636,37.560356285439006],[127.00583177932938,37.56058678055816],[127.00593605734369,37.56111909773753],[127.00593732478934,37.56154684495566],[127.00605241952556,37.561397144150725],[127.00606577113876,37.56157062060268],[127.00616878170743,37.561675190563925],[127.00632266383761,37.561618171896725],[127.00633601545081,37.56179164834868],[127.00705582198583,37.56209589085926],[127.00740364108579,37.56250228288072],[127.00755752321597,37.56244526421352],[127.007827767528,37.56266629195952],[127.00816096756911,37.5624714603109],[127.00830276553174,37.56266871240988],[127.00827606230533,37.56232175950597],[127.0083523696476,37.56207937656331],[127.00827479485969,37.561894012287844],[127.00844076115742,37.561582722854475],[127.00833775058875,37.56147815289323],[127.00845284532497,37.5613284520883],[127.0082722599684,37.561038517851586]]]}},{"type":"Feature","id":"SCM_071","properties":{"category":"특성관리지구","source_type":"DERIVED_FROM_OFFICIAL_PLAN_MAP","source_title":"서울특별시 서울도심 기본계획 특성관리지구 공식도면 기반 복원","usage":"역세권활성화사업 운영기준 2-1-3 다목 1) 초기 배제검토","georef_rmse_m":37.1,"georef_max_control_error_m":51.5,"review_margin_m":60,"boundary_caveat":"공식 SHP가 아닌 공식계획도 이미지 지오리퍼런싱 복원자료. 경계부는 원도·담당부서 재확인."},"geometry":{"type":"Polygon","coordinates":[[[127.00958410384573,37.557519231496386],[127.0094047859348,37.55765704447781],[127.00930304281178,37.557980221734695],[127.00921338385632,37.5580491282254],[127.00917459646236,37.55795644608767],[127.00900989761028,37.558695482739175],[127.00892023865481,37.55876438922988],[127.00903660083668,37.55904243564308],[127.0088827187065,37.55909945431028],[127.00887063453895,37.559353725076456],[127.00902578411477,37.55972445362738],[127.00891068937855,37.559874154432315],[127.00887190198459,37.55978147229458],[127.00900161577967,37.56023299515973],[127.00888652104345,37.56038269596466],[127.0089253084374,37.560475378102396],[127.00913006212909,37.56025677080675],[127.00916884952305,37.560349452944486],[127.00888778848909,37.560810443182795],[127.00899079905776,37.56091501314403],[127.0089144917155,37.5611573960867],[127.00899206650341,37.561342760362166],[127.00910716123963,37.56119305955723],[127.00918473602754,37.5613784238327],[127.0090054181166,37.56151623681412],[127.00878858025737,37.561989114875935],[127.00887823921283,37.561920208385224],[127.0089170266068,37.56201289052296],[127.00875106030907,37.562324179956335],[127.00884071926453,37.562255273465624],[127.00891829405244,37.56244063774108],[127.0087389761415,37.562578450722505],[127.00889285827168,37.562521432055306],[127.0090104878992,37.56322722568663],[127.0093570395535,37.563205870489966],[127.00943461434142,37.56339123476543],[127.00976908182817,37.563624150334945],[127.00998718713306,37.56357901949126],[127.01006476192097,37.563764383766724],[127.01028286722585,37.563719252923036],[127.01032165461982,37.56381193506077],[127.01041131357528,37.56374302857006],[127.0105531115379,37.56394028066904],[127.01066820627412,37.563790579864104],[127.01070572622243,37.563455514783705],[127.01066693882848,37.56336283264597],[127.01079411773225,37.56295886107487],[127.01097343564318,37.56282104809345],[127.01084498929376,37.562797272446424],[127.01070445877679,37.56302776756558],[127.0107419787251,37.56269270248518],[127.01089586085527,37.56263568381798],[127.01068983971794,37.5624265438955],[127.01088124179643,37.5620344601479],[127.01079031539531,37.561675619420484],[127.01090541013153,37.56152591861555],[127.01085327112438,37.56125976002586],[127.01098045002814,37.56085578845476],[127.01107010898362,37.56078688196405],[127.01105675737041,37.56061340551209],[127.01114641632587,37.56054449902138],[127.01110762893192,37.56045181688365],[127.0113123826236,37.56023320958801],[127.01131111517796,37.55980546236988],[127.0112081046093,37.559700892408635],[127.01128441195155,37.559458509465976],[127.01137407090702,37.559389602975266],[127.01141285830097,37.559482285113],[127.0115921762119,37.55934447213158],[127.01181028151679,37.55929934128789],[127.01197624781453,37.55898805185452],[127.01196289620133,37.558814575402565],[127.0118344498519,37.55879079975554],[127.011756875064,37.558605435480075],[127.01187196980021,37.55845573467514],[127.01151079908705,37.55787586620173],[127.01160045804252,37.557806959711016],[127.01148409586065,37.557528913297816],[127.01157375481611,37.55746000680711],[127.0114961800282,37.557274642531645],[127.01153369997651,37.556939577451246],[127.01143068940785,37.55683500749],[127.01158457153802,37.5567779888228],[127.01159665570557,37.55652371805663],[127.01146820935615,37.55649994240961],[127.01130224305842,37.55681123184298],[127.01113500931505,37.55669477405823],[127.01091690401016,37.55673990490191],[127.01075093771243,37.55705119433529],[127.0105582681883,37.55701553086475],[127.01044317345207,37.557165231669686],[127.01035351449661,37.557234138160396],[127.01016084497248,37.55719847468986],[127.00976342175666,37.557381418514964],[127.00980220915062,37.5574741006527],[127.00971255019515,37.55754300714341],[127.00958410384573,37.557519231496386]]]}},{"type":"Feature","id":"SCM_072","properties":{"category":"특성관리지구","source_type":"DERIVED_FROM_OFFICIAL_PLAN_MAP","source_title":"서울특별시 서울도심 기본계획 특성관리지구 공식도면 기반 복원","usage":"역세권활성화사업 운영기준 2-1-3 다목 1) 초기 배제검토","georef_rmse_m":37.1,"georef_max_control_error_m":51.5,"review_margin_m":60,"boundary_caveat":"공식 SHP가 아닌 공식계획도 이미지 지오리퍼런싱 복원자료. 경계부는 원도·담당부서 재확인."},"geometry":{"type":"Polygon","coordinates":[[[127.00094244935295,37.569856557068654],[127.00069764082166,37.56955473500844],[127.00040196072887,37.56941450157666],[127.00024807859869,37.56947152024386],[127.00017050381076,37.56928615596839],[127.0000166216806,37.56934317463559],[127.0000032700674,37.569169698183636],[126.99975972898176,37.569295623341546],[126.99977181314931,37.56904135257537],[126.99968215419383,37.56911025906608],[126.9994761330565,37.56890111914359],[126.9991938045769,37.568934362163766],[126.99911749723465,37.56917674510643],[126.99896361510447,37.56923376377363],[126.99895153093692,37.5694880345398],[126.99879764880674,37.569545053207],[126.99883643620069,37.569637735344735],[126.99874677724523,37.569706641835445],[126.99885105525954,37.570238959014816],[126.99901828900292,37.57035541679957],[126.99892863004746,37.57042432329028],[126.99908251217764,37.57036730462308],[126.99916008696555,37.57055266889855],[126.99967387236323,37.57064777148664],[126.99989197766811,37.57060264064295],[127.00045790207295,37.57096390182073],[127.00118979277553,37.571013873565136],[127.00122858016948,37.57110655570287],[127.001623468494,37.5700681174415],[127.00153380953854,37.57013702393221],[127.00143079896988,37.57003245397097],[127.001212693665,37.570077584814655],[127.00116055465783,37.569811426224966],[127.00094244935295,37.569856557068654]]]}},{"type":"Feature","id":"SCM_073","properties":{"category":"특성관리지구","source_type":"DERIVED_FROM_OFFICIAL_PLAN_MAP","source_title":"서울특별시 서울도심 기본계획 특성관리지구 공식도면 기반 복원","usage":"역세권활성화사업 운영기준 2-1-3 다목 1) 초기 배제검토","georef_rmse_m":37.1,"georef_max_control_error_m":51.5,"review_margin_m":60,"boundary_caveat":"공식 SHP가 아닌 공식계획도 이미지 지오리퍼런싱 복원자료. 경계부는 원도·담당부서 재확인."},"geometry":{"type":"Polygon","coordinates":[[[126.99744194775285,37.57126066855196],[126.99740189291325,37.5707402391961],[126.99729888234458,37.57063566923485],[126.99711956443365,37.57077348221627],[126.99715835182761,37.570866164354],[126.99681433506458,37.571743013986925],[126.99682768667779,37.57191649043888],[126.99666172038006,37.57222777987225],[126.9968944447438,37.57278387269865],[126.99677935000757,37.57293357350358],[126.99675518167247,37.57344211503593],[126.99666552271701,37.57351102152664],[126.9968969796351,37.57363936713491],[126.99688362802189,37.573465890682954],[126.99697328697735,37.57339698419224],[126.99703624270641,37.57298112479762],[126.99736817530187,37.572358545930875],[126.99732938790793,37.57226586379314],[126.99755830993472,37.57153871496516],[126.99755704248906,37.571110967747025],[126.99744194775285,37.57126066855196]]]}},{"type":"Feature","id":"SCM_074","properties":{"category":"특성관리지구","source_type":"DERIVED_FROM_OFFICIAL_PLAN_MAP","source_title":"서울특별시 서울도심 기본계획 특성관리지구 공식도면 기반 복원","usage":"역세권활성화사업 운영기준 2-1-3 다목 1) 초기 배제검토","georef_rmse_m":37.1,"georef_max_control_error_m":51.5,"review_margin_m":60,"boundary_caveat":"공식 SHP가 아닌 공식계획도 이미지 지오리퍼런싱 복원자료. 경계부는 원도·담당부서 재확인."},"geometry":{"type":"Polygon","coordinates":[[[126.99706294593283,37.57332807770153],[126.99713925327508,37.573085694758866],[126.99697328697735,37.57339698419224],[126.99706294593283,37.57332807770153]]]}},{"type":"Feature","id":"SCM_075","properties":{"category":"특성관리지구","source_type":"DERIVED_FROM_OFFICIAL_PLAN_MAP","source_title":"서울특별시 서울도심 기본계획 특성관리지구 공식도면 기반 복원","usage":"역세권활성화사업 운영기준 2-1-3 다목 1) 초기 배제검토","georef_rmse_m":37.1,"georef_max_control_error_m":51.5,"review_margin_m":60,"boundary_caveat":"공식 SHP가 아닌 공식계획도 이미지 지오리퍼런싱 복원자료. 경계부는 원도·담당부서 재확인."},"geometry":{"type":"Polygon","coordinates":[[[126.9955705166989,37.57655742982002],[126.99627316928377,37.57540495422426],[126.9964124323551,37.57474671188698],[126.99650209131057,37.57467780539627],[126.99654087870452,37.574770487534],[126.9967189291698,37.574204927334456],[126.9966413543819,37.57401956305899],[126.99619179215892,37.57393634829441],[126.99623057955287,37.57402903043214],[126.99605126164195,37.574166843413565],[126.99601374169363,37.57450190849396],[126.99583442378271,37.57463972147538],[126.99593743435138,37.57474429143662],[126.99566845748498,37.574951010908755],[126.99569516071138,37.57529796381266],[126.9955412785812,37.57535498247986],[126.99550249118724,37.575262300342125],[126.99551584280044,37.57543577679408],[126.99532444072196,37.57582786054167],[126.99514512281102,37.57596567352309],[126.99513303864347,37.57621994428927],[126.99479983860238,37.57641477593789],[126.99478775443481,37.57666904670406],[126.99460843652389,37.57680685968548],[126.9946860113118,37.57699222396095],[126.99463513975029,37.57715381258939],[126.99451336920747,37.577216775168345],[126.99467392714425,37.57724649472712],[126.99494290401064,37.577039775254995],[126.99498169140459,37.57713245739273],[126.9953015398325,37.57676414929215],[126.99549420935664,37.57679981276269],[126.9955838683121,37.576730906271976],[126.9955705166989,37.57655742982002]]]}},{"type":"Feature","id":"SCM_076","properties":{"category":"특성관리지구","source_type":"DERIVED_FROM_OFFICIAL_PLAN_MAP","source_title":"서울특별시 서울도심 기본계획 특성관리지구 공식도면 기반 복원","usage":"역세권활성화사업 운영기준 2-1-3 다목 1) 초기 배제검토","georef_rmse_m":37.1,"georef_max_control_error_m":51.5,"review_margin_m":60,"boundary_caveat":"공식 SHP가 아닌 공식계획도 이미지 지오리퍼런싱 복원자료. 경계부는 원도·담당부서 재확인."},"geometry":{"type":"Polygon","coordinates":[[[126.99918349127611,37.58278386177233],[126.99931193762554,37.58280763741935],[126.99938951241344,37.58299300169482],[126.99956883032438,37.582855188713395],[126.99983907463643,37.583076216459396],[127.00008261572206,37.582950291301486],[127.00012140311603,37.58304297343922],[127.0000063083798,37.58319267424415],[126.99996878843149,37.58352773932455],[126.99985369369527,37.58367744012948],[126.99990583270242,37.583943598719166],[126.9999954916579,37.583874692228456],[127.00076616975443,37.58401734611059],[127.00090796771704,37.58421459820957],[127.00108728562797,37.58407678522815],[127.00112607302194,37.58416946736588],[127.00111272140873,37.58399599091393],[127.00120238036419,37.583927084423216],[127.00124116775815,37.58401976656095],[127.00139504988833,37.58396274789375],[127.00176323498646,37.58257735672848],[127.00192920128418,37.58226606729511],[127.00191584967098,37.58209259084315],[127.00209516758191,37.58195477786173],[127.00205638018795,37.581862095724],[127.00229992127359,37.58173617056609],[127.00222234648568,37.58155080629063],[127.00237622861586,37.58149378762343],[127.00241501600982,37.581586469761156],[127.00253011074604,37.58143676895623],[127.00282579083884,37.58157700238801],[127.00286331078715,37.58124193730761],[127.00295296974261,37.5811730308169],[127.00299175713657,37.58126571295463],[127.00328616978372,37.58097819916828],[127.00347883930785,37.58101386263881],[127.00351762670181,37.581106544776546],[127.00340253196559,37.58125624558148],[127.00353097831501,37.5812800212285],[127.00358311732217,37.58154617981819],[127.00397800564669,37.58050774155682],[127.00406766460215,37.58043883506611],[127.00396465403348,37.58033426510487],[127.00404096137575,37.58009188216221],[127.00413062033121,37.5800229756715],[127.00414397194442,37.58019645212345],[127.0043086707965,37.57945741547195],[127.00442376553272,37.57930771466702],[127.00449880542934,37.578637584506225],[127.0045884643848,37.578568678015515],[127.00471564328858,37.578164706444404],[127.00480530224404,37.5780957999537],[127.00470229167537,37.577991229992456],[127.00497126854177,37.577784510520324],[127.00501005593573,37.57787719265806],[127.00518937384666,37.577739379676636],[127.0051505864527,37.5776466975389],[127.00540494426025,37.57683875439669],[127.0053661568663,37.576746072258956],[127.00578648097158,37.57562683968337],[127.00570890618366,37.57544147540791],[127.00559381144744,37.57559117621284],[127.00560589561499,37.57533690544666],[127.00543866187162,37.57522044766191],[127.00525934396069,37.57535826064333],[127.00529813135464,37.57545094278106],[127.00520847239918,37.57551984927177],[127.00531148296784,37.575624419233016],[127.00495284714599,37.57590004519586],[127.00460629549167,37.57592140039252],[127.00461964710487,37.57609487684447],[127.0044657649747,37.57615189551167],[127.00450455236866,37.576244577649405],[127.00441489341318,37.576313484140115],[127.00428644706376,37.57628970849309],[127.00432523445772,37.576382390630826],[127.00412048076603,37.57660099792646],[127.00408169337209,37.576508315788736],[127.00399203441661,37.57657722227945],[127.0038902912936,37.57690039953633],[127.0036721859887,37.576945530380016],[127.00355709125249,37.57709523118495],[127.00359587864645,37.57718791332268],[127.00337777334155,37.57723304416637],[127.00323724282458,37.57746353928552],[127.00290404278347,37.57765837093414],[127.00291739439668,37.57783184738609],[127.0026992890918,37.57787697822978],[127.00271264070498,37.57805045468173],[127.00262298174952,37.57811936117244],[127.00258419435556,37.57802667903471],[127.00254667440726,37.57836174411511],[127.00279148293855,37.57866356617533],[127.00294536506873,37.57860654750813],[127.00298415246269,37.578699229645856],[127.0028436219457,37.57892972476501],[127.00288240933966,37.579022406902745],[127.00297206829512,37.578953500412034],[127.00298541990833,37.57912697686399],[127.00316473781926,37.57898916388257],[127.00320352521321,37.5790818460203],[127.00349667041472,37.57836658501582],[127.0037147757196,37.57832145417213],[127.00370142410641,37.57814797772018],[127.00393161357884,37.57784857611032],[127.00391826196565,37.577675099658364],[127.00400792092111,37.577606193167654],[127.00396913352715,37.57751351102992],[127.00412301565733,37.57745649236272],[127.00402000508866,37.577351922401476],[127.0044816514792,37.577180866399885],[127.00449373564675,37.57692659563371],[127.00494203042408,37.57658206318016],[127.00492867881087,37.576408586728206],[127.00501833776634,37.576339680237496],[127.00516013572896,37.576536932336474],[127.0050704767735,37.576605838827184],[127.00521227473612,37.576803090926155],[127.00505839260595,37.576860109593355],[127.0051105316131,37.577126268183044],[127.0047639799588,37.57714762337971],[127.00457257788031,37.5775397071273],[127.00448291892484,37.57760861361801],[127.00444413153089,37.57751593148028],[127.00430360101392,37.57774642659943],[127.00414971888374,37.57780344526663],[127.00422729367165,37.5779888095421],[127.00402253997996,37.578207416837735],[127.00404924320637,37.578554369741646],[127.00383113790147,37.578599500585334],[127.00349920530601,37.57922207945208],[127.00340954635055,37.57929098594279],[127.00337075895659,37.57919830380506],[127.00333323900828,37.57953336888545],[127.00342289796374,37.579464462394746],[127.0036931422758,37.57968549014074],[127.00354052759127,37.58017025602607],[127.0034508686358,37.580239162516776],[127.0034375170226,37.58006568606483],[127.00332242228637,37.58021538686975],[127.00320606010452,37.57993734045656],[127.00329571905998,37.57986843396585],[127.00319270849131,37.579763864004605],[127.00310304953584,37.579832770495315],[127.00308969792265,37.57965929404336],[127.00292246417926,37.579542836258604],[127.00296125157323,37.57963551839634],[127.00280736944305,37.579692537063536],[127.0028194536106,37.57943826629736],[127.00262678408647,37.579402602826825],[127.00254920929855,37.579217238551365],[127.00242076294913,37.57919346290434],[127.00236862394198,37.578927304314654],[127.00245828289744,37.57885839782394],[127.00211173124313,37.57887975302061],[127.00207294384917,37.578787070882875],[127.00222682597935,37.578730052215676],[127.00227769754086,37.57856846358724],[127.0021746869722,37.578463893625994],[127.00195658166732,37.57850902446968],[127.00191779427335,37.57841634233195],[127.00153372267074,37.578772762609006],[127.00152037105754,37.57859928615705],[127.00137984054057,37.578829781276205],[127.0012768299719,37.57872521131496],[127.00068673723194,37.578872491669536],[127.00004450548484,37.57875361343442],[126.99992941074862,37.578903314239355],[126.99969795383053,37.57877496863109],[126.99968586966297,37.579029239397265],[126.99959621070751,37.57909814588797],[126.99963499810147,37.5791908280257],[126.99944359602299,37.5795829117733],[126.99945694763618,37.579756388225256],[126.99926554555769,37.58014847197285],[126.99930433295165,37.58024115411058],[126.99897366780183,37.58129148019545],[126.99888400884637,37.581360386686164],[126.99884522145241,37.58126770454843],[126.99864173520638,37.58191405906221],[126.99871930999429,37.58209942333767],[126.99862965103883,37.58216832982838],[126.99866843843279,37.58226101196611],[126.99857877947731,37.58232991845682],[126.99827355010825,37.58329945022748],[126.99818389115279,37.58336835671819],[126.9982214111011,37.58303329163779],[126.99811966797809,37.58335646889468],[126.99822267854675,37.583461038855916],[126.997954969126,37.58409550554617],[126.99804462808146,37.58402659905547],[126.99821186182484,37.58414305684022],[126.9983015207803,37.584074150349515],[126.99862263665386,37.58413358946707],[126.9988636428482,37.5831521698729],[126.99918349127611,37.58278386177233]]]}},{"type":"Feature","id":"SCM_077","properties":{"category":"특성관리지구","source_type":"DERIVED_FROM_OFFICIAL_PLAN_MAP","source_title":"서울특별시 서울도심 기본계획 특성관리지구 공식도면 기반 복원","usage":"역세권활성화사업 운영기준 2-1-3 다목 1) 초기 배제검토","georef_rmse_m":37.1,"georef_max_control_error_m":51.5,"review_margin_m":60,"boundary_caveat":"공식 SHP가 아닌 공식계획도 이미지 지오리퍼런싱 복원자료. 경계부는 원도·담당부서 재확인."},"geometry":{"type":"Polygon","coordinates":[[[126.9934606143419,37.58369110511851],[126.99340974278039,37.583852693746955],[126.99359032813696,37.58414262798367],[126.99360367975017,37.58431610443562],[126.9935140207947,37.584385010926326],[126.99364246714413,37.58440878657335],[126.99395276629576,37.585150243675216],[126.9938631073403,37.58521915016592],[126.99403034108369,37.585335607950675],[126.99394068212821,37.585404514441386],[126.99409583170404,37.58577524299232],[126.99424971383422,37.58571822432512],[126.99426306544741,37.585891700777076],[126.99435272440289,37.585822794286365],[126.99445573497155,37.58592736424761],[126.99441694757759,37.585834682109876],[126.99462170126928,37.58561607481423],[126.99472471183795,37.58572064477548],[126.99492946552964,37.585502037479834],[126.99514757083452,37.585456906636146],[126.99540319608771,37.585076710712066],[126.99557042983109,37.58519316849682],[126.99560921722505,37.585285850634556],[126.99585275831069,37.585159925476646],[126.9958661099239,37.5853334019286],[126.99577645096842,37.585402308419305],[126.99590489731784,37.58542608406633],[126.99598247210575,37.585611448341794],[126.99626480058535,37.58557820532162],[126.99634237537327,37.585763569597084],[126.99643203432873,37.58569466310637],[126.99659926807212,37.58581112089113],[126.99677858598304,37.58567330790971],[126.99667557541437,37.58556873794846],[126.99680275431815,37.58516476637736],[126.99713595435925,37.58496993472874],[126.99718682592076,37.584808346100296],[126.99704502795814,37.584611094001325],[126.99700624056419,37.58451841186359],[126.9970571121257,37.58435682323515],[126.99721099425588,37.58429980456795],[126.9971079836872,37.5841952346067],[126.99718429102947,37.583952851664044],[126.99727394998493,37.58388394517333],[126.99735152477285,37.58406930944879],[126.99753084268377,37.58393149646738],[126.99749205528983,37.583838814329646],[126.99782272043964,37.582788488244766],[126.99780936882644,37.58261501179281],[126.9978990277819,37.58254610530211],[126.9981788213702,37.58165736784567],[126.99826848032566,37.58158846135496],[126.99884015166982,37.57955671567592],[126.9989298106253,37.57948780918521],[126.99894189479285,37.57923353841903],[126.99903155374831,37.57916463192832],[126.99904490536152,37.57933810838028],[126.9992229558268,37.57877254818073],[126.99918416843285,37.578679866043],[126.99909450947737,37.57874877253371],[126.9989781472955,37.57847072612051],[126.99867038303516,37.578584763454906],[126.99842557450387,37.57828294139468],[126.9983359155484,37.57835184788539],[126.99825834076049,37.578166483609934],[126.9980402354556,37.578211614453615],[126.99783421431827,37.57800247453113],[126.99748766266396,37.5780238297278],[126.99744887527001,37.577931147590064],[126.99683207930366,37.57773147504073],[126.99613897599504,37.57777418543406],[126.99612562438183,37.577600708982104],[126.99597174225165,37.5776577276493],[126.99572946861167,37.57821140002534],[126.99574282022486,37.578384876477294],[126.99542297179696,37.57875318457786],[126.99529452544753,37.57872940893084],[126.99510312336905,37.57912149267844],[126.99504016763998,37.579537352073054],[126.99479662655435,37.579663277230964],[126.99473367082528,37.580079136625585],[126.99464401186982,37.58014804311629],[126.99460522447586,37.58005536097856],[126.99461857608907,37.58022883743051],[126.99441382239738,37.580447444726154],[126.99427455932604,37.581105687063435],[126.99418490037058,37.581174593554145],[126.99414611297662,37.58108191141641],[126.99415946458983,37.58125538786837],[126.99406980563437,37.58132429435908],[126.99410859302832,37.58141697649681],[126.99395597834379,37.581901742382136],[126.99386631938833,37.58197064887285],[126.99382753199437,37.581877966735114],[126.99381544782682,37.58213223750129],[126.99361069413513,37.58235084479693],[126.9937137047038,37.58245541475817],[126.99362404574833,37.58252432124888],[126.99366283314228,37.582617003386616],[126.99352230262531,37.58284749850577],[126.993484782677,37.58318256358616],[126.99339512372154,37.583251470076874],[126.99338736624274,37.58323293364933],[126.99335760377323,37.58358653515727],[126.9934606143419,37.58369110511851]]]}},{"type":"Feature","id":"SCM_078","properties":{"category":"특성관리지구","source_type":"DERIVED_FROM_OFFICIAL_PLAN_MAP","source_title":"서울특별시 서울도심 기본계획 특성관리지구 공식도면 기반 복원","usage":"역세권활성화사업 운영기준 2-1-3 다목 1) 초기 배제검토","georef_rmse_m":37.1,"georef_max_control_error_m":51.5,"review_margin_m":60,"boundary_caveat":"공식 SHP가 아닌 공식계획도 이미지 지오리퍼런싱 복원자료. 경계부는 원도·담당부서 재확인."},"geometry":{"type":"Polygon","coordinates":[[[126.99638243021288,37.58628399895294],[126.99649752494909,37.58613429814802],[126.99621519646949,37.58616754116819],[126.99607339850687,37.585970289069216],[126.99579107002727,37.58600353208939],[126.99575228263332,37.58591084995166],[126.99584194158878,37.58584194346095],[126.9956880594586,37.58589896212815],[126.99564927206465,37.585806279990415],[126.99540573097902,37.585932205148325],[126.99517427406091,37.58580385954006],[126.99502039193075,37.58586087820726],[126.99503374354394,37.586034354659205],[126.99467510772209,37.58630998062205],[126.99482898985227,37.58625296195485],[126.99497078781488,37.586450214053826],[126.99488112885942,37.58651912054454],[126.99526646790768,37.586590447485605],[126.99525438374013,37.586844718251776],[126.99538283008955,37.5868684938988],[126.99546040487746,37.587053858174265],[126.99574273335706,37.58702061515409],[126.99578152075101,37.58711329729182],[126.99562763862083,37.58717031595902],[126.99579487236421,37.58728677374378],[126.9957440008027,37.58744836237222],[126.99583365975818,37.58737945588151],[126.99597419027515,37.587148960762356],[126.99596083866194,37.5869754843104],[126.99616559235363,37.586756877014764],[126.99629403870306,37.58678065266179],[126.9963061228706,37.58652638189561],[126.99642121760682,37.58637668109068],[126.99638243021288,37.58628399895294]]]}},{"type":"Feature","id":"SCM_079","properties":{"category":"특성관리지구","source_type":"DERIVED_FROM_OFFICIAL_PLAN_MAP","source_title":"서울특별시 서울도심 기본계획 특성관리지구 공식도면 기반 복원","usage":"역세권활성화사업 운영기준 2-1-3 다목 1) 초기 배제검토","georef_rmse_m":37.1,"georef_max_control_error_m":51.5,"review_margin_m":60,"boundary_caveat":"공식 SHP가 아닌 공식계획도 이미지 지오리퍼런싱 복원자료. 경계부는 원도·담당부서 재확인."},"geometry":{"type":"Polygon","coordinates":[[[126.99705009774074,37.586322082873835],[126.99696043878527,37.586390989364546],[126.99699922617923,37.58648367150228],[126.99684534404905,37.58654069016948],[126.99679447248754,37.58670227879792],[126.9968974830562,37.58680684875917],[126.99677030415243,37.58721082033027],[126.99668064519696,37.58727972682098],[126.99671943259092,37.587372408958714],[126.99656555046074,37.58742942762591],[126.9966043378547,37.58752210976365],[126.99642501994377,37.58765992274506],[126.99620818208453,37.58813280080688],[126.99624696947849,37.588225482944615],[126.99596590844453,37.58868647318292],[126.9960046958385,37.58877915532065],[126.99591503688302,37.58884806181136],[126.99595382427698,37.588940743949095],[126.99586416532152,37.589009650439806],[126.99590295271547,37.58910233257753],[126.9957757738117,37.58950630414864],[126.99563524329473,37.5897367992678],[126.99564859490792,37.589910275719745],[126.99555893595246,37.589979182210456],[126.99566194652112,37.5900837521717],[126.99550806439095,37.5901407708389],[126.99554685178491,37.59023345297663],[126.99540632126794,37.59046394809578],[126.99543302449433,37.59081090099969],[126.99552268344979,37.59074199450898],[126.99563904563166,37.59102004092218],[126.99558817407015,37.591181629550626],[126.99572997203278,37.5913788816496],[126.99571788786523,37.591633152415774],[126.99582089843389,37.59173772237702],[126.99573123947843,37.59180662886773],[126.99584760166029,37.59208467528092],[126.99612993013989,37.592051432260746],[126.99614328175309,37.5922249087127],[126.99598939962291,37.5922819273799],[126.99628507971572,37.59242216081168],[126.99655405658211,37.59221544133955],[126.99668250293153,37.59223921698657],[126.9971053619281,37.591975478847246],[126.99714414932205,37.59206816098498],[126.99747734936317,37.59187332933636],[126.99755492415107,37.592058693611826],[126.99799113476085,37.59196843192445],[126.99798509267708,37.59209556730754],[126.99811958111027,37.59199220757147],[126.99813293272348,37.59216568402343],[126.99827346324045,37.59193518890427],[126.99842734537063,37.591878170237074],[126.99832433480196,37.59177360027583],[126.99869632223702,37.59167145076494],[126.99875927796609,37.59125559137033],[126.9988743727023,37.591105890565395],[126.99873257473969,37.590908638466416],[126.99865499995177,37.59072327419096],[126.99892270937252,37.59008880750069],[126.99884513458461,37.58990344322523],[126.99893479354007,37.58983453673452],[126.99879299557746,37.58963728463554],[126.99897104604274,37.589071724435996],[126.9993296818646,37.58879609847315],[126.99931759769704,37.58905036923933],[126.99938182087176,37.58906225706284],[126.9993430334778,37.58896957492511],[126.99949691560798,37.58891255625791],[126.99948356399477,37.588739079805954],[126.99957322295025,37.58867017331524],[126.99955987133704,37.588496696863295],[126.99995602710722,37.58788600582006],[126.99981422914459,37.58768875372108],[126.99966034701441,37.58774577238828],[126.99967243118196,37.587491501622104],[126.99947976165784,37.58745583815157],[126.99942762265067,37.58718967956188],[126.99963237634236,37.586971072266245],[126.99964446050991,37.58671680150007],[126.99979834264009,37.58665978283287],[126.99974620363294,37.586393624243186],[127.00002726466688,37.58593263400488],[127.00032167731403,37.58564512021853],[127.0004246878827,37.585749690179775],[127.00057857001288,37.585692671512575],[127.00053978261893,37.58559998937484],[127.00071783308421,37.585034429175295],[127.00108982051927,37.58493227966441],[127.00112734046758,37.58459721458401],[127.00121699942305,37.5845283080933],[127.00106311729287,37.5845853267605],[127.00110190468682,37.58467800889823],[127.00101224573136,37.58474691538894],[127.00081957620723,37.58471125191841],[127.00074200141931,37.58452588764294],[127.00065234246385,37.58459479413365],[127.0006002034567,37.58432863554397],[127.00053598028198,37.58431674772046],[127.00061355506989,37.58450211199592],[127.00052389611443,37.58457101848663],[126.99977865379866,37.58434757029027],[126.99958725172017,37.58473965403787],[126.99936914641528,37.584784784881556],[126.99940793380924,37.58487746701929],[126.99928075490547,37.58528143859039],[126.99910143699454,37.585419251571814],[126.99914022438848,37.58551193370955],[126.99899969387151,37.585742428828695],[126.9989621739232,37.586077493909094],[126.99887251496774,37.586146400399805],[126.99889921819414,37.58649335330371],[126.99880955923868,37.58656225979442],[126.9986823803349,37.58696623136553],[126.99846427503002,37.58701136220922],[126.99847762664322,37.587184838661166],[126.99856728559868,37.587115932170455],[126.99860607299264,37.58720861430819],[126.99842802252735,37.58777417450774],[126.99833836357189,37.58784308099845],[126.99826078878398,37.58765771672299],[126.99813234243456,37.587633941075964],[126.99811899082135,37.58746046462401],[126.99788753390327,37.58733211901574],[126.99812980754326,37.586778446639705],[126.99843757180362,37.58666440930531],[126.99855266653984,37.586514708500374],[126.99864105804966,37.58601805479154],[126.99875615278587,37.585868353986605],[126.99867857799796,37.58568298971114],[126.99880575690173,37.585279018140035],[126.99895963903191,37.585221999472836],[126.99892085163796,37.5851293173351],[126.99911225371645,37.58473723358751],[126.99914977366475,37.58440216850711],[126.99923943262021,37.5843332620164],[126.99925236175153,37.584364156062314],[126.99926486840097,37.58425246770218],[126.99940539891794,37.58402197258303],[126.99955928104812,37.58396495391583],[126.99964767255794,37.583468300206995],[126.99960888516398,37.58337561806926],[126.99949379042776,37.58352531887419],[126.99944165142061,37.583259160284506],[126.99915932294101,37.58329240330468],[126.99905312928026,37.58355775507758],[126.99908301559874,37.58353478624734],[126.9991218029927,37.583627468385075],[126.99894375252741,37.58419302858462],[126.99878987039725,37.58425004725182],[126.99875235044892,37.58458511233222],[126.99866269149346,37.58465401882293],[126.9986239040995,37.5845613366852],[126.99847002196934,37.5846183553524],[126.99843123457538,37.584525673214664],[126.99852089353084,37.58445676672395],[126.998264000832,37.58440921542991],[126.99830278822596,37.58450189756764],[126.99773813126676,37.584568383607994],[126.9974061986713,37.58519096247474],[126.99729237138072,37.5857684104978],[126.99711305346979,37.58590622347922],[126.99705009774074,37.586322082873835]]]}},{"type":"Feature","id":"SCM_080","properties":{"category":"특성관리지구","source_type":"DERIVED_FROM_OFFICIAL_PLAN_MAP","source_title":"서울특별시 서울도심 기본계획 특성관리지구 공식도면 기반 복원","usage":"역세권활성화사업 운영기준 2-1-3 다목 1) 초기 배제검토","georef_rmse_m":37.1,"georef_max_control_error_m":51.5,"review_margin_m":60,"boundary_caveat":"공식 SHP가 아닌 공식계획도 이미지 지오리퍼런싱 복원자료. 경계부는 원도·담당부서 재확인."},"geometry":{"type":"Polygon","coordinates":[[[126.99492371859031,37.587895044336655],[126.99488493119635,37.58780236219892],[126.99485949541561,37.58788315651314],[126.99500129337822,37.58808040861212],[126.99493833764916,37.588496268006736],[126.99515644295406,37.58845113716305],[126.995195230348,37.58854381930078],[126.99513227461894,37.588959678695396],[126.99504261566348,37.58902858518611],[126.99500382826952,37.58893590304838],[126.99505596727668,37.58920206163806],[126.99531159252987,37.58882186571398],[126.99527407258157,37.589156930794374],[126.99543877143365,37.58841789414287],[126.99564352512533,37.588199286847235],[126.99554051455667,37.58809471688599],[126.99559138611818,37.587933128257546],[126.99568104507364,37.587864221766836],[126.99564225767969,37.5877715396291],[126.99552716294346,37.587921240434035],[126.99551381133027,37.58774776398208],[126.99539871659404,37.58789746478701],[126.9954616723231,37.5874816053924],[126.99503754588089,37.587317596313596],[126.99494788692542,37.58738650280431],[126.99495997109298,37.58713223203813],[126.99468972678093,37.58691120429213],[126.99451040887,37.58704901727355],[126.99466429100018,37.58699199860635],[126.99469099422657,37.58733895151026],[126.99489701536392,37.587548091432744],[126.99480735640844,37.587616997923455],[126.995128472282,37.58767643704101],[126.99516725967595,37.587769119178745],[126.99492371859031,37.587895044336655]]]}},{"type":"Feature","id":"SCM_081","properties":{"category":"특성관리지구","source_type":"DERIVED_FROM_OFFICIAL_PLAN_MAP","source_title":"서울특별시 서울도심 기본계획 특성관리지구 공식도면 기반 복원","usage":"역세권활성화사업 운영기준 2-1-3 다목 1) 초기 배제검토","georef_rmse_m":37.1,"georef_max_control_error_m":51.5,"review_margin_m":60,"boundary_caveat":"공식 SHP가 아닌 공식계획도 이미지 지오리퍼런싱 복원자료. 경계부는 원도·담당부서 재확인."},"geometry":{"type":"Polygon","coordinates":[[[126.99414095632623,37.588006661220696],[126.99380775628512,37.58820149286931],[126.99366722576815,37.588431987988464],[126.99368057738135,37.58860546444042],[126.9942197985598,37.58861977271429],[126.99438576485753,37.58830848328091],[126.9942306152817,37.587937754729985],[126.99432027423717,37.587868848239275],[126.99419182788775,37.58784507259225],[126.99410216893227,37.58791397908296],[126.99414095632623,37.588006661220696]]]}}]}