{"type":"FeatureCollection","name":"route_commercial_model_reference_20260914","metadata":{"source_type":"MODEL_REFERENCE","legal_source":false,"reference_name":"노선형 상업지역 판정용 참조도형","model_use":"역세권활성화 간선가로형 검토 전용","source_file":"노선상업 재검토.dxf","source_layer":"SEOUL_LINEAR_COMMERCIAL_CA","source_crs":"EPSG:5174","output_crs":"EPSG:4326","raw_polyline_count":1672,"valid_polygon_count":1664,"dissolved_component_count":829,"source_area_m2":545009.915,"source_bounds_epsg5174":[190699.355,440423.867,205432.008,456247.137],"note":"공식 법정도형이 아닌 정비사업플랫폼 내부 판정모형용 참조도형. 일반 용도지역 FACT를 대체하지 않으며 역세권활성화 간선가로형 검토에만 사용."},"features":[{"type":"Feature","id":1,"properties":{"model_ref_id":1,"source_type":"MODEL_REFERENCE","model_use":"역세권활성화 간선가로형","reference_name":"노선형 상업지역 판정용 참조도형"},"geometry":{"type":"Polygon","coordinates":[[[126.89583700900931,37.46621016708459],[126.8958370033651,37.46620620269642],[126.89583689678886,37.46614625031567],[126.89583653553927,37.465940051607504],[126.89565681915623,37.46594069666212],[126.89565708077696,37.46609764953284],[126.89565728634113,37.466206850453716],[126.89565731709163,37.466224870404595],[126.89583703415356,37.46622422625129],[126.89583703390925,37.46622408320718],[126.89583700900931,37.46621016708459]]]}},{"type":"Feature","id":2,"properties":{"model_ref_id":2,"source_type":"MODEL_REFERENCE","model_use":"역세권활성화 간선가로형","reference_name":"노선형 상업지역 판정용 참조도형"},"geometry":{"type":"Polygon","coordinates":[[[126.92544426073141,37.512164393995825],[126.92546023157665,37.51217616239404],[126.9254948149997,37.51220231378676],[126.92555029172979,37.51224499930017],[126.92560278968958,37.51228538373734],[126.92570198459097,37.512361465174656],[126.92570371896426,37.51236278532638],[126.92574299985549,37.512392675253665],[126.92575765800265,37.512404082356746],[126.92577170665186,37.51241425470408],[126.9257976815924,37.512434287823595],[126.9258197602303,37.512451307769325],[126.92595092877902,37.51248648449789],[126.92595548571124,37.51248770626832],[126.92608999063057,37.51252216668943],[126.92609308182713,37.51252303589362],[126.92611064812453,37.512527973502934],[126.9261174552337,37.51252983625612],[126.92613053800702,37.512533410407556],[126.92613975381848,37.51253573194878],[126.92615981638352,37.512541536497885],[126.92617310021627,37.512545376214035],[126.92617848110108,37.51254575119653],[126.92617848110233,37.51254575119662],[126.92623456818568,37.51254965083954],[126.92631923818662,37.512562328711844],[126.92642565591775,37.51257766953675],[126.92652429405024,37.51259088774353],[126.92652048078338,37.5125814070268],[126.92648911413512,37.5124727454278],[126.92648911405662,37.51247274515281],[126.9264256803172,37.5124652531284],[126.92622037291234,37.512440748954646],[126.9261392849383,37.5124205572908],[126.92613169772453,37.51241838186893],[126.92592065582326,37.51236990622656],[126.92561827394245,37.51214300154334],[126.92537047979818,37.51194970204685],[126.92533568961315,37.51195858147751],[126.92533568973289,37.51195858173639],[126.92538668242393,37.512085177228236],[126.92539058538982,37.51209531592282],[126.92540722675233,37.512135655138806],[126.92544426073141,37.512164393995825]]]}},{"type":"Feature","id":3,"properties":{"model_ref_id":3,"source_type":"MODEL_REFERENCE","model_use":"역세권활성화 간선가로형","reference_name":"노선형 상업지역 판정용 참조도형"},"geometry":{"type":"Polygon","coordinates":[[[126.926957240245,37.512684242388815],[126.92695865452438,37.512684546936995],[126.92704043542523,37.51270230401074],[126.92709712376461,37.51271430559994],[126.92710749284456,37.51271668219985],[126.9271436440327,37.51272496716634],[126.92714941832718,37.51272586106948],[126.9271516530122,37.512726206666265],[126.92715168818911,37.512726214170264],[126.92747918023008,37.51277668278161],[126.92760198814183,37.51281408023312],[126.92767879708184,37.51283865417794],[126.92768160166146,37.51283912898626],[126.92768441755128,37.512839603801574],[126.92782472077457,37.51287002482477],[126.92787695509956,37.512881350155816],[126.92801052081595,37.512798621639796],[126.92789644760296,37.51277358822448],[126.92768319775372,37.51272533056577],[126.92756766917047,37.5126938843772],[126.92749470395418,37.512672511329136],[126.9272343796584,37.51262307939408],[126.92677470120148,37.51252523255103],[126.92659147595303,37.51248939690731],[126.9266267039443,37.512610072881536],[126.926626705161,37.512610073175615],[126.92676274009933,37.51264202906993],[126.92676309931943,37.51264210949534],[126.92680132225969,37.51265064040039],[126.926957240245,37.512684242388815]]]}},{"type":"Feature","id":4,"properties":{"model_ref_id":4,"source_type":"MODEL_REFERENCE","model_use":"역세권활성화 간선가로형","reference_name":"노선형 상업지역 판정용 참조도형"},"geometry":{"type":"Polygon","coordinates":[[[126.93201379484289,37.512820510181065],[126.93200045075562,37.51281106307344],[126.93199969165542,37.512827933639784],[126.93201379484289,37.512820510181065]]]}},{"type":"Feature","id":5,"properties":{"model_ref_id":5,"source_type":"MODEL_REFERENCE","model_use":"역세권활성화 간선가로형","reference_name":"노선형 상업지역 판정용 참조도형"},"geometry":{"type":"Polygon","coordinates":[[[126.92842670251697,37.51289217127826],[126.92813012071814,37.51282486775308],[126.928067748295,37.512811180186695],[126.92793323214227,37.512894515352215],[126.92793322897562,37.51289451741061],[126.92804935473097,37.51292397037345],[126.928147905535,37.51294502593382],[126.9282675225394,37.51297297830358],[126.92826918340586,37.51297337097553],[126.92838712688635,37.51300123688047],[126.92838811585827,37.51300148152746],[126.92838887962779,37.51300166145286],[126.92841487626009,37.51291754350885],[126.92842670251697,37.51289217127826]]]}},{"type":"Feature","id":6,"properties":{"model_ref_id":6,"source_type":"MODEL_REFERENCE","model_use":"역세권활성화 간선가로형","reference_name":"노선형 상업지역 판정용 참조도형"},"geometry":{"type":"Polygon","coordinates":[[[126.93082052258038,37.513056042942075],[126.93082099721799,37.51305604218591],[126.93099620194202,37.5130557484092],[126.93111062104504,37.5130555531859],[126.93117302524432,37.51305545165504],[126.93149039663986,37.51305491836189],[126.93157623992707,37.5130547725822],[126.93162805453225,37.513054686784116],[126.9316300862263,37.513047263861445],[126.93163175471484,37.513041165173284],[126.93165404672277,37.51295955803589],[126.93169210314869,37.51290453058549],[126.93171905171042,37.51287400332328],[126.93174613709158,37.512818518736566],[126.93173613780952,37.5128126403004],[126.93156564768675,37.51293110631194],[126.93102142745134,37.51293592857643],[126.93030801507258,37.51293549153985],[126.92983106312757,37.51293672863758],[126.9298267650832,37.51297144108679],[126.92982040347674,37.5130228574967],[126.92944614815951,37.51302850751813],[126.92934087635712,37.51301968338144],[126.92933691696464,37.51305379326046],[126.92956107240038,37.51305471674567],[126.92981607021042,37.51305772219036],[126.93081083051243,37.51305605922513],[126.93082052258038,37.513056042942075]]]}},{"type":"Feature","id":7,"properties":{"model_ref_id":7,"source_type":"MODEL_REFERENCE","model_use":"역세권활성화 간선가로형","reference_name":"노선형 상업지역 판정용 참조도형"},"geometry":{"type":"Polygon","coordinates":[[[126.93226274382694,37.513046160915124],[126.93226327502246,37.51304617626652],[126.93258561976434,37.51304526072032],[126.93258991177045,37.51304524039132],[126.93322932727764,37.51304220106261],[126.9332284080965,37.51303444299695],[126.93326037299946,37.51303364198053],[126.93326297745205,37.513042590341236],[126.93345851745282,37.51304275970727],[126.9334585988642,37.51304275977398],[126.93345911702441,37.51304276074961],[126.93375869273467,37.51304331454881],[126.93375869078733,37.51304332354044],[126.93375870403706,37.51304332356532],[126.93380809813561,37.51304323539162],[126.93397807546033,37.51303153191652],[126.93427284077484,37.51301115229164],[126.93427068529496,37.51304347852789],[126.93427068583352,37.513043478529106],[126.93441554849866,37.513049311072415],[126.93444703165652,37.513050673236435],[126.93445498003459,37.513051016999036],[126.93445551369297,37.51301861054841],[126.93463206107809,37.51303314675103],[126.93466524430433,37.51303587793749],[126.93467666729372,37.51303682157659],[126.93468090128843,37.51303267947623],[126.93468438810051,37.51302927575459],[126.93468445594849,37.5130292938136],[126.93469004207181,37.51303081070729],[126.93473673410125,37.513041811758875],[126.93484854275894,37.51306452721405],[126.93504218647544,37.51303547380384],[126.93501362089887,37.512961980001336],[126.93447202395677,37.51293701754079],[126.93404555824397,37.512931292149105],[126.93388462686,37.51293385597665],[126.93321900100848,37.51293479794537],[126.9326758250449,37.51293577311577],[126.93229646197942,37.512937123298045],[126.93217841198422,37.51293705255219],[126.93211759512891,37.51289399671316],[126.93199950428571,37.51295734993163],[126.93199951585089,37.512957357928045],[126.93199980249565,37.51295755011957],[126.9321295281314,37.51304230290623],[126.93226274382694,37.513046160915124]]]}},{"type":"Feature","id":8,"properties":{"model_ref_id":8,"source_type":"MODEL_REFERENCE","model_use":"역세권활성화 간선가로형","reference_name":"노선형 상업지역 판정용 참조도형"},"geometry":{"type":"Polygon","coordinates":[[[126.9350639504972,37.512964299589534],[126.93508513585009,37.51302025377834],[126.93522360345347,37.512971657524716],[126.9350639504972,37.512964299589534]]]}},{"type":"Feature","id":9,"properties":{"model_ref_id":9,"source_type":"MODEL_REFERENCE","model_use":"역세권활성화 간선가로형","reference_name":"노선형 상업지역 판정용 참조도형"},"geometry":{"type":"Polygon","coordinates":[[[126.9287236396525,37.51306259917047],[126.92883318834721,37.51308129147493],[126.9288490836578,37.51305468623848],[126.92899659781222,37.51305527432492],[126.92926542108131,37.51305446942814],[126.92927082834046,37.51301381173439],[126.92899803107932,37.512990944597746],[126.92866582238824,37.51294643429557],[126.92845444519166,37.51289846689949],[126.92844947621244,37.51290572636101],[126.92843671171386,37.512900393455446],[126.92841634263806,37.512944303813164],[126.92839723706403,37.513003808152945],[126.92839724856383,37.513003811094805],[126.92845545296288,37.51301469100396],[126.92862357853795,37.513046111154324],[126.92866742339879,37.5130530583598],[126.9287236396525,37.51306259917047]]]}},{"type":"Feature","id":10,"properties":{"model_ref_id":10,"source_type":"MODEL_REFERENCE","model_use":"역세권활성화 간선가로형","reference_name":"노선형 상업지역 판정용 참조도형"},"geometry":{"type":"Polygon","coordinates":[[[126.93034205962448,37.513374807760734],[126.93034205283891,37.5133748077636],[126.9299067002613,37.51337495443],[126.92978873249037,37.513375871484826],[126.92981464595456,37.51341577438512],[126.92944232277569,37.51342147154105],[126.92943314275907,37.51340551831507],[126.92941062358726,37.51337781690611],[126.92941060492473,37.51337781687623],[126.92936791789575,37.51337791143317],[126.92932491545078,37.513378015714835],[126.92932153158252,37.51338105351321],[126.92929188007497,37.51340768269265],[126.92928179691563,37.51341112644953],[126.92924828490078,37.5134225848607],[126.9292482751523,37.51342257531317],[126.92924827359884,37.513422575843734],[126.92921092741618,37.51338600839401],[126.92921654708726,37.51337634429267],[126.92899054548757,37.51337875719747],[126.92899417991045,37.513388226702126],[126.92899678257326,37.51339499238841],[126.92899995276282,37.51340323842544],[126.92899679180188,37.51340855228007],[126.92898794173955,37.51342341386118],[126.9289830943141,37.51343156396602],[126.92898308965367,37.513431561786064],[126.92898308299435,37.51343157296881],[126.92890993595451,37.5133973435687],[126.92873241793475,37.513392366709255],[126.92868497359477,37.51335599272223],[126.92868495998222,37.513355990950444],[126.92848307919225,37.51332770781262],[126.92848296549472,37.51332768642931],[126.92839656375442,37.51331557992967],[126.92823863155999,37.51329262194856],[126.92812827629177,37.51327728026142],[126.92806900938474,37.5132870183988],[126.92790361246061,37.513263838995236],[126.92770605999479,37.51325103627488],[126.92766909687698,37.51319429543503],[126.92772302725383,37.51318378917058],[126.9276964525477,37.513176833694814],[126.927701395351,37.513167249375336],[126.92768447648677,37.51316355448696],[126.92735907648601,37.51310548615217],[126.92737622792488,37.51312635385155],[126.92736672902132,37.513135447757875],[126.92734194581759,37.51315917294454],[126.92732145451104,37.51313302211896],[126.9272804183625,37.513087243154345],[126.92716324570614,37.51305998554666],[126.92689915997315,37.51300671134506],[126.92680824432142,37.51298806131175],[126.92680484712459,37.51299944261192],[126.92679120428735,37.51304597890669],[126.92678459521862,37.513071751940146],[126.92715631494511,37.51313551101393],[126.92703285798525,37.513135557791486],[126.92688914766158,37.51312227142063],[126.92704150476547,37.51315258303853],[126.92740634746309,37.51322824797703],[126.9276199884886,37.513270055299685],[126.9277397266954,37.513290268783464],[126.92812275442363,37.513358717164834],[126.92841576853026,37.51340742087035],[126.92866045153033,37.51345654392547],[126.92874000872774,37.513470991791],[126.92882062134841,37.51348191739868],[126.92935937675517,37.51348300244474],[126.9300321479104,37.513478689912326],[126.9307798817603,37.51347984337588],[126.93165621350464,37.51347545671477],[126.9317164195413,37.513476925649215],[126.93174097173979,37.513476827806016],[126.9317430654015,37.513431883267444],[126.93169449247014,37.513400796850426],[126.93169448791154,37.51340079386695],[126.9316944811508,37.51340080585348],[126.93168242429134,37.51342409815018],[126.9316695771793,37.51341016109839],[126.93147368226592,37.51340165438787],[126.93155691016622,37.513374729160326],[126.93144974227621,37.513372763182716],[126.93144966310076,37.51337276311371],[126.93117826083902,37.51337253529525],[126.9304492166735,37.51337976602745],[126.9304439935284,37.51337380736159],[126.93040279068417,37.51337479106273],[126.93034205962448,37.513374807760734]]]}},{"type":"Feature","id":11,"properties":{"model_ref_id":11,"source_type":"MODEL_REFERENCE","model_use":"역세권활성화 간선가로형","reference_name":"노선형 상업지역 판정용 참조도형"},"geometry":{"type":"Polygon","coordinates":[[[126.92968727162817,37.51339614390657],[126.92973561518656,37.51337394832011],[126.92965978132055,37.513378215171976],[126.9296597701999,37.51337821515421],[126.92965977000976,37.51337821516496],[126.92968727162817,37.51339614390657]]]}},{"type":"Feature","id":12,"properties":{"model_ref_id":12,"source_type":"MODEL_REFERENCE","model_use":"역세권활성화 간선가로형","reference_name":"노선형 상업지역 판정용 참조도형"},"geometry":{"type":"Polygon","coordinates":[[[126.93426262991063,37.51346433487935],[126.93433442459157,37.513468264433854],[126.93437356390851,37.513368164759214],[126.93435445893194,37.51335696336872],[126.93429739626181,37.5133566688936],[126.93425800035867,37.51346423430098],[126.93426262991063,37.51346433487935]]]}},{"type":"Feature","id":13,"properties":{"model_ref_id":13,"source_type":"MODEL_REFERENCE","model_use":"역세권활성화 간선가로형","reference_name":"노선형 상업지역 판정용 참조도형"},"geometry":{"type":"Polygon","coordinates":[[[126.94432157366289,37.513402077887925],[126.944319888646,37.51342847825203],[126.94431988101252,37.51342859117046],[126.94431694950832,37.51347571374092],[126.94434824108157,37.5134766051616],[126.94437696162109,37.51343018244409],[126.94438674964734,37.51341475968187],[126.94432418288038,37.513361212534456],[126.94432157366289,37.513402077887925]]]}},{"type":"Feature","id":14,"properties":{"model_ref_id":14,"source_type":"MODEL_REFERENCE","model_use":"역세권활성화 간선가로형","reference_name":"노선형 상업지역 판정용 참조도형"},"geometry":{"type":"Polygon","coordinates":[[[126.9333303843381,37.51337654572078],[126.9332296754951,37.51339819108366],[126.93315376454154,37.513414823512704],[126.93307294063268,37.513435777731225],[126.93291401692265,37.51347946256754],[126.93291345302374,37.51347964493867],[126.93324657492778,37.51348175704289],[126.93315015278024,37.513467231912735],[126.93309619137263,37.51345247781675],[126.93328067260776,37.513426016720594],[126.93338999559238,37.51340943995182],[126.93346806268517,37.513397295566435],[126.93348200985155,37.51339626764124],[126.93356948805152,37.51338352506656],[126.93367659303992,37.51336791980467],[126.93335947684358,37.513369934933834],[126.9333303843381,37.51337654572078]]]}},{"type":"Feature","id":15,"properties":{"model_ref_id":15,"source_type":"MODEL_REFERENCE","model_use":"역세권활성화 간선가로형","reference_name":"노선형 상업지역 판정용 참조도형"},"geometry":{"type":"Polygon","coordinates":[[[126.93255245825428,37.51347726043191],[126.93264076636042,37.51344434584882],[126.93247394796231,37.513442674440796],[126.93243373843413,37.51344227200189],[126.93229506125759,37.51344939695584],[126.93230878786969,37.513442395479345],[126.93215831647962,37.51342245650834],[126.93209511338154,37.51342070669277],[126.93199601129605,37.513417385560324],[126.93194171998327,37.51341683032696],[126.93191383085218,37.513437193913745],[126.9319123002442,37.513476144901134],[126.93222673122622,37.513474890952],[126.93255245825428,37.51347726043191]]]}},{"type":"Feature","id":16,"properties":{"model_ref_id":16,"source_type":"MODEL_REFERENCE","model_use":"역세권활성화 간선가로형","reference_name":"노선형 상업지역 판정용 참조도형"},"geometry":{"type":"Polygon","coordinates":[[[126.93412832106918,37.51348734307372],[126.93402555209536,37.513467917712276],[126.934023514746,37.51348172868519],[126.93402176503315,37.51348666837045],[126.93412832106918,37.51348734307372]]]}},{"type":"Feature","id":17,"properties":{"model_ref_id":17,"source_type":"MODEL_REFERENCE","model_use":"역세권활성화 간선가로형","reference_name":"노선형 상업지역 판정용 참조도형"},"geometry":{"type":"Polygon","coordinates":[[[126.93534171003519,37.513523391771756],[126.93535135534243,37.513523919604154],[126.93536593451178,37.513435698876485],[126.93535360709348,37.51343419617266],[126.93534171003519,37.513523391771756]]]}},{"type":"Feature","id":18,"properties":{"model_ref_id":18,"source_type":"MODEL_REFERENCE","model_use":"역세권활성화 간선가로형","reference_name":"노선형 상업지역 판정용 참조도형"},"geometry":{"type":"Polygon","coordinates":[[[126.93649252806,37.5134952995543],[126.93660542754617,37.51350098526553],[126.93664636141311,37.51350094520694],[126.93668906876425,37.51350351899867],[126.93676920159066,37.51350836624669],[126.93680540128692,37.51351540525187],[126.93681379228379,37.51351724797354],[126.93682677457858,37.513520102375715],[126.93687940777342,37.513528420961734],[126.93687788264513,37.51356479303819],[126.93686962481043,37.51356585158058],[126.93681017310263,37.513568142819814],[126.93679995836777,37.513569344418585],[126.93676570844764,37.51357019016029],[126.9366815306871,37.51357314320372],[126.93660404085547,37.51357244193237],[126.93648567403378,37.513571375214234],[126.93631181532616,37.51357142130472],[126.93619851070609,37.513571457930944],[126.93677745959738,37.51360947987667],[126.93703068389534,37.5136256005665],[126.93703095658256,37.51358528606527],[126.93713521653713,37.51358896624698],[126.93701909189738,37.51358486498071],[126.93690635996789,37.51358138718195],[126.93690761954569,37.513563944737854],[126.9369098522493,37.51353323126872],[126.93691087149976,37.513506139096414],[126.93688040149495,37.513504635405475],[126.93680679504932,37.51350101723699],[126.93677179104837,37.5134992967902],[126.93677156226703,37.5134992856005],[126.93669401269469,37.5134954513161],[126.93668952853292,37.51349523015694],[126.93664833634783,37.51349320682023],[126.93662181365323,37.513491898993365],[126.93659529095163,37.513490600170435],[126.93649929104805,37.51348585936125],[126.93649929104741,37.513485859361225],[126.93649340762983,37.51348556936722],[126.93649252806,37.5134952995543]]]}},{"type":"Feature","id":19,"properties":{"model_ref_id":19,"source_type":"MODEL_REFERENCE","model_use":"역세권활성화 간선가로형","reference_name":"노선형 상업지역 판정용 참조도형"},"geometry":{"type":"Polygon","coordinates":[[[126.93854642562009,37.513609166930095],[126.93854061517645,37.51360892393847],[126.93852638581038,37.51360893867666],[126.93851215668727,37.51360895343077],[126.93866476715796,37.51362975042408],[126.93866417100446,37.51361412195099],[126.93866415850172,37.51361409991153],[126.93854642562009,37.513609166930095]]]}},{"type":"Feature","id":20,"properties":{"model_ref_id":20,"source_type":"MODEL_REFERENCE","model_use":"역세권활성화 간선가로형","reference_name":"노선형 상업지역 판정용 참조도형"},"geometry":{"type":"Polygon","coordinates":[[[126.93739959376624,37.51363002734449],[126.93768395164521,37.51363892458407],[126.93770061000583,37.51364178993355],[126.93807290533451,37.513672567912614],[126.93807701982449,37.51365880095257],[126.93805647593038,37.513636643342316],[126.93803947650592,37.51363576904128],[126.93803961429698,37.51363445111413],[126.93785680582374,37.51362359514478],[126.93786324478764,37.51356798964915],[126.93785674886222,37.5136240636277],[126.93771295080901,37.513615046391365],[126.93745785570894,37.513604345471],[126.93731603445036,37.51359839221183],[126.93731591003133,37.513598392142626],[126.93730921406419,37.51359834336797],[126.93730924020919,37.51359432497113],[126.93727431277209,37.513593873059],[126.93728928451434,37.51359819712997],[126.93739959376624,37.51363002734449]]]}},{"type":"Feature","id":21,"properties":{"model_ref_id":21,"source_type":"MODEL_REFERENCE","model_use":"역세권활성화 간선가로형","reference_name":"노선형 상업지역 판정용 참조도형"},"geometry":{"type":"Polygon","coordinates":[[[126.93867380002254,37.51363107319294],[126.93867378075771,37.513631070779205],[126.93867380002506,37.51363107319651],[126.93867380002254,37.51363107319294]]]}},{"type":"Feature","id":22,"properties":{"model_ref_id":22,"source_type":"MODEL_REFERENCE","model_use":"역세권활성화 간선가로형","reference_name":"노선형 상업지역 판정용 참조도형"},"geometry":{"type":"Polygon","coordinates":[[[126.93899882483383,37.51369179388661],[126.93877950060885,37.51367357392576],[126.938728107566,37.51366959962895],[126.93870202134572,37.51366041335697],[126.93869014327494,37.513650854134056],[126.93868429819011,37.51364615906639],[126.93867378075771,37.513631070779205],[126.93866476715796,37.51362975042408],[126.93866370896599,37.51367658326126],[126.9386091288819,37.513669570842765],[126.93859519598031,37.51366718463233],[126.9385467448687,37.513661932456806],[126.9385461882351,37.51366472521916],[126.93842970881815,37.51366520217047],[126.93841411220558,37.51366400433443],[126.93820780813913,37.513644438949925],[126.93819864433156,37.51364389478282],[126.93818774360888,37.51364340982009],[126.938187098915,37.51364338243649],[126.93818526664643,37.51364328232188],[126.9381441987062,37.513667451328224],[126.93814098704814,37.51367819615754],[126.93821079394893,37.5136839669803],[126.93848170642393,37.51370264867255],[126.93875480243153,37.51372246403614],[126.93875534395089,37.5137224935022],[126.93875550000595,37.513722502416485],[126.9388555693987,37.51372244888537],[126.93895778750317,37.51372012576192],[126.93911142041044,37.51374283297124],[126.9391678393635,37.513746055582786],[126.93916794875076,37.513739953208784],[126.93915227969894,37.513717546147696],[126.93913782390929,37.51370489745265],[126.93907556502347,37.51369633139484],[126.93899882483383,37.51369179388661]]]}},{"type":"Feature","id":23,"properties":{"model_ref_id":23,"source_type":"MODEL_REFERENCE","model_use":"역세권활성화 간선가로형","reference_name":"노선형 상업지역 판정용 참조도형"},"geometry":{"type":"Polygon","coordinates":[[[126.93923452171653,37.51374311561322],[126.93923467431698,37.51374987311384],[126.93959298259861,37.51377287011267],[126.93938845218685,37.51375511873067],[126.93939291395647,37.51373556066113],[126.93939399250247,37.513730831049386],[126.93939506053302,37.513725164403304],[126.93936040786444,37.51372073088415],[126.93930276291215,37.513713167530774],[126.93927259739849,37.513708686428075],[126.93925656050803,37.513710349530086],[126.93923388873696,37.513716124852216],[126.93923442320109,37.51373925932669],[126.93923448895733,37.51374173708221],[126.93923452171653,37.51374311561322]]]}},{"type":"Feature","id":24,"properties":{"model_ref_id":24,"source_type":"MODEL_REFERENCE","model_use":"역세권활성화 간선가로형","reference_name":"노선형 상업지역 판정용 참조도형"},"geometry":{"type":"Polygon","coordinates":[[[126.94001259897816,37.51369949394159],[126.94001159118709,37.51369942930646],[126.93990243642966,37.51369208202187],[126.93988221362517,37.513690917946874],[126.93966324643254,37.51367825892034],[126.93964294540211,37.51367712025666],[126.93964294540191,37.51367712025663],[126.93962122864846,37.513675911821274],[126.93961823318296,37.513673657740526],[126.93959858713066,37.51367258462595],[126.93959298259861,37.51377287011267],[126.9396160447563,37.51377366635594],[126.93961605606712,37.513773666362006],[126.9396160563187,37.513773666976455],[126.93989160994937,37.513788455039645],[126.93997145883672,37.51379530015951],[126.94020877349823,37.5138069322361],[126.94025333526781,37.513810532853014],[126.94070297520145,37.51383854844673],[126.94101355834604,37.513854479221095],[126.94112462501592,37.51386179044134],[126.94115218341877,37.5138632399793],[126.94115910998029,37.51382294884916],[126.94116379244444,37.51382323060821],[126.94116509392923,37.51382233931064],[126.94116994582082,37.513771016867466],[126.94113859104928,37.513769401327984],[126.94101564980221,37.51376005666194],[126.94081870973285,37.51374783480382],[126.94062176972072,37.51373562162729],[126.94042067087908,37.513725991757056],[126.94041664948513,37.513725796825014],[126.94041577348017,37.51372575490405],[126.94039658369569,37.513724572204715],[126.94019048435439,37.51371187716828],[126.94003425689465,37.51370088297867],[126.94001723499221,37.51369979271287],[126.94001259897816,37.51369949394159]]]}},{"type":"Feature","id":25,"properties":{"model_ref_id":25,"source_type":"MODEL_REFERENCE","model_use":"역세권활성화 간선가로형","reference_name":"노선형 상업지역 판정용 참조도형"},"geometry":{"type":"Polygon","coordinates":[[[126.94185964669376,37.513810934102416],[126.94185755467615,37.5138107264355],[126.94185034707691,37.5138100113478],[126.94184066860142,37.51380905922585],[126.94181100113437,37.51380793563774],[126.94171488549948,37.51380309252882],[126.9416187583852,37.51379825833697],[126.94154551308966,37.513793602666496],[126.94147225648172,37.51378895595439],[126.94139439778702,37.51378258140166],[126.94130777228521,37.51377811821],[126.94129277834207,37.513868275467104],[126.9412923886356,37.51387061450007],[126.94157274226251,37.513885360050345],[126.94177378316964,37.51389738456038],[126.94180449291264,37.513896499492375],[126.9418470794185,37.51389518899477],[126.94198781180151,37.51390600069183],[126.94210636590579,37.51391397258007],[126.94262925259535,37.513944424055666],[126.94262975424954,37.513941793605724],[126.94267448327962,37.51394705805581],[126.94286491223122,37.51395814745687],[126.94286791604227,37.51394190613321],[126.94272715411999,37.51392539130765],[126.94273426568208,37.513886913693916],[126.94284404997103,37.513899790755666],[126.94284951426278,37.513870196047954],[126.94300737653745,37.513888719613995],[126.9429931547393,37.51396561533032],[126.9434938984532,37.51399477350866],[126.94351480340347,37.51399027456371],[126.94351427168391,37.51399595983826],[126.94410981820324,37.51403699362014],[126.94409121664825,37.5139338463091],[126.94401079960367,37.51392965259788],[126.94386088931947,37.513924468994695],[126.94379675887153,37.513921652798004],[126.94374221977695,37.51391918375671],[126.94372930269716,37.5139192583619],[126.94371036905348,37.513918293806945],[126.94353044611306,37.51390509392591],[126.94352559881156,37.51392721076641],[126.9434110995587,37.51391203443629],[126.94325215146357,37.51389329462289],[126.94313948327463,37.513879875884776],[126.94296713479537,37.51385756998606],[126.94287698541972,37.51384567610716],[126.94286403249643,37.51384499875318],[126.94285019109779,37.51384428394637],[126.94266177084084,37.51383504276497],[126.942610940901,37.51383221660824],[126.94255659583061,37.51382920461838],[126.9425215617165,37.51383281691048],[126.942521289384,37.51383570068947],[126.94250377922795,37.51383465042046],[126.9424940874886,37.513835649711424],[126.94242112563694,37.51384318160798],[126.94232187814485,37.51383658045289],[126.94211972785905,37.51382577263879],[126.94199676182988,37.513818816602104],[126.94185964669376,37.513810934102416]]]}},{"type":"Feature","id":26,"properties":{"model_ref_id":26,"source_type":"MODEL_REFERENCE","model_use":"역세권활성화 간선가로형","reference_name":"노선형 상업지역 판정용 참조도형"},"geometry":{"type":"Polygon","coordinates":[[[126.94412528373374,37.51393547607243],[126.94413654117497,37.513989090536214],[126.94417141002207,37.51399242355536],[126.94417132818798,37.51393819298152],[126.94412528373374,37.51393547607243]]]}},{"type":"Feature","id":27,"properties":{"model_ref_id":27,"source_type":"MODEL_REFERENCE","model_use":"역세권활성화 간선가로형","reference_name":"노선형 상업지역 판정용 참조도형"},"geometry":{"type":"Polygon","coordinates":[[[126.91177926202988,37.51865538899379],[126.91166808593839,37.51867870171969],[126.91160856010038,37.51869144969636],[126.9115681213181,37.518700581441315],[126.91146937995222,37.518721102435265],[126.91136776536851,37.51874163733482],[126.91125764172831,37.51876435583846],[126.91112557848021,37.51879223785319],[126.91097534459422,37.51882344822682],[126.91087164592975,37.51884599117943],[126.91083968238394,37.518852678598975],[126.91073075778515,37.51887512725016],[126.91073075700542,37.518875127428515],[126.91074904597009,37.518931524474716],[126.91077269875058,37.51900490140299],[126.91077368207685,37.519007367075695],[126.9109894821346,37.51896321061111],[126.91140979361192,37.51887580815483],[126.9118158848846,37.51878884371527],[126.91185482411638,37.51882219231938],[126.9118640496486,37.51882941779881],[126.9118854696001,37.51881005262977],[126.91193299628286,37.51876740047375],[126.91195485177215,37.51874757756767],[126.91193198620995,37.518723620680184],[126.91191060349874,37.51869882701308],[126.91188642337428,37.51866758100926],[126.91187792951902,37.51865302363165],[126.91186819375301,37.518636338805436],[126.91178314330423,37.51865423962817],[126.91177926202988,37.51865538899379]]]}},{"type":"Feature","id":28,"properties":{"model_ref_id":28,"source_type":"MODEL_REFERENCE","model_use":"역세권활성화 간선가로형","reference_name":"노선형 상업지역 판정용 참조도형"},"geometry":{"type":"Polygon","coordinates":[[[126.9098425503724,37.51906314273798],[126.90972694999057,37.519086638450695],[126.90958106056301,37.51911628276112],[126.9095810597818,37.519116282928074],[126.909603912178,37.51918630670996],[126.90962374065606,37.51924705964344],[126.90972701487645,37.51922531768597],[126.90984621487786,37.51919997688702],[126.91007216521486,37.51915369997267],[126.91021809109485,37.51912283875058],[126.91050862748229,37.5190616012682],[126.9106854978558,37.519025410980404],[126.91068289146183,37.51901746307972],[126.91065688183298,37.518938245887625],[126.91064273936028,37.518895259605046],[126.91049403118011,37.51892764984321],[126.91046296151666,37.518934068465455],[126.9104589331232,37.51893524470202],[126.9103769360577,37.518952777612306],[126.9103756462208,37.51895302887724],[126.91032212848097,37.518964114089364],[126.91029461155455,37.51896979484334],[126.91026446908769,37.51897647452683],[126.91023613788143,37.51898202038044],[126.91014049619749,37.51900171288716],[126.91013720354044,37.51900249505846],[126.90995523242765,37.51903952568206],[126.9098425503724,37.51906314273798]]]}},{"type":"Feature","id":29,"properties":{"model_ref_id":29,"source_type":"MODEL_REFERENCE","model_use":"역세권활성화 간선가로형","reference_name":"노선형 상업지역 판정용 참조도형"},"geometry":{"type":"Polygon","coordinates":[[[126.90846824937688,37.51935200581998],[126.9084786357405,37.51939485501934],[126.90849973555167,37.51948368581193],[126.90953655057339,37.51926541538389],[126.9095191221345,37.51921171955932],[126.90949411780728,37.519134864566915],[126.90938208079827,37.519158651813754],[126.9092948673373,37.5191771610123],[126.90927102712767,37.51918237773333],[126.90917975158757,37.51920179271941],[126.90907271467243,37.51922453055671],[126.90904355693563,37.51923055208921],[126.90891158240377,37.51925854071572],[126.9088487747804,37.51927166219894],[126.90877980025567,37.519286383388014],[126.90871764844657,37.51929967741345],[126.90860192152351,37.51932428103906],[126.9084682502412,37.51935200562567],[126.90846824937688,37.51935200581998]]]}},{"type":"Feature","id":30,"properties":{"model_ref_id":30,"source_type":"MODEL_REFERENCE","model_use":"역세권활성화 간선가로형","reference_name":"노선형 상업지역 판정용 참조도형"},"geometry":{"type":"Polygon","coordinates":[[[126.90815127002506,37.519417658718524],[126.90808600721193,37.51943100397154],[126.90808600482922,37.51943100449034],[126.90804866911246,37.51947334642971],[126.90805656921995,37.519505410025396],[126.90807338092196,37.51957343902878],[126.90843288742423,37.519497758331724],[126.90841945931805,37.519443551088756],[126.90840035992589,37.51936726814547],[126.90839499836345,37.519367822370896],[126.90815127002506,37.519417658718524]]]}},{"type":"Feature","id":31,"properties":{"model_ref_id":31,"source_type":"MODEL_REFERENCE","model_use":"역세권활성화 간선가로형","reference_name":"노선형 상업지역 판정용 참조도형"},"geometry":{"type":"Polygon","coordinates":[[[126.9045622666237,37.52079690801855],[126.90458400608209,37.52099666304085],[126.90462466521888,37.52099343842228],[126.90472321225869,37.52098679010162],[126.90475097412786,37.52098498419831],[126.90474053255289,37.520881992608416],[126.90473183599575,37.52079399490485],[126.9047314110366,37.52079026446175],[126.90472239751983,37.52071107815303],[126.90471811003212,37.520676801008555],[126.9047079302277,37.52058990127079],[126.90470590500455,37.52057296101395],[126.90469733952922,37.52049723535019],[126.90469363435501,37.520495017154055],[126.90459823722595,37.52043790516664],[126.90450072835264,37.52037818748536],[126.90444670014013,37.52034594110017],[126.90440285644681,37.520319388427595],[126.90435731687724,37.52029217660092],[126.90431207244497,37.5202642081734],[126.90429871241669,37.52025619623498],[126.9042477472182,37.5202251136917],[126.90420068161914,37.52023234619548],[126.90415177053217,37.52023997266931],[126.90412844670038,37.52024338230269],[126.90411101746666,37.52024593011759],[126.9040712470584,37.52025214065159],[126.90406210521867,37.52025356556317],[126.90403359369283,37.52025789254172],[126.90407125827593,37.520285619568085],[126.90412479891134,37.52031859551712],[126.90427273904567,37.52041005243629],[126.90453325429266,37.52057107826628],[126.9045622666237,37.52079690801855]]]}},{"type":"Feature","id":32,"properties":{"model_ref_id":32,"source_type":"MODEL_REFERENCE","model_use":"역세권활성화 간선가로형","reference_name":"노선형 상업지역 판정용 참조도형"},"geometry":{"type":"Polygon","coordinates":[[[126.9048007498992,37.52142261732107],[126.90477879683644,37.521230112049096],[126.90476013364713,37.521056395098356],[126.90459189877137,37.521068511676546],[126.90462263872405,37.52133064040208],[126.90464666935581,37.521551636660206],[126.90465668042513,37.52166370984354],[126.90468716307869,37.52192480540314],[126.90471967838033,37.52219459741627],[126.90479269780295,37.522188999714665],[126.90489046693905,37.52218153071117],[126.9048787174744,37.52208361062787],[126.9048652051999,37.52196701160373],[126.90484229281574,37.52176394598891],[126.90482894026354,37.5216636639735],[126.90481698810942,37.521573789526855],[126.9048007498992,37.52142261732107]]]}},{"type":"Feature","id":33,"properties":{"model_ref_id":33,"source_type":"MODEL_REFERENCE","model_use":"역세권활성화 간선가로형","reference_name":"노선형 상업지역 판정용 참조도형"},"geometry":{"type":"Polygon","coordinates":[[[126.9053497827682,37.521679373886144],[126.90517337429044,37.521695376273115],[126.90517337428926,37.52169537717409],[126.90519778285736,37.521853502704104],[126.90519792149169,37.52185995389034],[126.90521593678109,37.522010983344366],[126.90522279273965,37.522071013716456],[126.90523138555388,37.52214362962983],[126.90523571700565,37.52214367825478],[126.90537987908709,37.522125939949106],[126.90539045794321,37.52212438097586],[126.90540029781467,37.52212321404395],[126.9053901602957,37.52203159702731],[126.90535019643579,37.521683116029976],[126.90534978276705,37.52167937478712],[126.9053497827682,37.521679373886144]]]}},{"type":"Feature","id":34,"properties":{"model_ref_id":34,"source_type":"MODEL_REFERENCE","model_use":"역세권활성화 간선가로형","reference_name":"노선형 상업지역 판정용 참조도형"},"geometry":{"type":"Polygon","coordinates":[[[126.90542636242138,37.522377227761545],[126.9054081798965,37.52219565278322],[126.90523845050114,37.52221690364844],[126.90523845060052,37.522216904679404],[126.90525469171277,37.522383997257485],[126.90525734863897,37.522411101162135],[126.90525796276438,37.52241726532626],[126.90526251467496,37.52246589449043],[126.90531687732542,37.52251203399631],[126.9053920625772,37.52257595130797],[126.90545941735947,37.52256684086788],[126.90559667017446,37.52254604190638],[126.90542792626154,37.52240984480292],[126.90542645926246,37.52240709557872],[126.90542607177245,37.52239106669009],[126.90542636242138,37.522377227761545]]]}},{"type":"Feature","id":35,"properties":{"model_ref_id":35,"source_type":"MODEL_REFERENCE","model_use":"역세권활성화 간선가로형","reference_name":"노선형 상업지역 판정용 참조도형"},"geometry":{"type":"Polygon","coordinates":[[[126.90491192293399,37.52237395442956],[126.90491095098888,37.5223646284011],[126.90490985608531,37.522354176035996],[126.90489827953078,37.52225375135574],[126.90476431950908,37.52226372203814],[126.9047520564261,37.52226427945775],[126.90472831644513,37.52226627044835],[126.90475349921323,37.52247521986222],[126.90457652790839,37.52270312106428],[126.90480698114519,37.522667353501554],[126.90486709066253,37.522582892227575],[126.90487185623806,37.522575724602355],[126.90487008751562,37.522566289518174],[126.90487832195335,37.52256599989317],[126.90487833449778,37.52256598102577],[126.90492623261272,37.522497972235264],[126.90492191487532,37.52246013363962],[126.90492118481774,37.52245382565832],[126.90491192293399,37.52237395442956]]]}},{"type":"Feature","id":36,"properties":{"model_ref_id":36,"source_type":"MODEL_REFERENCE","model_use":"역세권활성화 간선가로형","reference_name":"노선형 상업지역 판정용 참조도형"},"geometry":{"type":"Polygon","coordinates":[[[126.90505154380408,37.52356690741184],[126.90505002674263,37.523554391466334],[126.9050499786062,37.52355400400148],[126.90504990470139,37.523553425506655],[126.9050371460317,37.52346567677225],[126.90502270604912,37.523340130218955],[126.90501609687279,37.52328173174132],[126.90500142721788,37.523150211444275],[126.9049939825244,37.5230906229667],[126.90499350416104,37.52308445981562],[126.90499358695398,37.52308170286276],[126.90497792067501,37.52295111875809],[126.90497764022744,37.52294931655039],[126.90496148226067,37.52293515763308],[126.90484951674328,37.522840397387895],[126.90478575688495,37.522849742151124],[126.90465462669891,37.52286958387801],[126.9048144902094,37.523013502497335],[126.9048478416815,37.523313396858704],[126.90486531187045,37.523465759336574],[126.90493786712246,37.52410170499835],[126.90496435039154,37.524097325602575],[126.90510955431961,37.524073011292955],[126.90510227626666,37.524006962890795],[126.90509359526148,37.52393243503364],[126.90509203861079,37.52392036952289],[126.90507775924966,37.52379296708525],[126.90505383298229,37.52358581025097],[126.90505154380408,37.52356690741184]]]}},{"type":"Feature","id":37,"properties":{"model_ref_id":37,"source_type":"MODEL_REFERENCE","model_use":"역세권활성화 간선가로형","reference_name":"노선형 상업지역 판정용 참조도형"},"geometry":{"type":"Polygon","coordinates":[[[126.90513962394242,37.52434047626691],[126.90512812290523,37.52424239427246],[126.90511764591065,37.5241484576656],[126.904992347392,37.52416741862394],[126.9049461782427,37.52417455114947],[126.90504827176616,37.525069379274974],[126.90509594227214,37.52506212178438],[126.90521718101256,37.525043193397586],[126.90520692890613,37.524950130955155],[126.90519760492833,37.5248653673709],[126.90518883633105,37.524779802366155],[126.9051795365844,37.524693840485114],[126.90516964000426,37.52460580583704],[126.9051677062351,37.52458797369811],[126.90515963002838,37.52451799633971],[126.90515546977687,37.52448125964354],[126.90514986850228,37.52443052942122],[126.90513962394242,37.52434047626691]]]}},{"type":"Feature","id":38,"properties":{"model_ref_id":38,"source_type":"MODEL_REFERENCE","model_use":"역세권활성화 간선가로형","reference_name":"노선형 상업지역 판정용 참조도형"},"geometry":{"type":"Polygon","coordinates":[[[126.90554748157592,37.52494403352016],[126.90554538632448,37.52492439064053],[126.90554438240706,37.5249149831364],[126.90554438288319,37.52491498342392],[126.90554399906857,37.52491138517832],[126.9055461604708,37.52493170782652],[126.90554748157592,37.52494403352016]]]}},{"type":"Feature","id":39,"properties":{"model_ref_id":39,"source_type":"MODEL_REFERENCE","model_use":"역세권활성화 간선가로형","reference_name":"노선형 상업지역 판정용 참조도형"},"geometry":{"type":"Polygon","coordinates":[[[126.90555619331224,37.52504580900981],[126.90556283630727,37.525096043623385],[126.90557097303041,37.52516331803618],[126.90558130669956,37.52524619907291],[126.90561928801093,37.5252676372392],[126.9056400365397,37.5252802016621],[126.90566333861496,37.525276809569135],[126.9057572369467,37.525263872948265],[126.90575263694309,37.5252104713875],[126.90573434658964,37.52505118882828],[126.90573083036709,37.525019173858674],[126.90566732605144,37.5250288972396],[126.90555619331452,37.52504580720783],[126.90555619331224,37.52504580900981]]]}},{"type":"Feature","id":40,"properties":{"model_ref_id":40,"source_type":"MODEL_REFERENCE","model_use":"역세권활성화 간선가로형","reference_name":"노선형 상업지역 판정용 참조도형"},"geometry":{"type":"Polygon","coordinates":[[[126.90507887454073,37.525120464567884],[126.90506757092189,37.52512227518742],[126.90505452954622,37.52512422669725],[126.90507091018016,37.52526779728615],[126.90507645686797,37.525317021910254],[126.9050826399956,37.525368573760204],[126.90516833999467,37.525353941920685],[126.90524297732614,37.52527439003169],[126.90524275974121,37.52526774957663],[126.90523957607547,37.52523678001409],[126.90523957812383,37.525236780070536],[126.90523445994101,37.52518696020092],[126.9052245075284,37.52509826779799],[126.90513658016215,37.52511162867503],[126.90507887454073,37.525120464567884]]]}},{"type":"Feature","id":41,"properties":{"model_ref_id":41,"source_type":"MODEL_REFERENCE","model_use":"역세권활성화 간선가로형","reference_name":"노선형 상업지역 판정용 참조도형"},"geometry":{"type":"Polygon","coordinates":[[[126.90173058829355,37.533348196810174],[126.9017987402653,37.53336068628509],[126.90178879338666,37.53333474094075],[126.9017432207756,37.533276624320074],[126.90181063972751,37.5332431023765],[126.9018077935625,37.53323946896431],[126.9018316387172,37.5332276137631],[126.9017949987762,37.53322106887682],[126.90167650641489,37.533278710003145],[126.90173058829355,37.533348196810174]]]}},{"type":"Feature","id":42,"properties":{"model_ref_id":42,"source_type":"MODEL_REFERENCE","model_use":"역세권활성화 간선가로형","reference_name":"노선형 상업지역 판정용 참조도형"},"geometry":{"type":"Polygon","coordinates":[[[126.9027610275008,37.53331293868171],[126.90268141502449,37.5332115820366],[126.9026680297696,37.53319463122802],[126.90239807236367,37.53332879256876],[126.90185280620086,37.533231394843526],[126.90190717039283,37.5333007220215],[126.90200603974647,37.533318934467395],[126.9019902970187,37.533373133317816],[126.90189413091294,37.53335542772579],[126.90188786443613,37.5333770190425],[126.90242608042404,37.533475650089166],[126.90243003994381,37.533475887718204],[126.90275969281747,37.53331386446254],[126.9027610275008,37.53331293868171]]]}},{"type":"Feature","id":43,"properties":{"model_ref_id":43,"source_type":"MODEL_REFERENCE","model_use":"역세권활성화 간선가로형","reference_name":"노선형 상업지역 판정용 참조도형"},"geometry":{"type":"Polygon","coordinates":[[[126.9032063557489,37.53341255029395],[126.90313781643101,37.533446648716875],[126.90295027495463,37.533538539820185],[126.90292520250127,37.53355082898529],[126.9028591426218,37.53358346074021],[126.90284587394449,37.53359008074115],[126.90279347859666,37.53361614685304],[126.90275642413751,37.53363425224298],[126.90269877687287,37.53366198067725],[126.9026096545843,37.533706458680676],[126.90260741554883,37.53371407010672],[126.90253511368816,37.53397172657339],[126.90259154653096,37.53398082948483],[126.9025973555576,37.533977104343855],[126.90263702674125,37.53394831553843],[126.9026464041285,37.53394124176124],[126.90266157932852,37.53393036174078],[126.902731423605,37.53387697460076],[126.9027359226327,37.53387356334541],[126.90276047100836,37.533788981966374],[126.90290498623192,37.53371893579705],[126.90295438183091,37.53369407441531],[126.90330517963379,37.53352389561692],[126.90349312603502,37.53342948669196],[126.90349722032818,37.53342195790094],[126.90350332737587,37.53340674539678],[126.9034235430478,37.53330475066314],[126.9033419954153,37.53334580270073],[126.9033048728836,37.533364250580924],[126.90324890039983,37.533392034758506],[126.9032063557489,37.53341255029395]]]}},{"type":"Feature","id":44,"properties":{"model_ref_id":44,"source_type":"MODEL_REFERENCE","model_use":"역세권활성화 간선가로형","reference_name":"노선형 상업지역 판정용 참조도형"},"geometry":{"type":"Polygon","coordinates":[[[126.90134404746989,37.53366829123113],[126.90136910804681,37.53358464726547],[126.9013767492496,37.5335564259577],[126.90138785179879,37.5335203690518],[126.90127554760075,37.5333727449331],[126.9012619509888,37.53335510793211],[126.90108442599704,37.533952715846056],[126.90106449004084,37.53401984009215],[126.90087829196403,37.534116335606456],[126.90096795531906,37.534230686472156],[126.90106715747248,37.534179695278695],[126.90111800361151,37.534153772756724],[126.9011190342075,37.534153016817996],[126.90121452262191,37.53410391436542],[126.90124751766226,37.53399299542421],[126.9012682028441,37.53392389863356],[126.90129700461438,37.53382644579891],[126.90133072973475,37.53371093243047],[126.90134404746989,37.53366829123113]]]}},{"type":"Feature","id":45,"properties":{"model_ref_id":45,"source_type":"MODEL_REFERENCE","model_use":"역세권활성화 간선가로형","reference_name":"노선형 상업지역 판정용 참조도형"},"geometry":{"type":"Polygon","coordinates":[[[126.90271794996252,37.533935488018614],[126.9026818873967,37.533964418238554],[126.9026759864397,37.533969206468775],[126.9026058988096,37.534018358735224],[126.90253982183376,37.53401272543021],[126.90251954925851,37.53401127561219],[126.90249611828668,37.534095470805035],[126.90249469665919,37.53410097461761],[126.90255963307774,37.53413879919707],[126.90256598557508,37.53414321943088],[126.90258718242858,37.53415571611177],[126.9026443657324,37.53418902071344],[126.90271794996252,37.533935488018614]]]}},{"type":"Feature","id":46,"properties":{"model_ref_id":46,"source_type":"MODEL_REFERENCE","model_use":"역세권활성화 간선가로형","reference_name":"노선형 상업지역 판정용 참조도형"},"geometry":{"type":"Polygon","coordinates":[[[126.90262706219463,37.53422463364615],[126.90260369473177,37.53421084344905],[126.90248175646477,37.534140931327954],[126.90245656031762,37.53420849303672],[126.9025006085723,37.53426505815623],[126.9025660593886,37.534349671355436],[126.90262706219463,37.53422463364615]]]}},{"type":"Feature","id":47,"properties":{"model_ref_id":47,"source_type":"MODEL_REFERENCE","model_use":"역세권활성화 간선가로형","reference_name":"노선형 상업지역 판정용 참조도형"},"geometry":{"type":"Polygon","coordinates":[[[126.90080258016133,37.53415557242608],[126.90059623272509,37.534257781652265],[126.90032581186232,37.53438778968738],[126.9003685022458,37.53444270133431],[126.90036880715458,37.53444311605274],[126.90041672399967,37.5345070094824],[126.90054684272695,37.5344430805659],[126.90054737485283,37.53444281073194],[126.90055750767432,37.53443782806355],[126.9006847970828,37.53437457211534],[126.9007338987393,37.534350405170045],[126.90073406855917,37.534350324228434],[126.9008927741358,37.53427221097835],[126.90080258016133,37.53415557242608]]]}},{"type":"Feature","id":48,"properties":{"model_ref_id":48,"source_type":"MODEL_REFERENCE","model_use":"역세권활성화 간선가로형","reference_name":"노선형 상업지역 판정용 참조도형"},"geometry":{"type":"Polygon","coordinates":[[[126.9013559335793,37.53430519925755],[126.90111511947474,37.53442748971615],[126.90111329719224,37.53442802873504],[126.90109360879556,37.53443787753649],[126.90108720041111,37.5344413137704],[126.9010848460042,37.53444212262525],[126.90108317039788,37.53444295909557],[126.90094827248745,37.53451041649943],[126.90102098201227,37.53460578558252],[126.90103016409616,37.5346176775133],[126.90103543361748,37.53462456254564],[126.90122088321364,37.53452681549354],[126.90139116767607,37.53443680953628],[126.90169518226612,37.53449458711499],[126.90171002070069,37.53444317416816],[126.90171012301384,37.53444281386167],[126.90173215235961,37.53436675352884],[126.9016923262532,37.534359106034586],[126.90160531004203,37.534342804587965],[126.90152176566974,37.53432711916497],[126.90150978686542,37.534334046025066],[126.9013559336071,37.534305199262725],[126.9013559335793,37.53430519925755]]]}},{"type":"Feature","id":49,"properties":{"model_ref_id":49,"source_type":"MODEL_REFERENCE","model_use":"역세권활성화 간선가로형","reference_name":"노선형 상업지역 판정용 참조도형"},"geometry":{"type":"Polygon","coordinates":[[[126.90202948708475,37.534422626022156],[126.90202948382982,37.53442262223264],[126.90193995003698,37.534404601783756],[126.90182323080911,37.5343827069787],[126.901805012538,37.534443372749955],[126.9017845193396,37.53451156534427],[126.90215507413592,37.534581987311654],[126.90213669666085,37.53455818985944],[126.90206209716631,37.53446219816564],[126.90202948708475,37.534422626022156]]]}},{"type":"Feature","id":50,"properties":{"model_ref_id":50,"source_type":"MODEL_REFERENCE","model_use":"역세권활성화 간선가로형","reference_name":"노선형 상업지역 판정용 참조도형"},"geometry":{"type":"Polygon","coordinates":[[[126.90073416807596,37.53461709715352],[126.90055525204731,37.53470532773095],[126.9005552533818,37.53470532964139],[126.90054453257885,37.53471061390998],[126.90018528290969,37.53488777263606],[126.90027335035299,37.53500168675245],[126.9007312437439,37.534778380054526],[126.90097788277015,37.53465462600293],[126.90096582649365,37.534638840142655],[126.90088958112744,37.534539512641345],[126.90076704627575,37.534600727687945],[126.90075613226458,37.53460608811165],[126.90075073218514,37.53460850708658],[126.90073776851939,37.534615199192295],[126.90073416807596,37.53461709715352]]]}},{"type":"Feature","id":51,"properties":{"model_ref_id":51,"source_type":"MODEL_REFERENCE","model_use":"역세권활성화 간선가로형","reference_name":"노선형 상업지역 판정용 참조도형"},"geometry":{"type":"Polygon","coordinates":[[[126.89906903220574,37.535439694606076],[126.89915756806643,37.535552347033374],[126.8993301793664,37.53546751131616],[126.89978821414114,37.535242269792484],[126.90015762326799,37.535058124359324],[126.9001729331312,37.535050658080195],[126.90008257635161,37.53493578726839],[126.90006422408531,37.53494488008377],[126.90006407058772,37.53494495470876],[126.90004147753797,37.53495614869878],[126.90002752410902,37.53496272228114],[126.90002742883057,37.53496276860201],[126.899696877394,37.535126891697395],[126.89966078357106,37.53514468160604],[126.89955165107891,37.53519976239232],[126.89950090691005,37.535224675220135],[126.89935519423318,37.535297166831754],[126.89921132655893,37.535368876026986],[126.89906903250865,37.53543969445551],[126.89906903220574,37.535439694606076]]]}},{"type":"Feature","id":52,"properties":{"model_ref_id":52,"source_type":"MODEL_REFERENCE","model_use":"역세권활성화 간선가로형","reference_name":"노선형 상업지역 판정용 참조도형"},"geometry":{"type":"Polygon","coordinates":[[[126.89824867330802,37.53592932990734],[126.8982577925068,37.53594078583471],[126.89828856657553,37.535979440712154],[126.89907871271163,37.53559110304157],[126.89903732719783,37.53553824264187],[126.89898857234871,37.53547596950982],[126.89876255125067,37.53558908697331],[126.8985334705371,37.53570493143312],[126.89827342465945,37.53583519979014],[126.89824867330802,37.53592932990734]]]}},{"type":"Feature","id":53,"properties":{"model_ref_id":53,"source_type":"MODEL_REFERENCE","model_use":"역세권활성화 간선가로형","reference_name":"노선형 상업지역 판정용 참조도형"},"geometry":{"type":"Polygon","coordinates":[[[126.91660966603264,37.59908721426281],[126.91662469425599,37.59914458138296],[126.9166293019396,37.59914552177085],[126.91735146579374,37.59930155662807],[126.91731960456683,37.59917899887759],[126.91712678719774,37.59913802839154],[126.91688857096929,37.59908741814839],[126.91659687707197,37.59903099775865],[126.91660966603264,37.59908721426281]]]}},{"type":"Feature","id":54,"properties":{"model_ref_id":54,"source_type":"MODEL_REFERENCE","model_use":"역세권활성화 간선가로형","reference_name":"노선형 상업지역 판정용 참조도형"},"geometry":{"type":"Polygon","coordinates":[[[126.91740171258147,37.599196445356675],[126.91741121993851,37.59923366641818],[126.91743354294141,37.599319275305554],[126.91755648970255,37.59934612338513],[126.917777137601,37.599392412926235],[126.91781959184728,37.59940118304855],[126.91795102861708,37.59942884750259],[126.917985944965,37.59932683742142],[126.91779170206031,37.599280432160796],[126.91741760116471,37.59919982138783],[126.91740171258147,37.599196445356675]]]}},{"type":"Feature","id":55,"properties":{"model_ref_id":55,"source_type":"MODEL_REFERENCE","model_use":"역세권활성화 간선가로형","reference_name":"노선형 상업지역 판정용 참조도형"},"geometry":{"type":"Polygon","coordinates":[[[126.91801828606349,37.59933456377819],[126.91801828597774,37.59933456402742],[126.91798318020166,37.59943589827662],[126.91798318125434,37.599435898507465],[126.91811473274784,37.59946329279066],[126.91824333939853,37.59949041429694],[126.91827901512922,37.599385476469486],[126.91827901519835,37.59938547626462],[126.9181490464832,37.5993603359467],[126.91801828711014,37.59933456402825],[126.91801828606349,37.59933456377819]]]}},{"type":"Feature","id":56,"properties":{"model_ref_id":56,"source_type":"MODEL_REFERENCE","model_use":"역세권활성화 간선가로형","reference_name":"노선형 상업지역 판정용 참조도형"},"geometry":{"type":"Polygon","coordinates":[[[126.918318500473,37.59939611831003],[126.91830969268865,37.59939423795854],[126.91827526445795,37.599497554921804],[126.91827526551198,37.599497555157576],[126.9184288935512,37.59952946982008],[126.9185765199577,37.599560568887924],[126.91861037978326,37.599458873174676],[126.91846060364591,37.59942642092261],[126.9183185008631,37.599396116151375],[126.918318500473,37.59939611831003]]]}},{"type":"Feature","id":57,"properties":{"model_ref_id":57,"source_type":"MODEL_REFERENCE","model_use":"역세권활성화 간선가로형","reference_name":"노선형 상업지역 판정용 참조도형"},"geometry":{"type":"Polygon","coordinates":[[[126.91868962513102,37.59947776022151],[126.91864154987113,37.59946630214709],[126.9186096908654,37.59956762000141],[126.91860969298875,37.59956762045277],[126.91868950583564,37.599583444587935],[126.91875641580219,37.59959673672486],[126.91893325011388,37.599634793699906],[126.91896097841219,37.59949488024375],[126.91880084487326,37.59946110852587],[126.91878880007633,37.59949796875723],[126.91868962513102,37.59947776022151]]]}},{"type":"Feature","id":58,"properties":{"model_ref_id":58,"source_type":"MODEL_REFERENCE","model_use":"역세권활성화 간선가로형","reference_name":"노선형 상업지역 판정용 참조도형"},"geometry":{"type":"Polygon","coordinates":[[[126.91913227784929,37.59967611016635],[126.91930549151327,37.59971281277914],[126.91947791260267,37.599748703259614],[126.91952391767724,37.599613731263304],[126.91947307038906,37.59960287735345],[126.91902659741464,37.599508719037225],[126.91899959227933,37.59964862566033],[126.91899959445682,37.59964862611429],[126.91913227784929,37.59967611016635]]]}},{"type":"Feature","id":59,"properties":{"model_ref_id":59,"source_type":"MODEL_REFERENCE","model_use":"역세권활성화 간선가로형","reference_name":"노선형 상업지역 판정용 참조도형"},"geometry":{"type":"Polygon","coordinates":[[[126.91952070734611,37.59975801403505],[126.91969041084516,37.59979390249808],[126.91973601073454,37.59965900457606],[126.91956685014276,37.59962289564817],[126.9195207062918,37.59975801380565],[126.91952070734611,37.59975801403505]]]}},{"type":"Feature","id":60,"properties":{"model_ref_id":60,"source_type":"MODEL_REFERENCE","model_use":"역세권활성화 간선가로형","reference_name":"노선형 상업지역 판정용 참조도형"},"geometry":{"type":"Polygon","coordinates":[[[126.92015741169513,37.59989162679589],[126.92019536408833,37.59977371594727],[126.92005011233132,37.59974370152273],[126.9199045214773,37.59971323619272],[126.91976447851768,37.59968358547524],[126.9197235821959,37.59980068324107],[126.91972358325306,37.599800683457204],[126.91986713711226,37.59983006640389],[126.92001182226957,37.59986053114246],[126.92015741169513,37.59989162679589]]]}},{"type":"Feature","id":61,"properties":{"model_ref_id":61,"source_type":"MODEL_REFERENCE","model_use":"역세권활성화 간선가로형","reference_name":"노선형 상업지역 판정용 참조도형"},"geometry":{"type":"Polygon","coordinates":[[[126.92023107553432,37.599764857573675],[126.92018888491764,37.599898135702986],[126.92018888704372,37.599898136142656],[126.9203376487595,37.599928873635555],[126.92047735145916,37.59995861353172],[126.92070717255172,37.600007426740525],[126.92099088315739,37.60006645772051],[126.92098731786841,37.600061550609446],[126.9208721798144,37.59990307911657],[126.9206185450689,37.59984820753805],[126.92023107553432,37.599764857573675]]]}},{"type":"Feature","id":62,"properties":{"model_ref_id":62,"source_type":"MODEL_REFERENCE","model_use":"역세권활성화 간선가로형","reference_name":"노선형 상업지역 판정용 참조도형"},"geometry":{"type":"Polygon","coordinates":[[[126.92190990363196,37.60009214073283],[126.92186617280686,37.6001118416501],[126.92175125994167,37.600087994833395],[126.92151996499304,37.60003993135048],[126.92110207393362,37.59995281408506],[126.92105424884552,37.59994246771549],[126.92112057680252,37.60003474363452],[126.92117236341566,37.600104875468325],[126.92151981263464,37.60017958967819],[126.92156770325907,37.60018939021924],[126.92175189865873,37.600229520526725],[126.92191662488823,37.600263690534646],[126.92198475574985,37.6001952633844],[126.92190990363196,37.60009214073283]]]}},{"type":"Feature","id":63,"properties":{"model_ref_id":63,"source_type":"MODEL_REFERENCE","model_use":"역세권활성화 간선가로형","reference_name":"노선형 상업지역 판정용 참조도형"},"geometry":{"type":"Polygon","coordinates":[[[126.93164259335464,37.6082490094049],[126.93171322990476,37.608164270416005],[126.93172162021592,37.60815409447463],[126.93182886528926,37.60803937507942],[126.93177679292823,37.608015107437765],[126.93174622091672,37.60800905244638],[126.93174963289164,37.60799391813589],[126.93172055485567,37.607990950413104],[126.93142140459327,37.60831716926199],[126.93133428755846,37.608409833163634],[126.93134696455992,37.60841136599497],[126.93139838320981,37.60840887448762],[126.93140812241593,37.60840933088589],[126.93147196826855,37.60843865128484],[126.93147774226435,37.60844057386127],[126.93147817244801,37.60844075431701],[126.93147817452682,37.608440755175685],[126.93147819512421,37.6084407273015],[126.93155222898457,37.60835662115382],[126.93163476979562,37.60825864509867],[126.93164259335464,37.6082490094049]]]}},{"type":"Feature","id":64,"properties":{"model_ref_id":64,"source_type":"MODEL_REFERENCE","model_use":"역세권활성화 간선가로형","reference_name":"노선형 상업지역 판정용 참조도형"},"geometry":{"type":"Polygon","coordinates":[[[126.93142218773814,37.608504392221874],[126.93145290719596,37.60847494899446],[126.93145240919928,37.60847462434163],[126.93144532416729,37.60846989893832],[126.93143186684878,37.608461223400795],[126.93140865325239,37.60844627115921],[126.9314085739849,37.60844626210136],[126.93131104545913,37.60843455495629],[126.9312185675211,37.60853291948076],[126.93121861622461,37.60853291410456],[126.93142218773814,37.608504392221874]]]}},{"type":"Feature","id":65,"properties":{"model_ref_id":65,"source_type":"MODEL_REFERENCE","model_use":"역세권활성화 간선가로형","reference_name":"노선형 상업지역 판정용 참조도형"},"geometry":{"type":"Polygon","coordinates":[[[126.95341346167075,37.51248628401667],[126.95343558290622,37.51248563634036],[126.95351446491922,37.51248341695877],[126.95357472924172,37.512481712305245],[126.9535779528384,37.51248162355585],[126.95366279771855,37.512458954112944],[126.95369743073289,37.51242491118382],[126.95371850313639,37.512372329232825],[126.95345694191447,37.5123762471773],[126.95324503507632,37.51238084320251],[126.95252750580435,37.51240276602352],[126.95232121367766,37.5124082667356],[126.95235707600345,37.51247110515857],[126.95238057282124,37.51251454292244],[126.95238057816742,37.51251455209225],[126.95242172353932,37.512512650931825],[126.95242172229783,37.512512650461744],[126.95242277421693,37.51251260867206],[126.9524423761309,37.51251182138847],[126.95245189995104,37.512511465437434],[126.95245237501078,37.512511447254575],[126.95245347217529,37.51251140267486],[126.95245621293577,37.51251135261752],[126.95257252969884,37.5125092191367],[126.9525960561644,37.512508796708794],[126.95262416354026,37.5125082816266],[126.95265225954631,37.512507766533965],[126.9526522880349,37.51250776605495],[126.95274406237068,37.51250518090278],[126.95294504952473,37.512499519131566],[126.95294504952575,37.512499519131524],[126.95341344752023,37.51248627575718],[126.95341346167075,37.51248628401667]]]}},{"type":"Feature","id":66,"properties":{"model_ref_id":66,"source_type":"MODEL_REFERENCE","model_use":"역세권활성화 간선가로형","reference_name":"노선형 상업지역 판정용 참조도형"},"geometry":{"type":"Polygon","coordinates":[[[126.954916683547,37.512496691124184],[126.95472031440423,37.51238412339617],[126.95471904109867,37.5123869552668],[126.95471778839784,37.5123897447275],[126.95468652133962,37.51246676562552],[126.95485634780252,37.5125583751252],[126.954916683547,37.512496691124184]]]}},{"type":"Feature","id":67,"properties":{"model_ref_id":67,"source_type":"MODEL_REFERENCE","model_use":"역세권활성화 간선가로형","reference_name":"노선형 상업지역 판정용 참조도형"},"geometry":{"type":"Polygon","coordinates":[[[126.95208957164454,37.512520756972016],[126.95206784167827,37.51250168644764],[126.95201937349474,37.51247137426552],[126.95198495961114,37.512448231002786],[126.95202546969936,37.512455105030185],[126.9520408547454,37.512467977800114],[126.95203412719722,37.51244798194221],[126.95195726696868,37.51242113529284],[126.9519551919168,37.51241920758834],[126.95186632831171,37.51242263663159],[126.95197576953845,37.51252578175211],[126.95201268666723,37.512524502719565],[126.95208933573517,37.51252244218982],[126.95208957164454,37.512520756972016]]]}},{"type":"Feature","id":68,"properties":{"model_ref_id":68,"source_type":"MODEL_REFERENCE","model_use":"역세권활성화 간선가로형","reference_name":"노선형 상업지역 판정용 참조도형"},"geometry":{"type":"Polygon","coordinates":[[[126.95184809174984,37.51242310499861],[126.95173554095572,37.512425995562225],[126.95170894900694,37.51242688229846],[126.95167515201031,37.51242800555974],[126.95159613399116,37.512430637208084],[126.9514553033685,37.512434932586146],[126.9514553698983,37.51243503573076],[126.95150916174329,37.512519671114084],[126.95158012833849,37.512514602445314],[126.95163795259738,37.512508563958264],[126.95176214571501,37.51250559961027],[126.95173601883161,37.51252818286051],[126.95177415162199,37.51253094064066],[126.95195780820612,37.512526065304186],[126.95192989670188,37.51250187913161],[126.95187335748635,37.51244807460544],[126.95186156877388,37.512435915153134],[126.95184809174984,37.51242310499861]]]}},{"type":"Feature","id":69,"properties":{"model_ref_id":69,"source_type":"MODEL_REFERENCE","model_use":"역세권활성화 간선가로형","reference_name":"노선형 상업지역 판정용 참조도형"},"geometry":{"type":"Polygon","coordinates":[[[126.9511546716243,37.51254613142479],[126.95115467848164,37.51254613119894],[126.95133606531336,37.512541051753175],[126.95133608253725,37.512541003005275],[126.95146615528266,37.51254092470725],[126.95146618506534,37.51254092283942],[126.95145820325506,37.512525397189506],[126.95143453806094,37.51253016209879],[126.95143288096024,37.512489211409346],[126.95138499852635,37.51244635745107],[126.95137817210824,37.512437285042395],[126.95106316479153,37.512446892048295],[126.9507502517949,37.51245387179106],[126.95059252150486,37.51245844197339],[126.95049432809418,37.512461595053715],[126.95049432757277,37.512461595070455],[126.95049432696374,37.51246159415222],[126.95049432588708,37.51246159418678],[126.95052163936657,37.512502775202094],[126.95052164015097,37.51250277558187],[126.95055507366467,37.512518962817914],[126.95063024226177,37.51256814709369],[126.95063030045098,37.51256814517996],[126.9506304731187,37.512568242020116],[126.95072992673806,37.512565450323756],[126.95076547730147,37.51256384427753],[126.95095752990471,37.51255132207244],[126.95097477945862,37.51255019660986],[126.95107607131915,37.51254325853587],[126.95114868913562,37.51253846114931],[126.9511546716243,37.51254613142479]]]}},{"type":"Feature","id":70,"properties":{"model_ref_id":70,"source_type":"MODEL_REFERENCE","model_use":"역세권활성화 간선가로형","reference_name":"노선형 상업지역 판정용 참조도형"},"geometry":{"type":"Polygon","coordinates":[[[126.95015018564962,37.5124726434985],[126.94990867665877,37.51247802216408],[126.94994998883287,37.512543153368725],[126.94994997099505,37.51254315522625],[126.94995685150947,37.51255400622936],[126.94997359953278,37.51257969984284],[126.9501217576451,37.512573306416506],[126.95017673844453,37.512573850578626],[126.95023044115663,37.51257437316335],[126.95024070353873,37.51257444473974],[126.95028585107661,37.512511598960764],[126.95029223653965,37.51250271805685],[126.95031771046214,37.512467266486475],[126.95031771130874,37.51246726530779],[126.95015718710575,37.51247241868222],[126.95015018564962,37.5124726434985]]]}},{"type":"Feature","id":71,"properties":{"model_ref_id":71,"source_type":"MODEL_REFERENCE","model_use":"역세권활성화 간선가로형","reference_name":"노선형 상업지역 판정용 참조도형"},"geometry":{"type":"Polygon","coordinates":[[[126.94990192793281,37.51258169674144],[126.94990191854133,37.51258168407133],[126.94988520495323,37.51255913578529],[126.9498435579922,37.51249706758376],[126.94952730226701,37.51256105640971],[126.94952730183586,37.51256105648764],[126.9495467695444,37.51257147976096],[126.94958669483175,37.512601268126744],[126.94962992665674,37.51263352346726],[126.94963114757464,37.51263441599862],[126.94963115108416,37.51263441855708],[126.94963115958022,37.51263442475081],[126.94963116792874,37.51263442321571],[126.94963116860656,37.51263442309221],[126.94963115888532,37.51263441600372],[126.94968492553278,37.51262461951309],[126.9497738598689,37.51261088351511],[126.94988253410247,37.512593200990075],[126.94988253592838,37.51259319990832],[126.94988468019451,37.512581389985584],[126.94988904582088,37.51258147171176],[126.9498890458227,37.512581471711805],[126.9499019091724,37.51258171251771],[126.94990191341417,37.51258171000167],[126.94990192957134,37.51258171030088],[126.94990193309127,37.51258170821554],[126.94990192870269,37.512581700933104],[126.94990193032612,37.51258169997019],[126.94990192793281,37.51258169674144]]]}},{"type":"Feature","id":72,"properties":{"model_ref_id":72,"source_type":"MODEL_REFERENCE","model_use":"역세권활성화 간선가로형","reference_name":"노선형 상업지역 판정용 참조도형"},"geometry":{"type":"Polygon","coordinates":[[[126.95056671130666,37.51257035658284],[126.95056671066084,37.512570356224835],[126.95056658588022,37.51257036036301],[126.9505665863812,37.51257036064067],[126.95056659719089,37.51257036036806],[126.95056671130666,37.51257035658284]]]}},{"type":"Feature","id":73,"properties":{"model_ref_id":73,"source_type":"MODEL_REFERENCE","model_use":"역세권활성화 간선가로형","reference_name":"노선형 상업지역 판정용 참조도형"},"geometry":{"type":"Polygon","coordinates":[[[126.9551484063862,37.512708148599415],[126.9551726116683,37.512707527715946],[126.95519971892489,37.51265165420923],[126.954978546571,37.51253079396545],[126.95492577560515,37.51258849686217],[126.9551484063862,37.512708148599415]]]}},{"type":"Feature","id":74,"properties":{"model_ref_id":74,"source_type":"MODEL_REFERENCE","model_use":"역세권활성화 간선가로형","reference_name":"노선형 상업지역 판정용 참조도형"},"geometry":{"type":"Polygon","coordinates":[[[126.94837138421644,37.51288551314546],[126.94843074069642,37.51287298080516],[126.94851743942236,37.51285458660592],[126.94851668297504,37.51286825426417],[126.9485354570337,37.512862802931565],[126.94854211483788,37.51286086887586],[126.9485421364786,37.51286086345253],[126.94854214877661,37.51286085988165],[126.94862530898769,37.51284001328009],[126.94865883658237,37.512830498898886],[126.94869410359473,37.512820484467106],[126.9487939732273,37.51279467197061],[126.94896024381764,37.51275887890986],[126.94896025343311,37.512758877014505],[126.94896025399724,37.51275887891451],[126.94897433769445,37.512756102695725],[126.94904221280154,37.51274271751442],[126.9491548368632,37.51272220835808],[126.9492418307205,37.51270635827761],[126.94926097560374,37.51270286923048],[126.94926098978385,37.51270286660841],[126.94923968242033,37.5126693139024],[126.94931869079927,37.512633247211745],[126.9493601011479,37.51261474169316],[126.94942662302662,37.51259365270859],[126.94950530725433,37.51256778494465],[126.94952728953498,37.5125610587115],[126.94936618464682,37.51259018438915],[126.94885610908513,37.512693836533415],[126.94878236767617,37.51270821041177],[126.94853877546016,37.51275569485629],[126.94807999035473,37.51286061882014],[126.94814057654183,37.512887027902686],[126.94822030387289,37.5129206177629],[126.94825463777435,37.512912614884144],[126.94830111096528,37.51290065326744],[126.94837138421644,37.51288551314546]]]}},{"type":"Feature","id":75,"properties":{"model_ref_id":75,"source_type":"MODEL_REFERENCE","model_use":"역세권활성화 간선가로형","reference_name":"노선형 상업지역 판정용 참조도형"},"geometry":{"type":"Polygon","coordinates":[[[126.95527343495004,37.512691936355736],[126.95523719939041,37.51267213543327],[126.95519871750113,37.51274276584057],[126.95519871914684,37.5127427669729],[126.9554232704658,37.51286386054984],[126.95545964416837,37.51279167653415],[126.95527343495004,37.512691936355736]]]}},{"type":"Feature","id":76,"properties":{"model_ref_id":76,"source_type":"MODEL_REFERENCE","model_use":"역세권활성화 간선가로형","reference_name":"노선형 상업지역 판정용 참조도형"},"geometry":{"type":"Polygon","coordinates":[[[126.955466494181,37.51279534563009],[126.95544960872672,37.51283515663255],[126.9554664982614,37.5127953478157],[126.955466494181,37.51279534563009]]]}},{"type":"Feature","id":77,"properties":{"model_ref_id":77,"source_type":"MODEL_REFERENCE","model_use":"역세권활성화 간선가로형","reference_name":"노선형 상업지역 판정용 참조도형"},"geometry":{"type":"Polygon","coordinates":[[[126.95121178785553,37.51286152945193],[126.95121178404794,37.51286152955219],[126.95121177186876,37.51286152977115],[126.95121928024224,37.51286794788196],[126.95121178785553,37.51286152945193]]]}},{"type":"Feature","id":78,"properties":{"model_ref_id":78,"source_type":"MODEL_REFERENCE","model_use":"역세권활성화 간선가로형","reference_name":"노선형 상업지역 판정용 참조도형"},"geometry":{"type":"Polygon","coordinates":[[[126.95165803581628,37.51284687616319],[126.95165803488237,37.51284687615728],[126.95165803468518,37.512846876162655],[126.95165793255393,37.51284687551676],[126.95166992975216,37.51288544367672],[126.95167488575785,37.51296993591302],[126.95186991836196,37.51296445712198],[126.9520250114383,37.51296288559349],[126.9520209694673,37.51295165631872],[126.95200261234,37.51291814960888],[126.95200083561224,37.51291478315599],[126.95199968856025,37.512913515314104],[126.9519974921915,37.5129111352716],[126.95195117813694,37.512907910160834],[126.95194902178648,37.51290204378815],[126.95192236367883,37.512900185229356],[126.95190529660776,37.51289899754799],[126.95190837551823,37.5128623196066],[126.9517829847388,37.512846020437294],[126.95177735326743,37.51284417096598],[126.95177340230343,37.51284370833626],[126.95165803581628,37.51284687616319]]]}},{"type":"Feature","id":79,"properties":{"model_ref_id":79,"source_type":"MODEL_REFERENCE","model_use":"역세권활성화 간선가로형","reference_name":"노선형 상업지역 판정용 참조도형"},"geometry":{"type":"Polygon","coordinates":[[[126.95121509139882,37.51288906666348],[126.95121507791617,37.51288907423952],[126.95129241447802,37.51292472833354],[126.95121509139882,37.51288906666348]]]}},{"type":"Feature","id":80,"properties":{"model_ref_id":80,"source_type":"MODEL_REFERENCE","model_use":"역세권활성화 간선가로형","reference_name":"노선형 상업지역 판정용 참조도형"},"geometry":{"type":"Polygon","coordinates":[[[126.95150156216279,37.512945727623766],[126.95150959098886,37.51294833498481],[126.95156470051701,37.51297596531935],[126.95161864452058,37.512971429803805],[126.95163691486096,37.51290033168029],[126.95163248395777,37.51287960699886],[126.95163485042764,37.51284692042748],[126.951603372847,37.51284796594991],[126.95158919659987,37.512848440956496],[126.95158920311344,37.512848436592414],[126.95156182749771,37.51284934585864],[126.95155961647134,37.51285223925607],[126.95154459586384,37.51285220568058],[126.9515440719754,37.512857440200015],[126.95154231927283,37.51285677270401],[126.95152136378235,37.512850689827346],[126.95152133189347,37.51285069088649],[126.9514044104245,37.512854469049515],[126.9512977060608,37.5128592664161],[126.95133376474674,37.51288409872076],[126.95138173969886,37.5129079508732],[126.95147610740617,37.512937445435675],[126.95150156216279,37.512945727623766]]]}},{"type":"Feature","id":81,"properties":{"model_ref_id":81,"source_type":"MODEL_REFERENCE","model_use":"역세권활성화 간선가로형","reference_name":"노선형 상업지역 판정용 참조도형"},"geometry":{"type":"Polygon","coordinates":[[[126.95076176245509,37.512895343629374],[126.95077410324231,37.512870753137854],[126.9506423938292,37.5128740012751],[126.95067392731492,37.51290753115598],[126.95067989449862,37.5129145164675],[126.95066448195546,37.51295739672553],[126.95069267589383,37.512995115621514],[126.95106146208094,37.51298187993227],[126.95106582574508,37.51298066309562],[126.9511033962158,37.51297018631245],[126.95110340727642,37.51297017737906],[126.95117332431273,37.51291370698398],[126.95117332575566,37.512913705954055],[126.9511843124515,37.512905864190586],[126.95121507791617,37.51288907423952],[126.95121507504079,37.51288907297991],[126.9511545500048,37.512862558601604],[126.95100827978567,37.51286417911304],[126.95100797652148,37.5128641937133],[126.95100827864833,37.51286418812244],[126.95102304759233,37.51288460203295],[126.95095313494767,37.51288615697312],[126.95088005424613,37.51288922413531],[126.95080314039157,37.51289058668782],[126.95076176245509,37.512895343629374]]]}},{"type":"Feature","id":82,"properties":{"model_ref_id":82,"source_type":"MODEL_REFERENCE","model_use":"역세권활성화 간선가로형","reference_name":"노선형 상업지역 판정용 참조도형"},"geometry":{"type":"Polygon","coordinates":[[[126.95143020712337,37.512978701193425],[126.95143023549166,37.51297870062636],[126.95143027860719,37.51297869976783],[126.95142342902074,37.51297657942716],[126.95136775854982,37.51295876956454],[126.95135902188582,37.51295516370505],[126.95135499887986,37.51295350330045],[126.95136784897979,37.51295885069313],[126.95142357601065,37.512976651570526],[126.95143020712337,37.512978701193425]]]}},{"type":"Feature","id":83,"properties":{"model_ref_id":83,"source_type":"MODEL_REFERENCE","model_use":"역세권활성화 간선가로형","reference_name":"노선형 상업지역 판정용 참조도형"},"geometry":{"type":"Polygon","coordinates":[[[126.94806805760963,37.51292592592946],[126.94804414607195,37.512911408874245],[126.94799938785813,37.512882880731055],[126.94799489731544,37.51288007189],[126.94769329474447,37.512948951438084],[126.9473073700092,37.51304260883262],[126.94730959358849,37.51304848354869],[126.94733830899003,37.51312807245964],[126.94734232650116,37.513140345826976],[126.947396129594,37.513128054656164],[126.94744817585656,37.51311540067918],[126.94746036365342,37.51311243470815],[126.94753915805467,37.51309218147127],[126.94761393219638,37.513078557576684],[126.94763220415832,37.51307165555967],[126.947741653319,37.51303236964722],[126.94774907526399,37.513043372573655],[126.94788418444169,37.51301459627483],[126.94791716904106,37.5130075663431],[126.94791605408795,37.51300102464095],[126.94805100938319,37.5129608043002],[126.94806805760963,37.51292592592946]]]}},{"type":"Feature","id":84,"properties":{"model_ref_id":84,"source_type":"MODEL_REFERENCE","model_use":"역세권활성화 간선가로형","reference_name":"노선형 상업지역 판정용 참조도형"},"geometry":{"type":"Polygon","coordinates":[[[126.94728084904037,37.51304904496744],[126.94714397581798,37.51308226138344],[126.9471585131564,37.51312812270462],[126.94716611783556,37.51315330895015],[126.94717530427404,37.513180847524886],[126.94730709791087,37.51314960940311],[126.94729967143695,37.51312808126695],[126.94727667852563,37.513064757903436],[126.94728455433452,37.5130600134071],[126.94728084904037,37.51304904496744]]]}},{"type":"Feature","id":85,"properties":{"model_ref_id":85,"source_type":"MODEL_REFERENCE","model_use":"역세권활성화 간선가로형","reference_name":"노선형 상업지역 판정용 참조도형"},"geometry":{"type":"Polygon","coordinates":[[[126.94666841422696,37.51330728415106],[126.94680746707897,37.51327106026172],[126.94683767254718,37.51326343373193],[126.94690253826612,37.513247049713385],[126.94690254084338,37.51324704906242],[126.94701196618809,37.513220664769115],[126.94701424904235,37.51322011426374],[126.94713783596531,37.513190308209005],[126.9470985766487,37.51309327873347],[126.94703520651252,37.51310865701043],[126.94685579697321,37.51315174002526],[126.94681270652445,37.513162088109944],[126.94664779287127,37.51319580291345],[126.94644000247985,37.513238282426926],[126.9464711880659,37.51335471663011],[126.94662699885713,37.51331724674881],[126.94664157588115,37.51331374082293],[126.94666840774747,37.51330728583903],[126.94666841422696,37.51330728415106]]]}},{"type":"Feature","id":86,"properties":{"model_ref_id":86,"source_type":"MODEL_REFERENCE","model_use":"역세권활성화 간선가로형","reference_name":"노선형 상업지역 판정용 참조도형"},"geometry":{"type":"Polygon","coordinates":[[[126.94450141236948,37.513635552570584],[126.94453242890515,37.513636491664144],[126.94456251318745,37.51363739381699],[126.94464616387403,37.513640790567216],[126.94465057542418,37.513640969248854],[126.94473767728878,37.51364466126976],[126.94482046437716,37.51364759902044],[126.94482084469766,37.513647612476625],[126.94482117089021,37.51364762561069],[126.94488313039838,37.513650111863164],[126.94489256323313,37.51365058045376],[126.94490273190432,37.513651076531964],[126.9450065345763,37.513646289280736],[126.94506765436748,37.51363678682192],[126.94515594662717,37.51362227913786],[126.9451874796427,37.51361700127174],[126.94521902397275,37.51361171439259],[126.94530367866118,37.513593678994404],[126.94541936027414,37.51356902429308],[126.9456102249732,37.51353184330338],[126.94581275330631,37.51349155023266],[126.94588957415125,37.51347626562737],[126.94594715743371,37.51346480182064],[126.94601291764958,37.51345101240628],[126.94603408610877,37.51344670900916],[126.9461167781969,37.51342988924652],[126.94616282029068,37.513420496083704],[126.94620886237881,37.513411093893225],[126.94630151211564,37.51339221765065],[126.94634973168206,37.51338257318347],[126.94639795124051,37.51337291968719],[126.9464050745326,37.513371126906954],[126.94640507505679,37.51337112677504],[126.94639690101839,37.51334075386963],[126.94637303169013,37.51325197347496],[126.94575722491182,37.51337786353853],[126.9449526421511,37.5135422435994],[126.94450182594278,37.5135114955797],[126.94446960012054,37.51348566626885],[126.9444488952284,37.51346794625257],[126.94444406654029,37.513476247281105],[126.94446297513613,37.513567040324865],[126.94448815506199,37.513622364530036],[126.94449399678446,37.51363509828581],[126.94449791827711,37.51363534328452],[126.94450140278947,37.513635560912476],[126.94450141236948,37.513635552570584]]]}},{"type":"Feature","id":87,"properties":{"model_ref_id":87,"source_type":"MODEL_REFERENCE","model_use":"역세권활성화 간선가로형","reference_name":"노선형 상업지역 판정용 참조도형"},"geometry":{"type":"Polygon","coordinates":[[[126.94444658463559,37.51359741355131],[126.94444278127565,37.51358668088428],[126.94442064035835,37.513521555415],[126.94441830190179,37.513517869209096],[126.9443716169618,37.513560412782816],[126.94437162279942,37.51356041777608],[126.94439757070214,37.5135812983479],[126.94442070351296,37.51359990546278],[126.9444383711886,37.51361416787567],[126.94445254349864,37.51361437312205],[126.94444658463559,37.51359741355131]]]}},{"type":"Feature","id":88,"properties":{"model_ref_id":88,"source_type":"MODEL_REFERENCE","model_use":"역세권활성화 간선가로형","reference_name":"노선형 상업지역 판정용 참조도형"},"geometry":{"type":"Polygon","coordinates":[[[126.94638410318835,37.51370479346036],[126.94638407204953,37.51370480140011],[126.94633469239538,37.51371513908533],[126.9460869443594,37.51376697995976],[126.94596991431474,37.51379228633055],[126.94579530284774,37.51382945775596],[126.94561780652344,37.51386716811435],[126.9455698967795,37.5138778846093],[126.94543804750339,37.513906796209376],[126.94543804629419,37.51390679648404],[126.9454357578146,37.51391486065855],[126.94554779933692,37.51399376095404],[126.94631989992087,37.5138304495828],[126.94644566286706,37.513803849624644],[126.94653727457845,37.51378568800921],[126.94654969535947,37.51375016442101],[126.94651126293107,37.513717719439825],[126.94647206187493,37.51368464338559],[126.94650000190458,37.51367892438448],[126.94647206188107,37.51368463527669],[126.94641399406568,37.51369690506055],[126.94641133530398,37.513697849824794],[126.94641132608952,37.5136978521743],[126.94640526705156,37.513705316115995],[126.94638410318835,37.51370479346036]]]}},{"type":"Feature","id":89,"properties":{"model_ref_id":89,"source_type":"MODEL_REFERENCE","model_use":"역세권활성화 간선가로형","reference_name":"노선형 상업지역 판정용 참조도형"},"geometry":{"type":"Polygon","coordinates":[[[126.94414622043045,37.514035928773886],[126.944146961991,37.51403955276524],[126.94419040689861,37.51404254603198],[126.94438522430002,37.51405886071551],[126.94474874134252,37.514078411893955],[126.94491789190312,37.51408351373844],[126.94508847455576,37.51406506418887],[126.94532017195846,37.51404393319003],[126.94546616109749,37.514011659524044],[126.94539362060107,37.513961284381004],[126.94533940365098,37.51392440726238],[126.94533940199082,37.513924407459925],[126.94521596397088,37.513942204714034],[126.94505948705392,37.51395967929341],[126.94494308903899,37.513972795474686],[126.94492479118964,37.513971916226694],[126.94492373570503,37.51397186604645],[126.94480501122042,37.51396431135653],[126.94474043940981,37.51396171169198],[126.94463037605018,37.51395806252311],[126.94451091359888,37.513954110988905],[126.94451089345269,37.513954108986646],[126.94427351333796,37.51400693526126],[126.94414622043045,37.514035928773886]]]}},{"type":"Feature","id":90,"properties":{"model_ref_id":90,"source_type":"MODEL_REFERENCE","model_use":"역세권활성화 간선가로형","reference_name":"노선형 상업지역 판정용 참조도형"},"geometry":{"type":"Polygon","coordinates":[[[126.95528098675025,37.532595030052086],[126.95531365807723,37.5325418172083],[126.9552058423426,37.53250461270478],[126.95517308806853,37.53249144228429],[126.95516482946482,37.53248812606067],[126.95513764159477,37.53254292203312],[126.95509049345974,37.53253148740808],[126.95507536929686,37.53252799445105],[126.95505311971986,37.53252105683014],[126.95502599505906,37.532512387329916],[126.95500226370544,37.53250497157437],[126.9549898779536,37.532500713881646],[126.95495274390657,37.53248704882868],[126.95492041630413,37.53247631392745],[126.9548798315188,37.53246279160355],[126.95486588480117,37.532458055738616],[126.95485356628626,37.532454825183315],[126.95482934759875,37.532448778693336],[126.95478697342806,37.532438138763254],[126.95477367049135,37.53243512403418],[126.95473252813171,37.53242664695494],[126.95471816112746,37.53242454178061],[126.95464694608867,37.53241754800298],[126.95462227248424,37.53241521334759],[126.95456740301036,37.53241239778717],[126.95450973881431,37.5324099684772],[126.9544854826369,37.53240946296692],[126.95445121355051,37.53240943986597],[126.95442975162096,37.53240928687816],[126.95441319862339,37.53241098292927],[126.95440324839376,37.532411863665686],[126.95437984367084,37.53245103695453],[126.95438867665165,37.53247481852155],[126.95439063068018,37.53247980448338],[126.95439613132741,37.53249384141176],[126.95439796621226,37.53249936791613],[126.95440006080659,37.53250567297952],[126.9544030079135,37.532512809103245],[126.95443701938106,37.532508903812065],[126.95461246161821,37.53252493683994],[126.95480378023126,37.53255357728524],[126.95512179876228,37.532656553399676],[126.9552204793223,37.532694744891394],[126.95528098675025,37.532595030052086]]]}},{"type":"Feature","id":91,"properties":{"model_ref_id":91,"source_type":"MODEL_REFERENCE","model_use":"역세권활성화 간선가로형","reference_name":"노선형 상업지역 판정용 참조도형"},"geometry":{"type":"Polygon","coordinates":[[[126.95554248443713,37.53287388260985],[126.95557064963866,37.532883363296726],[126.95563261161448,37.53290657956549],[126.95569903077701,37.53293053639669],[126.95575749861239,37.5329510122013],[126.95580866317326,37.53297016138763],[126.95582338679874,37.5329756679152],[126.95587749438735,37.53299556143444],[126.95588875272546,37.53299969990133],[126.95594893915724,37.533022086387675],[126.95597761340413,37.533031855495814],[126.95603582289314,37.53301353459405],[126.95607460184291,37.53294871505178],[126.95608931385524,37.53292406090778],[126.95602821826178,37.53289017754673],[126.9559726869801,37.53285963903],[126.95595827345879,37.532852297312395],[126.9559346510575,37.532840279694206],[126.95592239101444,37.53283384626666],[126.95591011965865,37.53282742184561],[126.95587944142729,37.53281112427854],[126.95584875187843,37.53279483570275],[126.9558138794154,37.53277679878815],[126.95579272194827,37.532765864617815],[126.95575714799384,37.53274728424558],[126.95573384212616,37.532735117421964],[126.95571171700064,37.53272396539822],[126.95567670342763,37.53270632603491],[126.95565364493014,37.5326942845639],[126.95561548252715,37.53267437051953],[126.95561548981486,37.53267435978177],[126.9555512721034,37.532646765534],[126.9555512668011,37.5326467630972],[126.95555126078399,37.5326467745393],[126.95545668319694,37.53260330894192],[126.95535689207648,37.532556750781225],[126.95532412758796,37.53261010296674],[126.95530521404761,37.53264096311415],[126.95526226818549,37.53271091804048],[126.9554671867621,37.53279022542623],[126.9555278047205,37.532686795926004],[126.95559535560777,37.5327098342656],[126.95556500398459,37.53275854740661],[126.95553437060428,37.532805485483195],[126.95552877299086,37.53281406031377],[126.95552877844574,37.53281406242491],[126.95552790852288,37.532815384568345],[126.95552045250827,37.53282680622889],[126.95553235562765,37.5328522364882],[126.9555343394057,37.532856468676876],[126.95553581612398,37.53285963080887],[126.95554248443713,37.53287388260985]]]}},{"type":"Feature","id":92,"properties":{"model_ref_id":92,"source_type":"MODEL_REFERENCE","model_use":"역세권활성화 간선가로형","reference_name":"노선형 상업지역 판정용 참조도형"},"geometry":{"type":"Polygon","coordinates":[[[126.956465456787,37.533132580890154],[126.95612848086651,37.53294544836163],[126.95608655361227,37.53301992021828],[126.95640034674803,37.53313319129661],[126.95641453840166,37.533150465107944],[126.95645524076392,37.53315026322032],[126.95646547412073,37.53313259004157],[126.956465456787,37.533132580890154]]]}},{"type":"Feature","id":93,"properties":{"model_ref_id":93,"source_type":"MODEL_REFERENCE","model_use":"역세권활성화 간선가로형","reference_name":"노선형 상업지역 판정용 참조도형"},"geometry":{"type":"Polygon","coordinates":[[[126.95643557520295,37.53317607068508],[126.9564352296536,37.53316368002081],[126.95642570305543,37.53316405450566],[126.95643557520295,37.53317607068508]]]}},{"type":"Feature","id":94,"properties":{"model_ref_id":94,"source_type":"MODEL_REFERENCE","model_use":"역세권활성화 간선가로형","reference_name":"노선형 상업지역 판정용 참조도형"},"geometry":{"type":"Polygon","coordinates":[[[126.95655077979663,37.53318398572909],[126.95653995291113,37.533177254104146],[126.95649102302156,37.53314673176016],[126.95648422018594,37.533142490124824],[126.95646237078336,37.53316469983045],[126.9565136870427,37.53320605729923],[126.95653646205669,37.533223707576646],[126.95654848351457,37.53323192930249],[126.95656189234576,37.5332104911085],[126.95655618192632,37.53318735153673],[126.95655077979663,37.53318398572909]]]}},{"type":"Feature","id":95,"properties":{"model_ref_id":95,"source_type":"MODEL_REFERENCE","model_use":"역세권활성화 간선가로형","reference_name":"노선형 상업지역 판정용 참조도형"},"geometry":{"type":"Polygon","coordinates":[[[126.95699462626708,37.53349832743863],[126.956991132388,37.533476513202594],[126.95698274069443,37.53345295815354],[126.95692207660858,37.53341514712635],[126.95689344191614,37.53339582781047],[126.95686081229022,37.533374976934404],[126.95683465585833,37.53335826974782],[126.95677816557122,37.53332231631014],[126.95676152678395,37.533312205877195],[126.95669159092544,37.5332697188405],[126.95668286759876,37.533270346107706],[126.95667747188891,37.5332711435336],[126.9566708286103,37.533272134344934],[126.95664621175132,37.53331956121625],[126.95684362129863,37.53348058392402],[126.95683694001711,37.53353768938736],[126.95690807861014,37.533533667301015],[126.9569163130718,37.53353320108808],[126.9569644213455,37.533530219579255],[126.95696442385224,37.533530220129464],[126.95696443265935,37.53353021958365],[126.95698255618726,37.533534197785755],[126.95698785825455,37.533524472386766],[126.95699544467848,37.53351052710972],[126.95699502912133,37.53350425512866],[126.95699462626708,37.53349832743863]]]}},{"type":"Feature","id":96,"properties":{"model_ref_id":96,"source_type":"MODEL_REFERENCE","model_use":"역세권활성화 간선가로형","reference_name":"노선형 상업지역 판정용 참조도형"},"geometry":{"type":"Polygon","coordinates":[[[126.95724069791282,37.5337087943483],[126.95717027114205,37.53368699018743],[126.95715730108415,37.533682488736424],[126.95714965034884,37.53367984636832],[126.95711511005653,37.53366906016502],[126.9571000033201,37.53366434812923],[126.95703973422488,37.533664631009664],[126.95692082403579,37.53366713443403],[126.95690153497144,37.533669083844906],[126.95689907744553,37.53366933335744],[126.95682137688111,37.53367070844929],[126.95682137413228,37.53367073194379],[126.95682099082414,37.53368686034586],[126.95681697601829,37.533706004518564],[126.95680205001412,37.533777220935704],[126.95706491874277,37.533777296510955],[126.95728638673776,37.53383468521546],[126.95728639666183,37.53383468969754],[126.95727896830488,37.533827144692346],[126.95730236937085,37.53380213337224],[126.95732180716219,37.53378269761743],[126.95734922593245,37.533736992192466],[126.95732256318551,37.53373006245179],[126.95724069791282,37.5337087943483]]]}},{"type":"Feature","id":97,"properties":{"model_ref_id":97,"source_type":"MODEL_REFERENCE","model_use":"역세권활성화 간선가로형","reference_name":"노선형 상업지역 판정용 참조도형"},"geometry":{"type":"Polygon","coordinates":[[[126.95738158169003,37.53374012211519],[126.95735836857742,37.53377239547172],[126.95731641932615,37.53382375346751],[126.95734549708452,37.53386138170668],[126.95743797373184,37.533903147596455],[126.95757667435527,37.53397179222828],[126.95766225589621,37.534022595699575],[126.95766225726567,37.53402259729365],[126.95766886598747,37.5340161597924],[126.95773887551867,37.53396160492737],[126.95772800728572,37.53395428475208],[126.95769121729167,37.53392885081833],[126.95764954429589,37.533900051306524],[126.95753886322801,37.53382101026574],[126.95741286643977,37.53375557710504],[126.95740691712965,37.53375263530854],[126.95738158169003,37.53374012211519]]]}},{"type":"Feature","id":98,"properties":{"model_ref_id":98,"source_type":"MODEL_REFERENCE","model_use":"역세권활성화 간선가로형","reference_name":"노선형 상업지역 판정용 참조도형"},"geometry":{"type":"Polygon","coordinates":[[[126.95777186915454,37.53396852238965],[126.95769429285833,37.5340273958422],[126.95768907832387,37.534025447710455],[126.95767503180349,37.53403746673024],[126.95772011975156,37.53408994860074],[126.95781483360453,37.534006688741705],[126.95781484975744,37.53400669532333],[126.95777189661771,37.53396852814955],[126.95777186915454,37.53396852238965]]]}},{"type":"Feature","id":99,"properties":{"model_ref_id":99,"source_type":"MODEL_REFERENCE","model_use":"역세권활성화 간선가로형","reference_name":"노선형 상업지역 판정용 참조도형"},"geometry":{"type":"Polygon","coordinates":[[[126.95857556806303,37.53426477130021],[126.95851010442357,37.53423802337007],[126.95842029357543,37.53420130132872],[126.95840697067781,37.53421050364913],[126.958395403973,37.534218500757305],[126.9583726117061,37.534233957476516],[126.95849311917135,37.53428305815742],[126.95901221041427,37.534492068219805],[126.95904813005896,37.53445933012149],[126.95904812224306,37.53445932692902],[126.95903698062322,37.53445481784919],[126.95885540138498,37.53438014842855],[126.95879671897809,37.53435568271352],[126.95876121311231,37.53434105542337],[126.95872569591339,37.53432642810465],[126.9586625228595,37.53430042896181],[126.95865177723279,37.5342959740493],[126.95864103162202,37.534291528154],[126.95857556806303,37.53426477130021]]]}},{"type":"Feature","id":100,"properties":{"model_ref_id":100,"source_type":"MODEL_REFERENCE","model_use":"역세권활성화 간선가로형","reference_name":"노선형 상업지역 판정용 참조도형"},"geometry":{"type":"Polygon","coordinates":[[[126.95416857342593,37.544361353644604],[126.9541685737564,37.544361353515455],[126.9541954225421,37.54436569835699],[126.95425659959636,37.54437621109981],[126.95430407081959,37.54438581717183],[126.95433148617566,37.54439070280685],[126.95441552811937,37.544405225265436],[126.9544594035,37.54441281158947],[126.95451095238823,37.5444214191627],[126.9545424423658,37.544426506074075],[126.95453522042855,37.54442533940387],[126.95462342047249,37.54436175708196],[126.95461549001686,37.54434242442818],[126.95449420189469,37.544320468686266],[126.95428948507487,37.54428341427116],[126.95412543614188,37.544244730251776],[126.95397813620951,37.54422180525114],[126.95403750595828,37.54430876280715],[126.95411088106111,37.54435211255856],[126.95411109597852,37.544352229775576],[126.95402884754934,37.544338970005334],[126.95416030291756,37.544360169803255],[126.9541603030654,37.54436016998588],[126.95416857262484,37.54436135351497],[126.95416857342593,37.544361353644604]]]}},{"type":"Feature","id":101,"properties":{"model_ref_id":101,"source_type":"MODEL_REFERENCE","model_use":"역세권활성화 간선가로형","reference_name":"노선형 상업지역 판정용 참조도형"},"geometry":{"type":"Polygon","coordinates":[[[126.95504943028264,37.54451310712338],[126.95507896691416,37.544490468372885],[126.95509749613866,37.5444768225278],[126.95503706174425,37.544425941765454],[126.95501704109239,37.54441561465221],[126.95500970995576,37.544411830239525],[126.95489060034554,37.54438106718347],[126.95488957772027,37.544389408981424],[126.95487972723451,37.544397009273816],[126.9549423297115,37.54445931082732],[126.9549384958257,37.544474156380105],[126.95493849667083,37.544474157489546],[126.95493850161643,37.544474162472184],[126.9550155926984,37.54453737489947],[126.9550219325143,37.54453248513179],[126.95504943028264,37.54451310712338]]]}},{"type":"Feature","id":102,"properties":{"model_ref_id":102,"source_type":"MODEL_REFERENCE","model_use":"역세권활성화 간선가로형","reference_name":"노선형 상업지역 판정용 참조도형"},"geometry":{"type":"Polygon","coordinates":[[[126.95357194320434,37.54454738366294],[126.95303735613926,37.54444354555118],[126.95303735613842,37.54444354555104],[126.95303735613375,37.54444354555012],[126.95300093756148,37.54455323378166],[126.95300389622513,37.544553743190306],[126.95354239192017,37.544646245309515],[126.95354294093731,37.54464633956998],[126.95357194320434,37.54454738366294]]]}},{"type":"Feature","id":103,"properties":{"model_ref_id":103,"source_type":"MODEL_REFERENCE","model_use":"역세권활성화 간선가로형","reference_name":"노선형 상업지역 판정용 참조도형"},"geometry":{"type":"Polygon","coordinates":[[[126.95178561233267,37.544621909137255],[126.95179501704547,37.544636220850094],[126.9517877252019,37.54464024444423],[126.95178797921372,37.54464056864988],[126.95183879142184,37.54471025802974],[126.95200687985268,37.54463268161569],[126.95194584577257,37.54454711577028],[126.95192513558895,37.54451808610178],[126.95183242844945,37.54439186855866],[126.95171628100445,37.54444697903823],[126.95166397453788,37.54447263435275],[126.95177665752382,37.54462609759209],[126.95178561233267,37.544621909137255]]]}},{"type":"Feature","id":104,"properties":{"model_ref_id":104,"source_type":"MODEL_REFERENCE","model_use":"역세권활성화 간선가로형","reference_name":"노선형 상업지역 판정용 참조도형"},"geometry":{"type":"Polygon","coordinates":[[[126.95408722315942,37.544642156666875],[126.9541252711734,37.54461680071005],[126.95405581324658,37.5446045635853],[126.95408722315942,37.544642156666875]]]}},{"type":"Feature","id":105,"properties":{"model_ref_id":105,"source_type":"MODEL_REFERENCE","model_use":"역세권활성화 간선가로형","reference_name":"노선형 상업지역 판정용 참조도형"},"geometry":{"type":"Polygon","coordinates":[[[126.95380433559149,37.54459000723127],[126.95363937507827,37.54456029596324],[126.95361050397099,37.544657939407024],[126.95361099012547,37.54465802287431],[126.9539526540698,37.54471671071181],[126.95380433559149,37.54459000723127]]]}},{"type":"Feature","id":106,"properties":{"model_ref_id":106,"source_type":"MODEL_REFERENCE","model_use":"역세권활성화 간선가로형","reference_name":"노선형 상업지역 판정용 참조도형"},"geometry":{"type":"Polygon","coordinates":[[[126.95434198745092,37.54478836561084],[126.95460135597274,37.5448361035946],[126.95468191264948,37.544778423262045],[126.95475085487197,37.544730969592734],[126.9546340369798,37.54470958736481],[126.9546016317554,37.54470406005503],[126.95458175812688,37.544700437048064],[126.95448480144368,37.544682765970784],[126.95446066749209,37.54467959359158],[126.95444096761248,37.544696343796744],[126.95441466416723,37.544670988279925],[126.95435891896061,37.544661198645926],[126.95434047698947,37.54465762314509],[126.95430385451263,37.54465050967312],[126.95429636335881,37.54464905550686],[126.95426475175528,37.54464298784146],[126.95420331810165,37.54463278799357],[126.95419054131986,37.544630666843716],[126.95412769500422,37.54468255555443],[126.95421896231402,37.54475764531403],[126.9542304233312,37.54476783291438],[126.95434198745092,37.54478836561084]]]}},{"type":"Feature","id":107,"properties":{"model_ref_id":107,"source_type":"MODEL_REFERENCE","model_use":"역세권활성화 간선가로형","reference_name":"노선형 상업지역 판정용 참조도형"},"geometry":{"type":"Polygon","coordinates":[[[126.95489992587095,37.544818651176506],[126.95486499134748,37.54478882426072],[126.9548127309875,37.54474419429572],[126.95477624271575,37.544737494086895],[126.95477873091824,37.54473937816099],[126.95467685518223,37.54481256849873],[126.95463534054937,37.5448423585674],[126.95472918183324,37.54485963030721],[126.95473895730872,37.54486142726418],[126.95484622380042,37.54494641815303],[126.95487568758595,37.544924813291274],[126.9549348964168,37.5448805180012],[126.95492610863462,37.54487366694058],[126.95494138155073,37.544860843144036],[126.95495447883806,37.54487037188166],[126.95495935647564,37.544869382784604],[126.95489992587095,37.544818651176506]]]}},{"type":"Feature","id":108,"properties":{"model_ref_id":108,"source_type":"MODEL_REFERENCE","model_use":"역세권활성화 간선가로형","reference_name":"노선형 상업지역 판정용 참조도형"},"geometry":{"type":"Polygon","coordinates":[[[126.95564853842214,37.5449277477911],[126.9556384389627,37.54491931953458],[126.95563163059201,37.54491364060053],[126.95558986428661,37.54487884583231],[126.9555782154212,37.5448691375503],[126.95557016270925,37.54486289049245],[126.95555656647238,37.54485492032542],[126.95543740066189,37.54475268180912],[126.9554309192653,37.54474712102408],[126.95539038217566,37.54471562608468],[126.95531126639263,37.54465416023176],[126.95525230033937,37.54469901741181],[126.95523561660218,37.54472403099661],[126.95543483552908,37.54489158705525],[126.95590413715175,37.5452827117594],[126.9558904744898,37.54529020249534],[126.95612661858114,37.545491216023365],[126.95613577905895,37.54549950871683],[126.95616261078362,37.54547771555014],[126.95617087678393,37.54546879908636],[126.95622193819945,37.54542422061652],[126.95622193831845,37.54542422051621],[126.95609946587288,37.54530298961904],[126.95600877842186,37.54522484451005],[126.95599203925674,37.54521042299538],[126.95586721558348,37.54510286055036],[126.95580005796461,37.54504844128465],[126.9557458816101,37.545006649969636],[126.95564853842214,37.5449277477911]]]}},{"type":"Feature","id":109,"properties":{"model_ref_id":109,"source_type":"MODEL_REFERENCE","model_use":"역세권활성화 간선가로형","reference_name":"노선형 상업지역 판정용 참조도형"},"geometry":{"type":"Polygon","coordinates":[[[126.95564856529607,37.54552892957872],[126.95565407740202,37.5455267423986],[126.95570419569859,37.54550681470422],[126.95569255812183,37.545496971291385],[126.95563925602615,37.545451882678606],[126.95560840349918,37.545425777788004],[126.95558397423918,37.545406036419266],[126.95552640943409,37.5453559816187],[126.95551555242463,37.545346543945136],[126.9554325753522,37.545274738119225],[126.95538030345168,37.54522939752761],[126.95536337264585,37.545215803851164],[126.9553104218927,37.54517046295417],[126.95528599323124,37.54515003677514],[126.95529022665818,37.54514784909484],[126.95521000675828,37.545082721419746],[126.95517175815557,37.54505034166625],[126.95512491439878,37.54501069738079],[126.95510959010713,37.54499771698853],[126.95508175703192,37.544975009894706],[126.95507221072464,37.54496871714732],[126.95506960753359,37.544971437062785],[126.95506960692833,37.54497143651268],[126.95506960640205,37.54497143706231],[126.95497216833323,37.544882875735226],[126.95494974576556,37.54489293060288],[126.95489270030241,37.54493396521888],[126.954860066118,37.544957385870696],[126.95497202960958,37.545046098002196],[126.95498839778578,37.545056376784885],[126.95499509185122,37.54506202777887],[126.95500054198193,37.54506822966894],[126.95504211436158,37.54510696186704],[126.95530106055674,37.545317689015214],[126.95540287713429,37.54539097113743],[126.95550884276625,37.5454901401187],[126.95558533282323,37.54555842632833],[126.95564856529607,37.54552892957872]]]}},{"type":"Feature","id":110,"properties":{"model_ref_id":110,"source_type":"MODEL_REFERENCE","model_use":"역세권활성화 간선가로형","reference_name":"노선형 상업지역 판정용 참조도형"},"geometry":{"type":"Polygon","coordinates":[[[126.95569458109358,37.54557255567164],[126.95567986999268,37.54555584552554],[126.95567787088254,37.54555357928163],[126.95569458109358,37.54557255567164]]]}},{"type":"Feature","id":111,"properties":{"model_ref_id":111,"source_type":"MODEL_REFERENCE","model_use":"역세권활성화 간선가로형","reference_name":"노선형 상업지역 판정용 참조도형"},"geometry":{"type":"Polygon","coordinates":[[[126.95574077016724,37.545537976869824],[126.95569458109358,37.54557255567164],[126.95564096942918,37.54560809736927],[126.95570251798172,37.54565475564561],[126.95571586141443,37.54566908664222],[126.95574809160928,37.54569991321274],[126.95583236745243,37.54577696396019],[126.95589007075867,37.54582354897328],[126.95589941173478,37.545832742740856],[126.95593370283639,37.54586149781877],[126.95597431574951,37.54589612982297],[126.9559743201311,37.54589613407817],[126.95597869684062,37.545893086242124],[126.9560676768111,37.54583167454051],[126.95602854487595,37.54579922353932],[126.95598172317936,37.54575902099708],[126.95589294249851,37.545683663309084],[126.9558670441994,37.54566049767318],[126.95587598919512,37.54565158150154],[126.9558599285562,37.545639501898194],[126.95574077016724,37.545537976869824]]]}},{"type":"Feature","id":112,"properties":{"model_ref_id":112,"source_type":"MODEL_REFERENCE","model_use":"역세권활성화 간선가로형","reference_name":"노선형 상업지역 판정용 참조도형"},"geometry":{"type":"Polygon","coordinates":[[[126.9566167796729,37.545910727763165],[126.9566286550207,37.545920643256466],[126.9566642792818,37.54595147090942],[126.95669017945026,37.545974005681245],[126.95671110179983,37.54599113258966],[126.95672229822975,37.5460010478071],[126.95677692326015,37.54604945206714],[126.95683641206973,37.54610119184575],[126.95684828714337,37.54611164790705],[126.95691116905408,37.54616618202535],[126.95700074205024,37.54624379171141],[126.95707968595724,37.54631094577681],[126.95708235393627,37.54631324432456],[126.9571536525557,37.54637197116296],[126.95716527897923,37.546382084721344],[126.95718779669622,37.5464016808604],[126.95721681866895,37.54642693769905],[126.957279236166,37.54648125520222],[126.95747129927855,37.54664838092348],[126.95749100101278,37.546665516230775],[126.95752288345017,37.54669326081234],[126.95761209559323,37.5467708879087],[126.95762480788719,37.546781947872134],[126.95771642924672,37.54686167510776],[126.95775078872606,37.546891564919534],[126.95778244515319,37.54691912013668],[126.95781697545681,37.546949172171466],[126.95783462912321,37.54696452268798],[126.95786113959346,37.546987598023314],[126.95787318467794,37.54699807206477],[126.95792004177065,37.547038841482575],[126.95796539468309,37.5470783128905],[126.95805233557154,37.54715395661779],[126.9580776688079,37.547176004333636],[126.95809525583903,37.54719131874589],[126.95814100476596,37.547231168649354],[126.95815084944158,37.54723144268665],[126.9582187405591,37.54723867634264],[126.95829760284386,37.5472547437595],[126.95833183012002,37.547256413431334],[126.95819576326588,37.547137217721975],[126.95780745078085,37.54677328021791],[126.95723458935217,37.54627094909985],[126.95692382144365,37.546018786856145],[126.95681414041117,37.54592343606957],[126.95677057569935,37.545885561456714],[126.95676720790243,37.54587863066778],[126.95676571499655,37.545875558627706],[126.9567349492913,37.54585635560618],[126.95671685131018,37.54584481591148],[126.95669728123498,37.545834987506375],[126.95657030373803,37.54571390029593],[126.95628500300413,37.54547666169916],[126.95619309495851,37.54555032895719],[126.95617900044614,37.54553822446129],[126.95621336171935,37.54556774400991],[126.95626018409632,37.54560686528078],[126.95629015591881,37.54563219480535],[126.956309832346,37.54565094306428],[126.95635887173103,37.54569161486557],[126.95640200743796,37.54572738296095],[126.95640969907835,37.545734053281215],[126.95642372193802,37.545747843875404],[126.95648389026962,37.54579787223229],[126.95650763942986,37.54581824383466],[126.95660207527644,37.54589918938479],[126.9566167796729,37.545910727763165]]]}},{"type":"Feature","id":113,"properties":{"model_ref_id":113,"source_type":"MODEL_REFERENCE","model_use":"역세권활성화 간선가로형","reference_name":"노선형 상업지역 판정용 참조도형"},"geometry":{"type":"Polygon","coordinates":[[[126.95722741862399,37.54687375784114],[126.95726265140799,37.54683941104623],[126.95721257422275,37.54679653774814],[126.95716163423015,37.54675318964774],[126.95714403596729,37.54673821746496],[126.95710139794971,37.54670126054113],[126.95708262654065,37.54668593493479],[126.95706430063136,37.546670973941836],[126.95700277569568,37.54661707022644],[126.95698117402203,37.54659832133517],[126.95693570887781,37.54655866029581],[126.95692518989667,37.54655099872525],[126.95691616437375,37.54654259857448],[126.95690562477289,37.54653279030458],[126.9566174482402,37.54629067305165],[126.95655151213631,37.54623460590297],[126.95652380398624,37.546209727830856],[126.95651430295442,37.54620296670739],[126.95646001599701,37.54615690501938],[126.95640618010853,37.54611345633823],[126.95639079856531,37.54610083738658],[126.95634884056389,37.54606333896431],[126.95631807752372,37.546038099241855],[126.95631671721924,37.546041972935726],[126.95623630504491,37.54597373659465],[126.95617398889623,37.54592028352092],[126.95610409436806,37.54586196208779],[126.95601024654346,37.545926705519854],[126.9560076523662,37.54592850475804],[126.95600765411449,37.54592850645592],[126.95607831708118,37.54598845002257],[126.9561221973196,37.54602795759871],[126.95614063245073,37.54604312848431],[126.95621059152637,37.54610711711012],[126.95622457771674,37.54612531442611],[126.95635180203244,37.5462318872427],[126.95657904940376,37.54642549022818],[126.95665159056855,37.5464872902131],[126.9569300747242,37.54672222274814],[126.95718536662834,37.54694106998028],[126.95718784239035,37.54693685641609],[126.95718785371173,37.54693684741062],[126.95720252303529,37.546911886836746],[126.95721172440416,37.54689082540032],[126.95721261896323,37.54688983466496],[126.95722675059183,37.546874406290534],[126.95722741862399,37.54687375784114]]]}},{"type":"Feature","id":114,"properties":{"model_ref_id":114,"source_type":"MODEL_REFERENCE","model_use":"역세권활성화 간선가로형","reference_name":"노선형 상업지역 판정용 참조도형"},"geometry":{"type":"Polygon","coordinates":[[[126.95743199915154,37.547150439117324],[126.95745282176607,37.54714819469626],[126.95747347115503,37.547133084152975],[126.95754126052061,37.547083502349345],[126.95750877837952,37.54705595551743],[126.95749622581029,37.54704270621241],[126.95740959331654,37.546966179675465],[126.95740054412816,37.54695959854931],[126.95735089475369,37.54691489054448],[126.95728733222754,37.54686152768263],[126.957293473585,37.546866683690325],[126.95724736269032,37.5469202203133],[126.95724387352095,37.54692657089794],[126.9572252492497,37.54696088215721],[126.95722205270512,37.546972922357845],[126.95742464941613,37.54715102008703],[126.95743199915154,37.547150439117324]]]}},{"type":"Feature","id":115,"properties":{"model_ref_id":115,"source_type":"MODEL_REFERENCE","model_use":"역세권활성화 간선가로형","reference_name":"노선형 상업지역 판정용 참조도형"},"geometry":{"type":"Polygon","coordinates":[[[126.95749522823087,37.54721306388577],[126.95767258124394,37.5473643983466],[126.9577020545888,37.547390943342855],[126.95770300582959,37.5473896015415],[126.95772287769128,37.54736911178239],[126.95773116726275,37.54735868156826],[126.95778564669243,37.54729497585797],[126.95771454155069,37.547232150007005],[126.95767513802384,37.54719732986659],[126.95766751555782,37.54719060619786],[126.95766062747748,37.54718453122029],[126.95760231258201,37.547135278132565],[126.95754784754656,37.547089088544524],[126.95757227303785,37.54710980476365],[126.95750784558828,37.54715703655514],[126.95747885264508,37.54717828859702],[126.95745912504188,37.547181326632675],[126.95749522823087,37.54721306388577]]]}},{"type":"Feature","id":116,"properties":{"model_ref_id":116,"source_type":"MODEL_REFERENCE","model_use":"역세권활성화 간선가로형","reference_name":"노선형 상업지역 판정용 참조도형"},"geometry":{"type":"Polygon","coordinates":[[[126.95858045229765,37.54752671347873],[126.95857911103941,37.54753677696465],[126.95863768586969,37.54760728297504],[126.95869984756051,37.54757503162392],[126.958586498992,37.547478729752584],[126.95858045229765,37.54752671347873]]]}},{"type":"Feature","id":117,"properties":{"model_ref_id":117,"source_type":"MODEL_REFERENCE","model_use":"역세권활성화 간선가로형","reference_name":"노선형 상업지역 판정용 참조도형"},"geometry":{"type":"Polygon","coordinates":[[[126.9579241299982,37.54746547698796],[126.95782859948298,37.54746766588779],[126.95781284832438,37.54746661471578],[126.95780175248748,37.54748059322195],[126.95798978958128,37.54764468131859],[126.95801561604044,37.54762160736968],[126.95802939749998,37.54756744546771],[126.95802353799101,37.547526214208744],[126.95803694521688,37.547511010708924],[126.95798210233784,37.54746421071164],[126.9579241299982,37.54746547698796]]]}},{"type":"Feature","id":118,"properties":{"model_ref_id":118,"source_type":"MODEL_REFERENCE","model_use":"역세권활성화 간선가로형","reference_name":"노선형 상업지역 판정용 참조도형"},"geometry":{"type":"Polygon","coordinates":[[[126.95860543604198,37.547625218446505],[126.95862156586206,37.547617521101095],[126.9585761546222,37.547560805093774],[126.95857182213345,37.54759634727958],[126.95860543604198,37.547625218446505]]]}},{"type":"Feature","id":119,"properties":{"model_ref_id":119,"source_type":"MODEL_REFERENCE","model_use":"역세권활성화 간선가로형","reference_name":"노선형 상업지역 판정용 참조도형"},"geometry":{"type":"Polygon","coordinates":[[[126.95824800560942,37.54768912537016],[126.95811731706817,37.54757649779059],[126.95806314162915,37.54752986927223],[126.95805862883827,37.54752608342098],[126.95805509220993,37.54753615507463],[126.958096342136,37.547587256568974],[126.95819946748875,37.54771452370875],[126.95826158094413,37.547790148835574],[126.95832860175119,37.547758639789336],[126.95824800560942,37.54768912537016]]]}},{"type":"Feature","id":120,"properties":{"model_ref_id":120,"source_type":"MODEL_REFERENCE","model_use":"역세권활성화 간선가로형","reference_name":"노선형 상업지역 판정용 참조도형"},"geometry":{"type":"Polygon","coordinates":[[[126.95871603053686,37.547588303745506],[126.9586187827976,37.5476366836263],[126.95861878321294,37.54763668398303],[126.95869708244575,37.54770437730003],[126.95878932844452,37.547784121945625],[126.95879050473233,37.54778509544895],[126.95880282006853,37.54777910851926],[126.95879721139521,37.54777224092089],[126.95887111587341,37.5477343011198],[126.95888160440164,37.5477286373975],[126.95880735029948,37.54765960460837],[126.95880038448391,37.54765144088685],[126.95879962683676,37.5476505558368],[126.95876001450692,37.54762316009016],[126.95871603053686,37.547588303745506]]]}},{"type":"Feature","id":121,"properties":{"model_ref_id":121,"source_type":"MODEL_REFERENCE","model_use":"역세권활성화 간선가로형","reference_name":"노선형 상업지역 판정용 참조도형"},"geometry":{"type":"Polygon","coordinates":[[[126.95801234849073,37.54766436698548],[126.9581831245599,37.54781339147842],[126.95819518280196,37.54782368629196],[126.95824705714976,37.54779913514769],[126.95820095699051,37.54774044558183],[126.95815813608912,37.54768583870087],[126.95812015476471,37.547637432414156],[126.95805525129607,37.547553886499486],[126.95804548756573,37.54762597951577],[126.95801234849073,37.54766436698548]]]}},{"type":"Feature","id":122,"properties":{"model_ref_id":122,"source_type":"MODEL_REFERENCE","model_use":"역세권활성화 간선가로형","reference_name":"노선형 상업지역 판정용 참조도형"},"geometry":{"type":"Polygon","coordinates":[[[126.95834717303107,37.547774675322344],[126.95834597416564,37.54777362071747],[126.95832860175119,37.547758639789336],[126.95834717303107,37.547774675322344]]]}},{"type":"Feature","id":123,"properties":{"model_ref_id":123,"source_type":"MODEL_REFERENCE","model_use":"역세권활성화 간선가로형","reference_name":"노선형 상업지역 판정용 참조도형"},"geometry":{"type":"Polygon","coordinates":[[[126.95838509944213,37.54798583667667],[126.95848102425617,37.54793623627278],[126.95851344280902,37.54792028306449],[126.95841959152551,37.54783808692259],[126.95834717303107,37.547774675322344],[126.95827588328723,37.54781086787747],[126.95821596920807,37.54784143283075],[126.95834152434878,37.54794862614765],[126.95838509944213,37.54798583667667]]]}},{"type":"Feature","id":124,"properties":{"model_ref_id":124,"source_type":"MODEL_REFERENCE","model_use":"역세권활성화 간선가로형","reference_name":"노선형 상업지역 판정용 참조도형"},"geometry":{"type":"Polygon","coordinates":[[[126.95846635731998,37.54805522545168],[126.95846635576103,37.54805522367971],[126.9584099723926,37.547990854118076],[126.95839798649541,37.547996841440835],[126.95846635576052,37.54805522458068],[126.95846635731998,37.54805522545168]]]}},{"type":"Feature","id":125,"properties":{"model_ref_id":125,"source_type":"MODEL_REFERENCE","model_use":"역세권활성화 간선가로형","reference_name":"노선형 상업지역 판정용 참조도형"},"geometry":{"type":"Polygon","coordinates":[[[126.9588356264599,37.54819851979308],[126.95876467680482,37.54813772185551],[126.9586732782504,37.54805941007809],[126.95860159271868,37.5479996208667],[126.9585249565179,37.547930360404585],[126.95842609395369,37.547978192375524],[126.95851365921793,37.54808164663611],[126.95883194485427,37.54837447852824],[126.95886074615758,37.54833605536646],[126.95891370134748,37.54826541154963],[126.95888167436489,37.54823797118522],[126.95884724217389,37.5482084710018],[126.9588356264599,37.54819851979308]]]}},{"type":"Feature","id":126,"properties":{"model_ref_id":126,"source_type":"MODEL_REFERENCE","model_use":"역세권활성화 간선가로형","reference_name":"노선형 상업지역 판정용 참조도형"},"geometry":{"type":"Polygon","coordinates":[[[126.95888245690357,37.54842094517226],[126.95891948617502,37.54839659640838],[126.95891728831864,37.54834329338388],[126.958901392122,37.54835758605766],[126.95888245690357,37.54842094517226]]]}},{"type":"Feature","id":127,"properties":{"model_ref_id":127,"source_type":"MODEL_REFERENCE","model_use":"역세권활성화 간선가로형","reference_name":"노선형 상업지역 판정용 참조도형"},"geometry":{"type":"Polygon","coordinates":[[[126.95926638693967,37.53423986600705],[126.95876473721182,37.53403578921698],[126.95894267333587,37.53410822291581],[126.95913901927108,37.53418814593966],[126.95926638693967,37.53423986600705]]]}},{"type":"Feature","id":128,"properties":{"model_ref_id":128,"source_type":"MODEL_REFERENCE","model_use":"역세권활성화 간선가로형","reference_name":"노선형 상업지역 판정용 참조도형"},"geometry":{"type":"Polygon","coordinates":[[[126.95979027416348,37.534762782784455],[126.95974578108756,37.53474430526628],[126.95971530000514,37.53473178368668],[126.9596691128785,37.534712823721975],[126.95964341526408,37.53470234412153],[126.95963471507976,37.53469880075583],[126.9595769397494,37.534675073453805],[126.95940697318504,37.534605284607565],[126.95937335601919,37.53459148709985],[126.95927131699554,37.534549463389126],[126.9592087992954,37.53452428467941],[126.95919757813132,37.534520334196564],[126.95918779376018,37.53451652840381],[126.95917823613384,37.53451192982678],[126.95912243753716,37.53448924929712],[126.95905867565384,37.53446363757184],[126.95905866161685,37.53446363183832],[126.95904431940382,37.53448087709732],[126.95902927261142,37.53449893818826],[126.95936209817636,37.53463294721248],[126.95935143653227,37.534639552001664],[126.95934421531832,37.53464448673367],[126.95931867039843,37.534660263456274],[126.95957881732159,37.53477050408935],[126.95959798115095,37.53479368539795],[126.96009467792618,37.53503737382026],[126.9601802160371,37.53492374187494],[126.9600604283983,37.53487411655515],[126.96000288790444,37.53485028308725],[126.95992612911688,37.534818540391385],[126.95983476717328,37.534781269261245],[126.95979027416348,37.534762782784455]]]}},{"type":"Feature","id":129,"properties":{"model_ref_id":129,"source_type":"MODEL_REFERENCE","model_use":"역세권활성화 간선가로형","reference_name":"노선형 상업지역 판정용 참조도형"},"geometry":{"type":"Polygon","coordinates":[[[126.96067215794555,37.534814132379154],[126.96061461611484,37.534790860913844],[126.96052621743084,37.53475498519574],[126.96061461497938,37.534790868121306],[126.96067215794555,37.534814132379154]]]}},{"type":"Feature","id":130,"properties":{"model_ref_id":130,"source_type":"MODEL_REFERENCE","model_use":"역세권활성화 간선가로형","reference_name":"노선형 상업지역 판정용 참조도형"},"geometry":{"type":"Polygon","coordinates":[[[126.96014413690189,37.5350616390867],[126.96014927753782,37.535054568214164],[126.96015319818099,37.53504918868792],[126.96014412151469,37.53506163153756],[126.96014413690189,37.5350616390867]]]}},{"type":"Feature","id":131,"properties":{"model_ref_id":131,"source_type":"MODEL_REFERENCE","model_use":"역세권활성화 간선가로형","reference_name":"노선형 상업지역 판정용 참조도형"},"geometry":{"type":"Polygon","coordinates":[[[126.9608706778615,37.53534889172214],[126.96094071324308,37.53537726622339],[126.96096925781488,37.53538902164479],[126.96100907547317,37.535405366187966],[126.96101790016017,37.53540796686985],[126.96102260492563,37.53540935335871],[126.96111446433525,37.5354476634806],[126.96117083063139,37.535471159560224],[126.96118974345036,37.53547904988846],[126.96124663916555,37.53550277857373],[126.9612218160157,37.5355431970223],[126.96120827220393,37.53556486093571],[126.96118967767927,37.53559474905857],[126.96112415253751,37.53570001362825],[126.96117792930998,37.53572185957672],[126.96118051011385,37.53572289229589],[126.96124825787601,37.53574967101163],[126.96125781235601,37.53575344038227],[126.96136055221625,37.53559822781521],[126.96138383555906,37.53555965581572],[126.96140536313851,37.53552476822459],[126.9613867744391,37.53548329830337],[126.96136539530187,37.5354344032712],[126.96134513467518,37.53538840980394],[126.96123543563105,37.535343114512465],[126.96109436593686,37.53529205068351],[126.9610469367976,37.53527260857667],[126.96096387636815,37.53523875600987],[126.96077737238187,37.53516284443804],[126.96054583807398,37.535068202903055],[126.96047773059487,37.53504034482267],[126.96044456675527,37.53502678414569],[126.9603373117179,37.53498307463397],[126.96028490572408,37.53496199062657],[126.96024306893136,37.53494513350355],[126.96023252239821,37.534940888584394],[126.96017913502605,37.53501363284661],[126.96017913060814,37.53501363890293],[126.96026985965071,37.53506021696943],[126.96027642033889,37.53506279526341],[126.96035921530995,37.5351049471996],[126.96037705237028,37.535114142798285],[126.9604436503533,37.535148088951416],[126.96046924665546,37.535161226444146],[126.9605498024829,37.53520191694099],[126.9606243191872,37.53523816245297],[126.9606883611348,37.53527081913983],[126.96071435324608,37.53528443334263],[126.96079377758765,37.53532572782839],[126.96086158658319,37.53535962912857],[126.9608706778615,37.53534889172214]]]}},{"type":"Feature","id":132,"properties":{"model_ref_id":132,"source_type":"MODEL_REFERENCE","model_use":"역세권활성화 간선가로형","reference_name":"노선형 상업지역 판정용 참조도형"},"geometry":{"type":"Polygon","coordinates":[[[126.96206063107448,37.53585887567689],[126.96206617654515,37.53569026422505],[126.96206616543209,37.5356902581064],[126.96204580032146,37.53568145016016],[126.96198786733831,37.535656407913734],[126.96189616530668,37.53561661550448],[126.96189527921764,37.53561627582442],[126.96189348441213,37.53561559645669],[126.96177315208881,37.53556339672051],[126.96166153031429,37.535594236672125],[126.96160848460242,37.53560890162085],[126.9616018368816,37.53562031477923],[126.96159153118263,37.535638060583906],[126.96157726169375,37.53566272456737],[126.96157184856351,37.53567168747592],[126.96156149773333,37.535689180985955],[126.96155932901225,37.53569289679254],[126.96155717160715,37.5356966125996],[126.96147591925808,37.535828560435434],[126.96153746210324,37.53583997053489],[126.9616174125356,37.53585249527125],[126.96163359533199,37.5358550407052],[126.96163746745553,37.53585564764361],[126.96168845603317,37.53586119713419],[126.96174834325276,37.535867713713216],[126.96180169038729,37.535866398890576],[126.96180876200319,37.53586620526521],[126.96188096559398,37.53586422002593],[126.96191100263567,37.535863432412576],[126.9619511191159,37.53586236949823],[126.96197003959092,37.535861765875026],[126.96197609676102,37.535861569098834],[126.96202625633867,37.53585997236433],[126.96206063107448,37.53585887567689]]]}},{"type":"Feature","id":133,"properties":{"model_ref_id":133,"source_type":"MODEL_REFERENCE","model_use":"역세권활성화 간선가로형","reference_name":"노선형 상업지역 판정용 참조도형"},"geometry":{"type":"Polygon","coordinates":[[[126.96221511350942,37.53585334485941],[126.9622151185734,37.535853348296556],[126.96233365964967,37.53584808617281],[126.962237983913,37.53579120997019],[126.96210592275756,37.53571214782575],[126.9621026526553,37.535858323308815],[126.96221511350942,37.53585334485941]]]}},{"type":"Feature","id":134,"properties":{"model_ref_id":134,"source_type":"MODEL_REFERENCE","model_use":"역세권활성화 간선가로형","reference_name":"노선형 상업지역 판정용 참조도형"},"geometry":{"type":"Polygon","coordinates":[[[126.96282962931922,37.535815060563856],[126.96282962349228,37.535815072739446],[126.96284092193648,37.535822590243534],[126.96290483007012,37.535865103517565],[126.96282963594224,37.53581506463483],[126.96282962931922,37.535815060563856]]]}},{"type":"Feature","id":135,"properties":{"model_ref_id":135,"source_type":"MODEL_REFERENCE","model_use":"역세권활성화 간선가로형","reference_name":"노선형 상업지역 판정용 참조도형"},"geometry":{"type":"Polygon","coordinates":[[[126.96312936105961,37.536363009764756],[126.96306243749719,37.536320010115865],[126.96300409855685,37.53628257242056],[126.96286863476392,37.53619488754839],[126.96278479064158,37.53614071749737],[126.96276891174269,37.53613046014206],[126.9627525684487,37.53611973283883],[126.96268376781963,37.53607550699286],[126.9626345796497,37.536043279937175],[126.96261338278211,37.53602970629532],[126.96250655836177,37.53596133647125],[126.96250276942995,37.53595888448975],[126.96247962500183,37.53594372881643],[126.96244386594636,37.535920329099476],[126.96242101193793,37.53591908689237],[126.96232401475179,37.5359201166612],[126.96231361902535,37.5359202045611],[126.96261710648587,37.536126192577825],[126.96307969894961,37.53642527000703],[126.96341813476101,37.53664581673903],[126.96343279135816,37.53663302017725],[126.96348765249758,37.536593827663765],[126.96343475348412,37.53655983827439],[126.96338186582823,37.53652585787482],[126.96334233584565,37.53650045482006],[126.96333918026811,37.536498363472724],[126.96333233016273,37.5364939378274],[126.96326010921224,37.53644729603148],[126.96319984761585,37.53640803779502],[126.96312936105961,37.536363009764756]]]}},{"type":"Feature","id":136,"properties":{"model_ref_id":136,"source_type":"MODEL_REFERENCE","model_use":"역세권활성화 간선가로형","reference_name":"노선형 상업지역 판정용 참조도형"},"geometry":{"type":"Polygon","coordinates":[[[126.96408913304471,37.53664220057069],[126.96402044913496,37.536597281380146],[126.96408149018126,37.53663720342749],[126.96408913304471,37.53664220057069]]]}},{"type":"Feature","id":137,"properties":{"model_ref_id":137,"source_type":"MODEL_REFERENCE","model_use":"역세권활성화 간선가로형","reference_name":"노선형 상업지역 판정용 참조도형"},"geometry":{"type":"Polygon","coordinates":[[[126.96346996187326,37.53667959044689],[126.96362963309365,37.53678364161875],[126.96366949780366,37.53681108522561],[126.96372714057689,37.536748021208176],[126.96354012161781,37.53662781238055],[126.96348540813315,37.5366659327947],[126.96346996187326,37.53667959044689]]]}},{"type":"Feature","id":138,"properties":{"model_ref_id":138,"source_type":"MODEL_REFERENCE","model_use":"역세권활성화 간선가로형","reference_name":"노선형 상업지역 판정용 참조도형"},"geometry":{"type":"Polygon","coordinates":[[[126.96379795145033,37.53679383762188],[126.96374084913471,37.53686020472322],[126.96387353317392,37.536951546437244],[126.96394007172873,37.53688655535527],[126.9639221445484,37.536874957873394],[126.96384491635129,37.53682500452059],[126.96382143595072,37.53680941868545],[126.96379795145033,37.53679383762188]]]}},{"type":"Feature","id":139,"properties":{"model_ref_id":139,"source_type":"MODEL_REFERENCE","model_use":"역세권활성화 간선가로형","reference_name":"노선형 상업지역 판정용 참조도형"},"geometry":{"type":"Polygon","coordinates":[[[126.96483903681226,37.53753900605835],[126.9648884055981,37.53748748947613],[126.96476539464956,37.53742184892422],[126.96468284639808,37.537374185643614],[126.96465144684097,37.53735605802178],[126.96457685261574,37.537308641915445],[126.96454390463006,37.53728745802154],[126.96450655681197,37.5372634525983],[126.96450610565338,37.53726315714127],[126.96450363867486,37.53726155056677],[126.96446018909316,37.53723302469532],[126.9644167395399,37.53720450781761],[126.96436730784042,37.53717219317714],[126.96435842221572,37.53716638605458],[126.96430694783051,37.53713275341481],[126.96424855676281,37.53709533888144],[126.96419016564005,37.53705793325917],[126.96418892148003,37.537057121962945],[126.96407406252096,37.536983158260455],[126.96407406335257,37.5369831570655],[126.9640740512113,37.53698314924689],[126.96407879546074,37.536976357380304],[126.96406672715811,37.53696844274546],[126.96401493644467,37.5369344134393],[126.96396246705861,37.53690011359006],[126.96396246169807,37.53690011034426],[126.96394533885199,37.53691850604875],[126.96390235339791,37.53696609989395],[126.96389940091107,37.53696935413815],[126.9639482251905,37.53700296539524],[126.96394964902105,37.53700420652362],[126.96395855363718,37.53701030463773],[126.96396930331203,37.537021346168466],[126.96401762085635,37.53706348051422],[126.96417784283797,37.53716104790733],[126.96424585618114,37.53719978561453],[126.96429375971373,37.53722694803288],[126.96434743080815,37.53725737388884],[126.96435593562943,37.53726216991763],[126.96444365255606,37.53731313132565],[126.96460961530927,37.537419763018406],[126.96483903681226,37.53753900605835]]]}},{"type":"Feature","id":140,"properties":{"model_ref_id":140,"source_type":"MODEL_REFERENCE","model_use":"역세권활성화 간선가로형","reference_name":"노선형 상업지역 판정용 참조도형"},"geometry":{"type":"Polygon","coordinates":[[[126.9589251222341,37.54789614702567],[126.95899536906366,37.54795887271282],[126.95901563673091,37.54797696301608],[126.95908023082949,37.54803094700104],[126.95915618079093,37.5480943684713],[126.95919916072532,37.54813025260111],[126.9592294431193,37.548109784474626],[126.95924378621068,37.54810009520773],[126.95928679230973,37.548071250342964],[126.95918014885171,37.54797921541651],[126.95895235586238,37.5477895626891],[126.95889786658208,37.54774326765198],[126.95886763900673,37.5477583290608],[126.95879976801304,37.54779273926278],[126.95887673589802,37.54785622436535],[126.9589251222341,37.54789614702567]]]}},{"type":"Feature","id":141,"properties":{"model_ref_id":141,"source_type":"MODEL_REFERENCE","model_use":"역세권활성화 간선가로형","reference_name":"노선형 상업지역 판정용 참조도형"},"geometry":{"type":"Polygon","coordinates":[[[126.95966921110416,37.548448864554636],[126.95958569158864,37.54835109234402],[126.95944291060952,37.54820598222647],[126.95932873858371,37.54810745052675],[126.9592785024831,37.548141102842244],[126.95923707881539,37.54817263979426],[126.95923707975332,37.548172640842715],[126.95923951086253,37.54817475004655],[126.95926694916048,37.548198554301834],[126.95930570964467,37.54823216634902],[126.95935742052056,37.548276982403124],[126.9594190504974,37.548330649759414],[126.95944412882723,37.54834680464949],[126.95949304185113,37.54837722188891],[126.95954490804614,37.54840827088423],[126.9595785875331,37.54842291525997],[126.95960659882304,37.54843557537735],[126.95961295679722,37.54843845185371],[126.95966921110416,37.548448864554636]]]}},{"type":"Feature","id":142,"properties":{"model_ref_id":142,"source_type":"MODEL_REFERENCE","model_use":"역세권활성화 간선가로형","reference_name":"노선형 상업지역 판정용 참조도형"},"geometry":{"type":"Polygon","coordinates":[[[126.9591036642292,37.54853589409688],[126.95918511421044,37.548522283474036],[126.95909058503469,37.54843571785022],[126.9590805869879,37.548426560133684],[126.95898567321196,37.54834015645845],[126.95897800500248,37.54833320701253],[126.95894815160064,37.54835513482767],[126.95896092664194,37.548394954071675],[126.95893152384218,37.54842029677928],[126.95889813406802,37.54843537410159],[126.95893953826244,37.54847346682724],[126.95901981747133,37.54854592076961],[126.95910141645432,37.548528856577136],[126.9591036642292,37.54853589409688]]]}},{"type":"Feature","id":143,"properties":{"model_ref_id":143,"source_type":"MODEL_REFERENCE","model_use":"역세권활성화 간선가로형","reference_name":"노선형 상업지역 판정용 참조도형"},"geometry":{"type":"Polygon","coordinates":[[[126.95957184715287,37.548474485093344],[126.9595035140535,37.54842730243082],[126.95954275228834,37.54847651961485],[126.95960974329647,37.54855503797758],[126.95962215989539,37.54856967451974],[126.95967707458531,37.54863437632146],[126.95969546093217,37.548656024701295],[126.95974665418906,37.548716265234205],[126.9597466687275,37.54871628243694],[126.95986768097958,37.54867821302514],[126.9598270588611,37.54863364833857],[126.95970234792854,37.548487656126305],[126.95963001725,37.54848475067417],[126.9595830342092,37.548482345789004],[126.95957184715287,37.548474485093344]]]}},{"type":"Feature","id":144,"properties":{"model_ref_id":144,"source_type":"MODEL_REFERENCE","model_use":"역세권활성화 간선가로형","reference_name":"노선형 상업지역 판정용 참조도형"},"geometry":{"type":"Polygon","coordinates":[[[126.95934971894229,37.54888954041988],[126.95940147793337,37.54887204443138],[126.95947551147853,37.54884700639456],[126.95941255688828,37.548774192677975],[126.95935872146929,37.548781966288836],[126.95935437121106,37.5487709005991],[126.95940514981108,37.54876562158594],[126.95930890373074,37.54865333331983],[126.95930227804232,37.54864713956362],[126.95929450616944,37.548639875399],[126.95926237777017,37.5486044728511],[126.95924218011035,37.54858238224993],[126.95919886721859,37.54853487532377],[126.95913596462808,37.54854797028162],[126.959043456858,37.54856725585493],[126.95919165209416,37.54870100504698],[126.95934971894229,37.54888954041988]]]}},{"type":"Feature","id":145,"properties":{"model_ref_id":145,"source_type":"MODEL_REFERENCE","model_use":"역세권활성화 간선가로형","reference_name":"노선형 상업지역 판정용 참조도형"},"geometry":{"type":"Polygon","coordinates":[[[126.95987023367526,37.5488625401352],[126.95989235185354,37.54888872179583],[126.95988942033036,37.54888982893485],[126.95995500893659,37.54894856098097],[126.95997295726083,37.548947026844985],[126.96001274766478,37.548883152590065],[126.9600276501037,37.5488592245079],[126.95992791230942,37.548744289965576],[126.95988484023684,37.54869703764896],[126.95985535112185,37.548706763610404],[126.9597640287629,37.54873682390586],[126.95987023367526,37.5488625401352]]]}},{"type":"Feature","id":146,"properties":{"model_ref_id":146,"source_type":"MODEL_REFERENCE","model_use":"역세권활성화 간선가로형","reference_name":"노선형 상업지역 판정용 참조도형"},"geometry":{"type":"Polygon","coordinates":[[[126.9600555868343,37.548890503316095],[126.96003904015781,37.54891375056424],[126.96003242438333,37.54892617272123],[126.96002147176193,37.548943386531775],[126.96002076952816,37.54894448547617],[126.96005876783306,37.548946895927486],[126.96005253954776,37.548934838498184],[126.96011000734636,37.54895525577068],[126.96010964189045,37.54895485299855],[126.96010067383868,37.548944966847685],[126.9600555868343,37.548890503316095]]]}},{"type":"Feature","id":147,"properties":{"model_ref_id":147,"source_type":"MODEL_REFERENCE","model_use":"역세권활성화 간선가로형","reference_name":"노선형 상업지역 판정용 참조도형"},"geometry":{"type":"Polygon","coordinates":[[[126.96020689302425,37.54907356588617],[126.96017843703031,37.549026669270326],[126.96017843281437,37.54902666517703],[126.96016667207503,37.54901793266575],[126.96014315451627,37.549002616412636],[126.96007877858594,37.54896004856099],[126.96001227380413,37.548959447721366],[126.96000053837378,37.548980112012394],[126.95999848662879,37.54900591543896],[126.9600159573963,37.549028058974926],[126.96002069540602,37.54903409729185],[126.96004985939437,37.54906969676843],[126.96008514008753,37.5491146777029],[126.96012179184461,37.549158559924614],[126.96017544733364,37.54922623427694],[126.96019219941448,37.54921908654507],[126.96020665373545,37.54921292905956],[126.96024251222386,37.54919763434582],[126.96025548931503,37.54916257276156],[126.9602635013771,37.54914242966787],[126.96026350150439,37.549142429348066],[126.96020689302425,37.54907356588617]]]}},{"type":"Feature","id":148,"properties":{"model_ref_id":148,"source_type":"MODEL_REFERENCE","model_use":"역세권활성화 간선가로형","reference_name":"노선형 상업지역 판정용 참조도형"},"geometry":{"type":"Polygon","coordinates":[[[126.95973726707534,37.54915715008018],[126.95968254639159,37.549090834721476],[126.95962927491743,37.54902341256041],[126.9596237446196,37.54901769829068],[126.95961819269355,37.54901025412401],[126.95959331300399,37.548982855068694],[126.95957114795704,37.54895761936815],[126.9595161544066,37.54889400768204],[126.95950493806241,37.54889749936504],[126.95949445737747,37.54890080211164],[126.95938729647602,37.54893436032085],[126.95948193572539,37.54904723438139],[126.95966626740966,37.549277513469406],[126.95987573428849,37.54954061244391],[126.95992430573845,37.549561948487565],[126.95993201562736,37.54955584263276],[126.95999485174299,37.54950213989576],[126.9600035705322,37.54949296204964],[126.95994838618925,37.54942527805466],[126.95994080964735,37.54941600416804],[126.95990134537728,37.54936497696526],[126.95988376017955,37.54934311352578],[126.95985632774561,37.549309008525846],[126.95985077427801,37.549304159202904],[126.95979878066501,37.54923771966019],[126.95979256465566,37.54922403144177],[126.95978014769118,37.54920978234198],[126.95975414908497,37.549177870756736],[126.95973726707534,37.54915715008018]]]}},{"type":"Feature","id":149,"properties":{"model_ref_id":149,"source_type":"MODEL_REFERENCE","model_use":"역세권활성화 간선가로형","reference_name":"노선형 상업지역 판정용 참조도형"},"geometry":{"type":"Polygon","coordinates":[[[126.96031541651256,37.549307337487214],[126.96032420411579,37.549316278424],[126.96042457677392,37.549339397794306],[126.96031681408208,37.549205883117246],[126.96031569693059,37.54921254509376],[126.96031373254289,37.54922425717127],[126.96029978656507,37.54929144748954],[126.96031541651256,37.549307337487214]]]}},{"type":"Feature","id":150,"properties":{"model_ref_id":150,"source_type":"MODEL_REFERENCE","model_use":"역세권활성화 간선가로형","reference_name":"노선형 상업지역 판정용 참조도형"},"geometry":{"type":"Polygon","coordinates":[[[126.96041003398416,37.54952149044754],[126.96043132662156,37.549549374565515],[126.960543958596,37.54956710145518],[126.96060430681965,37.54956886343889],[126.96049692624646,37.549433154202454],[126.96045372527428,37.54938556759588],[126.96045372413505,37.549385565791404],[126.9603117929031,37.54935123210157],[126.96028529454829,37.549363602027746],[126.96034207330145,37.54943380919681],[126.96041003398416,37.54952149044754]]]}},{"type":"Feature","id":151,"properties":{"model_ref_id":151,"source_type":"MODEL_REFERENCE","model_use":"역세권활성화 간선가로형","reference_name":"노선형 상업지역 판정용 참조도형"},"geometry":{"type":"Polygon","coordinates":[[[126.96020338515024,37.549743796458834],[126.96009109678198,37.54960021096578],[126.96005999877994,37.54956235924065],[126.96004813650565,37.54954758690017],[126.95999015861078,37.549595128707935],[126.9599506508352,37.54959980842529],[126.95992554264163,37.54960317344612],[126.96017928600475,37.54992188186649],[126.96018101263786,37.54992207497877],[126.96022091364621,37.54992263004192],[126.96036270762802,37.54994006123735],[126.96022419140007,37.5497712840039],[126.96020338515024,37.549743796458834]]]}},{"type":"Feature","id":152,"properties":{"model_ref_id":152,"source_type":"MODEL_REFERENCE","model_use":"역세권활성화 간선가로형","reference_name":"노선형 상업지역 판정용 참조도형"},"geometry":{"type":"Polygon","coordinates":[[[126.96078168388058,37.549799559442576],[126.96071205027786,37.54970890870553],[126.96064901500081,37.54969366434236],[126.96059154723663,37.549680219045484],[126.96059562737864,37.54966913841316],[126.96067811205722,37.54968853917582],[126.96070139430887,37.54969503647987],[126.96063742259639,37.54961175626331],[126.9606372744635,37.54961156159763],[126.96063209887467,37.549604824015844],[126.96055619383792,37.54960282084884],[126.96047294060986,37.549601862859056],[126.96044463674605,37.54956538984619],[126.96056879850708,37.54972542222566],[126.96061108845531,37.549783577899035],[126.96062217720609,37.54978572622313],[126.96062149269201,37.54979564459208],[126.96062149373985,37.54979564580731],[126.96066163597186,37.54984773707079],[126.96070188236472,37.549899837367406],[126.96071433213582,37.54991461796079],[126.96075728085889,37.54996886354727],[126.96077471452003,37.549991399015724],[126.96079890840836,37.549978077485555],[126.96081076410766,37.54996476518779],[126.96083684211189,37.549935465513066],[126.96084523497049,37.54992221504313],[126.96085908498863,37.54989410957449],[126.96085289358113,37.54988654783828],[126.96078168388058,37.549799559442576]]]}},{"type":"Feature","id":153,"properties":{"model_ref_id":153,"source_type":"MODEL_REFERENCE","model_use":"역세권활성화 간선가로형","reference_name":"노선형 상업지역 판정용 참조도형"},"geometry":{"type":"Polygon","coordinates":[[[126.96088168197421,37.549921707878504],[126.96084666111147,37.54996186784063],[126.96083557496438,37.54997511734813],[126.9607933654387,37.549994536473086],[126.96077740733443,37.549996880776405],[126.96077740809517,37.54999688233111],[126.96079337674993,37.54999454548696],[126.96080026419804,37.550022036959604],[126.96081350600818,37.55003907929427],[126.96084979638523,37.55008119522635],[126.96085613408707,37.55008021541808],[126.96087822551907,37.550076772539434],[126.96088111143835,37.55007632307785],[126.96089352729997,37.550073056938835],[126.96090536722545,37.55004755431837],[126.96091338808043,37.55003175392761],[126.96093576257762,37.549987757867974],[126.96088168197421,37.549921707878504]]]}},{"type":"Feature","id":154,"properties":{"model_ref_id":154,"source_type":"MODEL_REFERENCE","model_use":"역세권활성화 간선가로형","reference_name":"노선형 상업지역 판정용 참조도형"},"geometry":{"type":"Polygon","coordinates":[[[126.96039741199873,37.549986114135095],[126.96023753228604,37.54997100987493],[126.96023845435319,37.54999256365761],[126.96037877478695,37.550159765386034],[126.96050482818147,37.55012266990131],[126.96039741199873,37.549986114135095]]]}},{"type":"Feature","id":155,"properties":{"model_ref_id":155,"source_type":"MODEL_REFERENCE","model_use":"역세권활성화 간선가로형","reference_name":"노선형 상업지역 판정용 참조도형"},"geometry":{"type":"Polygon","coordinates":[[[126.96111113012184,37.55025318694667],[126.96111814959663,37.55026745200803],[126.96115494721404,37.55029341338996],[126.96117596830125,37.55030187206871],[126.96118247241324,37.55030688384252],[126.96118360350125,37.55030786631546],[126.96120265181612,37.5503230005783],[126.96128723851666,37.55038962220499],[126.96130195408905,37.55040225919547],[126.9613389286439,37.55039522656535],[126.96134082099424,37.55039071330604],[126.96135674014694,37.55035030789029],[126.96115435156533,37.55018491673962],[126.96111886839795,37.55015591950903],[126.96097766713065,37.55004782335534],[126.96095128173306,37.55010057555351],[126.96094858101317,37.550113792019985],[126.96094624639706,37.55011992688602],[126.9609565647612,37.55014386969649],[126.96102128890432,37.55019376218166],[126.96111113012184,37.55025318694667]]]}},{"type":"Feature","id":156,"properties":{"model_ref_id":156,"source_type":"MODEL_REFERENCE","model_use":"역세권활성화 간선가로형","reference_name":"노선형 상업지역 판정용 참조도형"},"geometry":{"type":"Polygon","coordinates":[[[126.96041651570084,37.55018181466277],[126.96045367917361,37.550160925250616],[126.96040344418785,37.55018916062839],[126.96056618478147,37.550383076227625],[126.96067693235756,37.55046976980629],[126.96070983476125,37.55046349553127],[126.96080262657055,37.55044812193475],[126.96080818150833,37.55043056375246],[126.96070220931993,37.55034023014314],[126.96068288913352,37.55032361905326],[126.96066204440852,37.55030569815779],[126.96062743738494,37.55026849313451],[126.96058863766147,37.550221348745325],[126.96052769678042,37.55014565321607],[126.96053128152988,37.550150114375015],[126.96046945423521,37.5501608048001],[126.96051803316784,37.550244307436415],[126.96050421339791,37.550248690249795],[126.96050148896524,37.55024374286888],[126.96045656200339,37.550165917738994],[126.96041651570084,37.55018181466277]]]}},{"type":"Feature","id":157,"properties":{"model_ref_id":157,"source_type":"MODEL_REFERENCE","model_use":"역세권활성화 간선가로형","reference_name":"노선형 상업지역 판정용 참조도형"},"geometry":{"type":"Polygon","coordinates":[[[126.9614343171277,37.5505736999921],[126.96153829128372,37.550657248734424],[126.9616560446039,37.55074892007423],[126.96175247528265,37.550825023858714],[126.96180104939741,37.550797389647144],[126.96186160752981,37.55076287880918],[126.96141150038147,37.550395057552],[126.961385809362,37.55046176272246],[126.96136929770535,37.550504283319604],[126.96137169714669,37.55052396164601],[126.96143317461585,37.5505728977143],[126.9614343171277,37.5505736999921]]]}},{"type":"Feature","id":158,"properties":{"model_ref_id":158,"source_type":"MODEL_REFERENCE","model_use":"역세권활성화 간선가로형","reference_name":"노선형 상업지역 판정용 참조도형"},"geometry":{"type":"Polygon","coordinates":[[[126.9610358694349,37.550608300877926],[126.96098123447346,37.55056675510476],[126.9609348691376,37.550530059545814],[126.9609022563386,37.550504030194276],[126.96086969330298,37.5504780414347],[126.9608310201093,37.55044687070878],[126.96082579375013,37.550443139044674],[126.96082435608561,37.55044450775013],[126.96078044742481,37.550486468868904],[126.96078636373461,37.55049030917544],[126.9607763432543,37.55049999116276],[126.9607963511268,37.550519207289284],[126.96084623878981,37.55057066227085],[126.96086353137916,37.55058877821579],[126.96087383337492,37.55058157402637],[126.96091196096896,37.5506171854906],[126.96093480873121,37.550637465766805],[126.96091883289756,37.5506523262977],[126.96085516510259,37.550594892905686],[126.96079849317054,37.55053351567349],[126.96074727253267,37.5504980166121],[126.96071819325249,37.55047114787681],[126.9606867395597,37.550477446902654],[126.96078815944452,37.55055683843985],[126.96119447538707,37.55088039112012],[126.9615267191241,37.55113716869727],[126.96154147387726,37.551142384390886],[126.96163857301167,37.551176854055186],[126.96168477400842,37.55112229824248],[126.96168374508449,37.551121576529845],[126.96161924570859,37.551072261123565],[126.9615612279348,37.55102804752445],[126.96154727788252,37.55101713537855],[126.96154717895409,37.5510170596015],[126.9613322255536,37.55084891443543],[126.96125060169865,37.55078498783499],[126.961161210095,37.55070943573646],[126.96112590831447,37.5506794114537],[126.96107468990621,37.550639479697175],[126.9610358694349,37.550608300877926]]]}},{"type":"Feature","id":159,"properties":{"model_ref_id":159,"source_type":"MODEL_REFERENCE","model_use":"역세권활성화 간선가로형","reference_name":"노선형 상업지역 판정용 참조도형"},"geometry":{"type":"Polygon","coordinates":[[[126.96181594229512,37.55085822023991],[126.96181666710393,37.55087776282404],[126.96181992067258,37.55088053415253],[126.96182339837279,37.55088349542815],[126.96186271739792,37.55091438584629],[126.96189542031806,37.55093800301008],[126.9619251469744,37.550959654984744],[126.96193471801027,37.55096663192811],[126.962025899238,37.55103914774544],[126.9620459774381,37.55105652552591],[126.96206666479897,37.55105327129567],[126.96210463597596,37.551003892551165],[126.96212237648959,37.55097597310283],[126.96191001209333,37.5508024340219],[126.96189965474964,37.55080861425128],[126.96181594229512,37.55085822023991]]]}},{"type":"Feature","id":160,"properties":{"model_ref_id":160,"source_type":"MODEL_REFERENCE","model_use":"역세권활성화 간선가로형","reference_name":"노선형 상업지역 판정용 참조도형"},"geometry":{"type":"Polygon","coordinates":[[[126.96215489864106,37.55100254931826],[126.96212099638461,37.55105119084096],[126.9621122756242,37.55106411693133],[126.96210093797256,37.55110281924964],[126.96216815316998,37.551153018296304],[126.96218205543319,37.551163492533874],[126.96226947271775,37.55123286242654],[126.96229713345828,37.55125559140093],[126.96232395887992,37.55127763306856],[126.9623509819305,37.551299923700945],[126.96238563579462,37.55127416750984],[126.9624027948624,37.551268226924826],[126.96244855623559,37.55123132937182],[126.96239353491681,37.55119044184126],[126.9623731722075,37.55117755076871],[126.96229284846227,37.55111369741823],[126.96217952949397,37.55102267696105],[126.96215489864106,37.55100254931826]]]}},{"type":"Feature","id":161,"properties":{"model_ref_id":161,"source_type":"MODEL_REFERENCE","model_use":"역세권활성화 간선가로형","reference_name":"노선형 상업지역 판정용 참조도형"},"geometry":{"type":"Polygon","coordinates":[[[126.96177223974357,37.55133649356268],[126.96181357513505,37.551370281623065],[126.96181851024001,37.55135309528854],[126.96177223974357,37.55133649356268]]]}},{"type":"Feature","id":162,"properties":{"model_ref_id":162,"source_type":"MODEL_REFERENCE","model_use":"역세권활성화 간선가로형","reference_name":"노선형 상업지역 판정용 참조도형"},"geometry":{"type":"Polygon","coordinates":[[[126.96288199282174,37.55169017718838],[126.96292287360019,37.55172112214481],[126.9629427948043,37.55173619304592],[126.96296826340262,37.55175559226836],[126.96299256752026,37.551774096282514],[126.96299459347917,37.55177557415261],[126.96299952452136,37.55177915315778],[126.96299953493629,37.55177916096626],[126.96302051647208,37.55175860884333],[126.96304147437007,37.55173823570038],[126.9630437711197,37.55171760597342],[126.96304376002725,37.55171760395627],[126.96304861461454,37.55169684694431],[126.96304277212803,37.55166120353939],[126.96253217537856,37.551274698086104],[126.96251643314042,37.55129319618162],[126.96245369878638,37.55136690179821],[126.962454019572,37.55136714163582],[126.9624782805276,37.55138526358639],[126.96256046232595,37.55144599103246],[126.96261829966717,37.55149072664635],[126.96262654609548,37.55149691021434],[126.96269230241572,37.5515466399489],[126.96272576310623,37.55157207197754],[126.96275626009538,37.55159524280377],[126.9628209078689,37.55164440446833],[126.96288199282174,37.55169017718838]]]}},{"type":"Feature","id":163,"properties":{"model_ref_id":163,"source_type":"MODEL_REFERENCE","model_use":"역세권활성화 간선가로형","reference_name":"노선형 상업지역 판정용 참조도형"},"geometry":{"type":"Polygon","coordinates":[[[126.96211946630781,37.55146236823051],[126.96209379232377,37.551442901964144],[126.96208512562659,37.551439655418946],[126.96207584798474,37.55143613836619],[126.96202391586947,37.551416388806246],[126.96194019208245,37.55138248272515],[126.96184945232204,37.551348213744475],[126.96184175019091,37.55136073472692],[126.9618296716988,37.55138343914121],[126.96184824766625,37.551398623344234],[126.96224537102086,37.551715127868604],[126.96226730204158,37.551684065136676],[126.96227141104289,37.55161973634499],[126.96235184095184,37.551676616130244],[126.96235829805994,37.55166436498131],[126.96236597232233,37.55165284939793],[126.96225466977045,37.551564878698784],[126.96224608981407,37.55156855174754],[126.96223534045555,37.55156602528073],[126.96216034314203,37.55150833641064],[126.96216778843265,37.55149900649656],[126.9621393935198,37.551477477227145],[126.96213047950602,37.55148625197766],[126.96211249436946,37.55147128942264],[126.96211555101912,37.5514691281218],[126.96211946630781,37.55146236823051]]]}},{"type":"Feature","id":164,"properties":{"model_ref_id":164,"source_type":"MODEL_REFERENCE","model_use":"역세권활성화 간선가로형","reference_name":"노선형 상업지역 판정용 참조도형"},"geometry":{"type":"Polygon","coordinates":[[[126.96235388420256,37.55171655776477],[126.9623538825763,37.551716558003804],[126.96234768403333,37.55172512364046],[126.96235388420256,37.55171655776477]]]}},{"type":"Feature","id":165,"properties":{"model_ref_id":165,"source_type":"MODEL_REFERENCE","model_use":"역세권활성화 간선가로형","reference_name":"노선형 상업지역 판정용 참조도형"},"geometry":{"type":"Polygon","coordinates":[[[126.96232171812187,37.551775974694046],[126.96232171875644,37.55177597519964],[126.96234768403333,37.55172512364046],[126.96232171812187,37.551775974694046]]]}},{"type":"Feature","id":166,"properties":{"model_ref_id":166,"source_type":"MODEL_REFERENCE","model_use":"역세권활성화 간선가로형","reference_name":"노선형 상업지역 판정용 참조도형"},"geometry":{"type":"Polygon","coordinates":[[[126.9631726958581,37.55177489466973],[126.96318526348635,37.5517681179779],[126.96317601814972,37.55176126722392],[126.9631726958581,37.55177489466973]]]}},{"type":"Feature","id":167,"properties":{"model_ref_id":167,"source_type":"MODEL_REFERENCE","model_use":"역세권활성화 간선가로형","reference_name":"노선형 상업지역 판정용 참조도형"},"geometry":{"type":"Polygon","coordinates":[[[126.96326665971732,37.55197906349997],[126.96328003540563,37.551988941227144],[126.96328101488567,37.55198966389695],[126.96328102639514,37.55198967274274],[126.96328386795284,37.55198725923203],[126.96332620050453,37.55197148824738],[126.96334792322781,37.551938600650004],[126.96337541390118,37.55190901816286],[126.96327213151937,37.55183248671326],[126.96324418670456,37.55184793583019],[126.9632292465502,37.55183085716129],[126.96324864642116,37.55181508440173],[126.96320462214287,37.551782462651204],[126.96317786510811,37.551795980785755],[126.9631564815932,37.551804767595456],[126.96315647204696,37.55180478518003],[126.96313812934802,37.551823186073285],[126.96312062565899,37.55183860499253],[126.96310115219572,37.55185529362945],[126.96318172827213,37.55191561465306],[126.96326665971732,37.55197906349997]]]}},{"type":"Feature","id":168,"properties":{"model_ref_id":168,"source_type":"MODEL_REFERENCE","model_use":"역세권활성화 간선가로형","reference_name":"노선형 상업지역 판정용 참조도형"},"geometry":{"type":"Polygon","coordinates":[[[126.96361683985731,37.55226133283104],[126.96364772020506,37.552288237484866],[126.96370292162545,37.552333800586766],[126.96371271775504,37.55234163339357],[126.9637225252081,37.552349457193436],[126.96371671546743,37.5523360666483],[126.96371463354897,37.5523353992275],[126.96371505434853,37.5523314350414],[126.96372295703753,37.55232449109176],[126.9637307124995,37.55231775431874],[126.96368925164512,37.55226813237431],[126.9636838345233,37.55226135517523],[126.96363288926587,37.5522138293406],[126.96359178274473,37.552157765448975],[126.9635481132962,37.552090537502885],[126.96354798436951,37.552056056829834],[126.96354798896091,37.55204735333291],[126.96354678183506,37.552046119219895],[126.9634058691667,37.551931585232786],[126.96339411112017,37.5519228726317],[126.96337268316145,37.55194016766986],[126.96336826708792,37.55194505852584],[126.96334938004797,37.551965648658076],[126.96330108767349,37.552005091170535],[126.96330110501972,37.55200510450223],[126.96338568372335,37.55207257152935],[126.9634646971367,37.55213559478284],[126.963519220528,37.55218056235475],[126.96357190972809,37.552224008108226],[126.96361683985731,37.55226133283104]]]}},{"type":"Feature","id":169,"properties":{"model_ref_id":169,"source_type":"MODEL_REFERENCE","model_use":"역세권활성화 간선가로형","reference_name":"노선형 상업지역 판정용 참조도형"},"geometry":{"type":"Polygon","coordinates":[[[126.96357607221562,37.552069926411264],[126.9636154483479,37.552131563748205],[126.96361585895022,37.5521469706991],[126.96363559277376,37.55217306075029],[126.96370502362426,37.552231638797],[126.96374680549908,37.5522086978016],[126.96357607221562,37.552069926411264]]]}},{"type":"Feature","id":170,"properties":{"model_ref_id":170,"source_type":"MODEL_REFERENCE","model_use":"역세권활성화 간선가로형","reference_name":"노선형 상업지역 판정용 참조도형"},"geometry":{"type":"Polygon","coordinates":[[[126.96379456631469,37.552307981866925],[126.96383773528875,37.55228260489128],[126.9638002222605,37.55225211459362],[126.96379661847689,37.552257473428206],[126.9637751565066,37.55226808888732],[126.9637751467481,37.55228669418802],[126.96375413036668,37.55233234001963],[126.96379456631469,37.552307981866925]]]}},{"type":"Feature","id":171,"properties":{"model_ref_id":171,"source_type":"MODEL_REFERENCE","model_use":"역세권활성화 간선가로형","reference_name":"노선형 상업지역 판정용 참조도형"},"geometry":{"type":"Polygon","coordinates":[[[126.96377083219538,37.552390437538364],[126.96379684215721,37.552413649936476],[126.96380055185428,37.55241780470173],[126.96384729110208,37.552458535653315],[126.96387892988481,37.552485341389335],[126.96388061611088,37.552485269869834],[126.96395812136889,37.55255573441013],[126.96402826456865,37.552616637035506],[126.96405186764767,37.5525583692366],[126.96406190176943,37.552543938797754],[126.96407280413698,37.55249332133715],[126.96401126938967,37.552434964644505],[126.96400943728688,37.552435812495254],[126.96396014117045,37.552458627108244],[126.96395061192398,37.55245975018367],[126.9639351411573,37.55246135782209],[126.96393477778763,37.55244205864127],[126.9639929490791,37.5524185576248],[126.96388833748772,37.55232588737484],[126.96386058499037,37.552341162548444],[126.96385021267993,37.55234687777178],[126.96381780143021,37.552364659668505],[126.96377083219538,37.552390437538364]]]}},{"type":"Feature","id":172,"properties":{"model_ref_id":172,"source_type":"MODEL_REFERENCE","model_use":"역세권활성화 간선가로형","reference_name":"노선형 상업지역 판정용 참조도형"},"geometry":{"type":"Polygon","coordinates":[[[126.96371884546643,37.55255680815436],[126.96371500568587,37.55255332917211],[126.96368361798986,37.55252583936178],[126.96371499436914,37.55255332916834],[126.96371863435643,37.5525566243749],[126.96371884546643,37.55255680815436]]]}},{"type":"Feature","id":173,"properties":{"model_ref_id":173,"source_type":"MODEL_REFERENCE","model_use":"역세권활성화 간선가로형","reference_name":"노선형 상업지역 판정용 참조도형"},"geometry":{"type":"Polygon","coordinates":[[[126.96408136223322,37.55255216218566],[126.96407547701925,37.552574910069985],[126.96415864288844,37.55257472661074],[126.96408884267372,37.55250853151924],[126.96407621348627,37.5525514757399],[126.96408136223322,37.55255216218566]]]}},{"type":"Feature","id":174,"properties":{"model_ref_id":174,"source_type":"MODEL_REFERENCE","model_use":"역세권활성화 간선가로형","reference_name":"노선형 상업지역 판정용 참조도형"},"geometry":{"type":"Polygon","coordinates":[[[126.96428819802736,37.552704730649076],[126.96429229240827,37.552701473588684],[126.96423166892676,37.5526439810873],[126.96423012841355,37.552645886388795],[126.96423877746552,37.552661791583944],[126.9642495555884,37.55267476027253],[126.96427724785654,37.552696176725206],[126.96428819802736,37.552704730649076]]]}},{"type":"Feature","id":175,"properties":{"model_ref_id":175,"source_type":"MODEL_REFERENCE","model_use":"역세권활성화 간선가로형","reference_name":"노선형 상업지역 판정용 참조도형"},"geometry":{"type":"Polygon","coordinates":[[[126.96430412685636,37.55278026529408],[126.96431382839707,37.552774294957246],[126.96432058427234,37.552752844763056],[126.96429142686043,37.552741572910605],[126.96429693430304,37.552727068888316],[126.9642559344631,37.55270386412427],[126.96419046415498,37.552666019331966],[126.96414952104,37.552642670392096],[126.96411527602332,37.55264383038852],[126.96409300536119,37.55264257067968],[126.96406557520709,37.55263951630754],[126.96405564500233,37.55264995542522],[126.96414214246165,37.55272992818326],[126.96414459705369,37.55273213193112],[126.96416158687435,37.55274737762012],[126.96418219607953,37.55276641821017],[126.96421061014709,37.55279265914257],[126.9642541242087,37.55283410064689],[126.9642615282543,37.55282852599246],[126.96427437348896,37.5528052848439],[126.96428096017272,37.552804638297864],[126.96429059797335,37.55279064018204],[126.96430412685636,37.55278026529408]]]}},{"type":"Feature","id":176,"properties":{"model_ref_id":176,"source_type":"MODEL_REFERENCE","model_use":"역세권활성화 간선가로형","reference_name":"노선형 상업지역 판정용 참조도형"},"geometry":{"type":"Polygon","coordinates":[[[126.96427662770608,37.55285853815085],[126.96427663189505,37.55285854269978],[126.96432366448704,37.55290203056458],[126.96436180642583,37.55293724447375],[126.96439777663099,37.552970421437934],[126.96447695828668,37.553039868069696],[126.96449801277068,37.55305891575221],[126.96454297234871,37.55309957072861],[126.96458620795879,37.55313883612971],[126.96458903285362,37.55314140036022],[126.96462451777235,37.5531723606778],[126.96464273391877,37.55315792384242],[126.96464808888256,37.553153799080675],[126.96470216000625,37.5531107046035],[126.96472165879202,37.553095460895356],[126.96449300024526,37.552891814747376],[126.96447023411832,37.552870224570455],[126.96446507130761,37.552872623697056],[126.96443647980121,37.55283914283061],[126.9644229845093,37.55282541551483],[126.96438439059244,37.55278881501047],[126.96434827840119,37.55277075637488],[126.964313221618,37.552809685377014],[126.96429724254,37.552831213633795],[126.96428169215535,37.55285531884086],[126.96427941674092,37.552856759667144],[126.96427662770608,37.55285853815085]]]}},{"type":"Feature","id":177,"properties":{"model_ref_id":177,"source_type":"MODEL_REFERENCE","model_use":"역세권활성화 간선가로형","reference_name":"노선형 상업지역 판정용 참조도형"},"geometry":{"type":"Polygon","coordinates":[[[126.96492661625652,37.567131746016834],[126.96495995122592,37.56711226508982],[126.9649528814858,37.56710331752267],[126.96492661625652,37.567131746016834]]]}},{"type":"Feature","id":178,"properties":{"model_ref_id":178,"source_type":"MODEL_REFERENCE","model_use":"역세권활성화 간선가로형","reference_name":"노선형 상업지역 판정용 참조도형"},"geometry":{"type":"Polygon","coordinates":[[[126.96485300377704,37.567213401702915],[126.96501022722282,37.567236372311484],[126.96501023467988,37.56723636439049],[126.9650179332455,37.56722774021607],[126.96503647559096,37.5672069468013],[126.96508457337843,37.56715511081781],[126.96514764290909,37.56708707097215],[126.96513131801801,37.567070694908395],[126.96512153216841,37.567060817015054],[126.9650408262168,37.56710961522967],[126.96504281710538,37.567112057528696],[126.96494874112734,37.56716532024236],[126.9648975819998,37.56718280978814],[126.96486776578635,37.567195143608785],[126.96485052779838,37.56721280640235],[126.96485300377704,37.567213401702915]]]}},{"type":"Feature","id":179,"properties":{"model_ref_id":179,"source_type":"MODEL_REFERENCE","model_use":"역세권활성화 간선가로형","reference_name":"노선형 상업지역 판정용 참조도형"},"geometry":{"type":"Polygon","coordinates":[[[126.96464900359184,37.567608731025985],[126.96465406569871,37.56760382232588],[126.96470841418281,37.56754788906851],[126.96476275126757,37.56749195578097],[126.96481484633364,37.56743755341008],[126.96488916061968,37.567360588624645],[126.96491592462797,37.56733304207653],[126.96496334344998,37.5672842160778],[126.96488826508674,37.56727441851985],[126.96481918987911,37.56726604408877],[126.9648005746881,37.56726399047409],[126.96476962152845,37.56729570634596],[126.9646893288288,37.56737867865823],[126.96450798891873,37.56757221338912],[126.96443412696432,37.567651034100216],[126.96433659909673,37.56775512108867],[126.96435920219959,37.567764497129716],[126.96436765123501,37.56775472425486],[126.96437444672446,37.56774682487812],[126.96446945641576,37.567794779121876],[126.96447654613303,37.56778726884706],[126.9644790715123,37.56778459216875],[126.9644795551981,37.56778408128558],[126.96448869792988,37.567774396208776],[126.96449284076586,37.56777012531724],[126.96450106712744,37.567761642357524],[126.96450314699112,37.56775950052258],[126.96455208407099,37.56770905072486],[126.96455791065814,37.56770291929283],[126.96456288124487,37.567697687629085],[126.96460955909716,37.56764855055959],[126.96464899226822,37.56760874003211],[126.96464898189537,37.567608752938646],[126.96464900359184,37.567608731025985]]]}},{"type":"Feature","id":180,"properties":{"model_ref_id":180,"source_type":"MODEL_REFERENCE","model_use":"역세권활성화 간선가로형","reference_name":"노선형 상업지역 판정용 참조도형"},"geometry":{"type":"Polygon","coordinates":[[[126.964058268143,37.5682337010543],[126.96413171310017,37.56815544806695],[126.96422984666418,37.568051732422525],[126.96432008659437,37.567955726502305],[126.96433788977336,37.56793708203569],[126.96428236026509,37.567933802271945],[126.96426609333759,37.56791479524597],[126.96428036186455,37.56790216817913],[126.96431028166205,37.567917098238844],[126.96433061748647,37.56790388751829],[126.96435378937396,37.567918633969605],[126.96435424399066,37.56791814371739],[126.96442852849579,37.56783764342439],[126.96443330520579,37.56783239207121],[126.96444651217766,37.56781786376417],[126.96438198565347,37.56778973205461],[126.96432516252183,37.567767424584204],[126.96429482494209,37.5678001818948],[126.96427137012537,37.56782551878763],[126.96404984455675,37.568066314061845],[126.96399962631766,37.56812507745662],[126.96393784562947,37.56818804458142],[126.96387005350643,37.568259208604324],[126.96380224313245,37.56833039420483],[126.96383157879428,37.568347762244564],[126.96386094162902,37.56836514289973],[126.96387403567635,37.56837129189996],[126.96390064624906,37.568370489873],[126.96394140960325,37.56836861173752],[126.96394141865159,37.56836860231101],[126.96395989564124,37.568349705851496],[126.96397837262673,37.568330800378774],[126.96397923382354,37.568328989692326],[126.96398009502511,37.56832716999605],[126.96398513678027,37.568318058243456],[126.96399017853908,37.56830893748047],[126.9639956714077,37.56830298381379],[126.96400116427981,37.56829702113742],[126.96403432534666,37.5682610379143],[126.96403519872266,37.56825984178104],[126.96403757536407,37.56825656234839],[126.96400119748513,37.56823338487639],[126.96400120797374,37.56821328399868],[126.96405120115736,37.568241140822344],[126.964058268143,37.5682337010543]]]}},{"type":"Feature","id":181,"properties":{"model_ref_id":181,"source_type":"MODEL_REFERENCE","model_use":"역세권활성화 간선가로형","reference_name":"노선형 상업지역 판정용 참조도형"},"geometry":{"type":"Polygon","coordinates":[[[126.9651669215842,37.56797641737404],[126.96515381522218,37.56797425982549],[126.96509826435022,37.568035301459105],[126.96507756263958,37.56805595429546],[126.96504870731059,37.56803967330176],[126.96506909462448,37.568014028935565],[126.96511522472915,37.567959561450145],[126.9651103916578,37.56791459194472],[126.96505282802559,37.567882480503215],[126.96511802800121,37.56781083744397],[126.96514366453181,37.567790564595434],[126.96518140071493,37.56772626468667],[126.96514022308024,37.56770211420021],[126.96511945047511,37.56769408888338],[126.96510657189485,37.567706158709576],[126.96505309927284,37.56776736136698],[126.96496804538758,37.567852972204136],[126.96488225084295,37.567943412897534],[126.96482734569501,37.56800079572957],[126.964738665815,37.56809299139407],[126.96472086929478,37.56811333695994],[126.96477008068092,37.568144007003696],[126.96480195802495,37.56816059537731],[126.96490226574815,37.56820874019109],[126.96492765752672,37.56822491198458],[126.96491064618336,37.568244692030696],[126.96478059556928,37.56816717462719],[126.964774853537,37.56817355171062],[126.96470357806811,37.56813231757058],[126.96470242662882,37.5681328966872],[126.96463916967386,37.56819750798971],[126.96461640289587,37.56822093959866],[126.96453717117569,37.56830750975545],[126.96447966874466,37.568369573071124],[126.96447920987254,37.5683700211648],[126.96448021828701,37.56837067154612],[126.9645483018334,37.5684163644738],[126.96456043189701,37.5684241889402],[126.9645961656455,37.56844756301027],[126.96458227035306,37.56846066775539],[126.96451624483339,37.56841884072654],[126.96446086482442,37.56838834246709],[126.96446068148295,37.56838823113357],[126.96438124299279,37.56848659360449],[126.9643747724031,37.568494284960444],[126.96430369321818,37.5685788033895],[126.96432135484747,37.568649496228986],[126.96432443546011,37.56865113191451],[126.9643442041869,37.568662391643564],[126.96443709563809,37.56871557990987],[126.96443864436688,37.5687168616444],[126.96443897388806,37.56871699506362],[126.96446766205246,37.568728437883486],[126.96450337853699,37.56871962894416],[126.96454997693435,37.56868063167804],[126.96455977665828,37.56868580650125],[126.96463277662569,37.56863634840709],[126.96467150401857,37.56860531320163],[126.96475286531069,37.56854030682163],[126.96477473325324,37.56851938412764],[126.96480628059417,37.56849541023939],[126.96482795273812,37.56848103760202],[126.96483002496993,37.56847940749742],[126.9649065049299,37.56841934581477],[126.96493336473614,37.56839800124198],[126.96505142264995,37.56830084992394],[126.96516180480137,37.56817876701195],[126.96523269524164,37.568091016181576],[126.9652711146894,37.56804112314947],[126.96531543626514,37.5679814022894],[126.96532222099205,37.567972241481776],[126.96534761556212,37.56793795826037],[126.96539458723242,37.56787512983151],[126.96544808280626,37.56780388920019],[126.96544800698061,37.567803865750555],[126.96544800713839,37.56780386555703],[126.9653642218542,37.56777811153932],[126.96531414537492,37.56782529793783],[126.96528012607114,37.5678589026594],[126.9652587504454,37.56786940125864],[126.96523936973294,37.5678968209127],[126.96520327456413,37.56793915545141],[126.9651669215842,37.56797641737404]]]}},{"type":"Feature","id":182,"properties":{"model_ref_id":182,"source_type":"MODEL_REFERENCE","model_use":"역세권활성화 간선가로형","reference_name":"노선형 상업지역 판정용 참조도형"},"geometry":{"type":"Polygon","coordinates":[[[126.96343444755527,37.56888337086493],[126.96345436522368,37.56886757434278],[126.96362124344837,37.568691465823925],[126.96365279882735,37.56865816268779],[126.96378951953791,37.568513873782486],[126.96378469409674,37.568479064611616],[126.96378006317073,37.56845917201807],[126.96371495214532,37.56842018312608],[126.96302093690835,37.56913406626108],[126.96302093302559,37.56913407034413],[126.96305940611678,37.56916215204712],[126.96312468173016,37.56920899809388],[126.9631246821291,37.569208997657626],[126.96317930620711,37.56914927252077],[126.96325527727191,37.56907082272834],[126.9633019717724,37.56902301439898],[126.96336246114382,37.56895983995679],[126.96340759403938,37.5689118643785],[126.96341409442195,37.56890495153343],[126.96341415140517,37.56890489650401],[126.96343444755527,37.56888337086493]]]}},{"type":"Feature","id":183,"properties":{"model_ref_id":183,"source_type":"MODEL_REFERENCE","model_use":"역세권활성화 간선가로형","reference_name":"노선형 상업지역 판정용 참조도형"},"geometry":{"type":"Polygon","coordinates":[[[126.96280690736647,37.56935913778946],[126.96284177966558,37.56937846667483],[126.96290365024397,37.569421563603534],[126.96290540407225,37.56942278953327],[126.96294980289716,37.56937182713378],[126.96293829814354,37.5694011321259],[126.96297908113723,37.56935942155795],[126.96306515409655,37.569272163727234],[126.96303943720542,37.569250198120635],[126.9630309998685,37.569237455396205],[126.96302784435129,37.56923268813948],[126.9629821852543,37.56920650818154],[126.9629625148863,37.56919550169861],[126.96288468638723,37.569277344398984],[126.96280690736647,37.56935913778946]]]}},{"type":"Feature","id":184,"properties":{"model_ref_id":184,"source_type":"MODEL_REFERENCE","model_use":"역세권활성화 간선가로형","reference_name":"노선형 상업지역 판정용 참조도형"},"geometry":{"type":"Polygon","coordinates":[[[126.9628980618994,37.56944824455197],[126.96285477905766,37.56941151906774],[126.96282007380887,37.569391190139264],[126.96278751845104,37.56937952737921],[126.96278751570516,37.56937953026686],[126.962731250973,37.569434334841276],[126.96253089956328,37.569629496600946],[126.9625585401676,37.56964619539704],[126.96262908134933,37.569605549297364],[126.9627463087507,37.569554575838836],[126.96275265631093,37.569559326172325],[126.96281986570352,37.56952562538141],[126.96282260092818,37.569522617036434],[126.96282533615467,37.569519599684554],[126.96283079528087,37.56951358299343],[126.9628980618994,37.56944824455197]]]}},{"type":"Feature","id":185,"properties":{"model_ref_id":185,"source_type":"MODEL_REFERENCE","model_use":"역세권활성화 간선가로형","reference_name":"노선형 상업지역 판정용 참조도형"},"geometry":{"type":"Polygon","coordinates":[[[126.96252802574163,37.56966266386609],[126.96251134666967,37.56964854434095],[126.96245297752861,37.56970540713457],[126.96252802574163,37.56966266386609]]]}},{"type":"Feature","id":186,"properties":{"model_ref_id":186,"source_type":"MODEL_REFERENCE","model_use":"역세권활성화 간선가로형","reference_name":"노선형 상업지역 판정용 참조도형"},"geometry":{"type":"Polygon","coordinates":[[[126.96257646309095,37.56974256140977],[126.96251353966116,37.56978319207217],[126.96243579310584,37.569834989762924],[126.96235659803381,37.56988593097143],[126.96226478887642,37.569944634223084],[126.96227868000915,37.56996119003106],[126.96228441541164,37.56996762501161],[126.96231255231828,37.569993907311286],[126.96232187000102,37.570002177126476],[126.96232187496454,37.57000217251763],[126.96233317566156,37.56999137963403],[126.96235804777167,37.5699676053542],[126.96239813938618,37.5699287148219],[126.96247470869852,37.56985632934749],[126.96253218462077,37.56980032610983],[126.9625603498663,37.569774279411696],[126.96258738344855,37.569747700740535],[126.96258738492192,37.56974770142216],[126.96258739477273,37.56974769173462],[126.96258920743117,37.56974479119829],[126.96264477975863,37.569692084841336],[126.9626235945871,37.569704583201926],[126.96258524187564,37.56973087870014],[126.96257908193023,37.569735021100044],[126.96257336359804,37.56973886632739],[126.96257646309095,37.56974256140977]]]}},{"type":"Feature","id":187,"properties":{"model_ref_id":187,"source_type":"MODEL_REFERENCE","model_use":"역세권활성화 간선가로형","reference_name":"노선형 상업지역 판정용 참조도형"},"geometry":{"type":"Polygon","coordinates":[[[126.96212026579339,37.57010600389316],[126.96214900107448,37.570135115517274],[126.9621691407762,37.57015118697187],[126.96218048846586,37.5701407935844],[126.96226683378136,37.57005562671686],[126.96231363031373,37.57000981899873],[126.96224779552921,37.56995016037402],[126.96218376206149,37.56999150225023],[126.96208462168046,37.570063600403635],[126.96212026579339,37.57010600389316]]]}},{"type":"Feature","id":188,"properties":{"model_ref_id":188,"source_type":"MODEL_REFERENCE","model_use":"역세권활성화 간선가로형","reference_name":"노선형 상업지역 판정용 참조도형"},"geometry":{"type":"Polygon","coordinates":[[[126.96189996765787,37.57018943922448],[126.96189794357018,37.57019079255594],[126.96184579692175,37.570225675792265],[126.96179954695153,37.5702575948931],[126.96177794419852,37.57027251209459],[126.96177381841852,37.57027637307978],[126.96177326800675,37.570276889225454],[126.96176817237699,37.57028033819963],[126.96173451860881,37.57030303113929],[126.96159252651398,37.570426415703466],[126.961751082768,37.57054005785475],[126.96181038193622,37.57048450610303],[126.96184551325126,37.57045117325925],[126.96186152717479,37.570435970115234],[126.96191197844193,37.57038891840759],[126.96197114394404,37.570333728992544],[126.96202187713473,37.57029311240884],[126.96204292540655,37.57027272152109],[126.96206396234713,37.570252330625884],[126.9620786918199,37.57023802171654],[126.96210545865931,37.570211999113624],[126.96213381174674,37.57018454705478],[126.96216215349892,37.57015708597525],[126.96216215413531,37.570157085438],[126.96209063874238,37.57009311861124],[126.96207199492613,37.57007394828921],[126.9620119836128,37.57011376200223],[126.9619971365004,37.57012362037643],[126.96190609600455,37.57018528756574],[126.96189996765787,37.57018943922448]]]}},{"type":"Feature","id":189,"properties":{"model_ref_id":189,"source_type":"MODEL_REFERENCE","model_use":"역세권활성화 간선가로형","reference_name":"노선형 상업지역 판정용 참조도형"},"geometry":{"type":"Polygon","coordinates":[[[126.96159783294218,37.570471574705],[126.96156713507207,37.57045042692616],[126.96150407894665,37.57050373379321],[126.96142814864143,37.57056403670758],[126.96142294473124,37.570568404314194],[126.96141036994331,37.57057897770582],[126.96139981409483,37.57058999297415],[126.96136205658748,37.570624816800766],[126.96136205658696,37.57062481680123],[126.96132674234748,37.57065739655592],[126.9612042591264,37.570754693258316],[126.96120433498123,37.570755130652],[126.96120466298983,37.5707569567477],[126.96118821507784,37.57076928243417],[126.96116912872789,37.570783595151994],[126.96115037570293,37.57079785101989],[126.96108906497231,37.57084215478438],[126.96107971355681,37.57084891151728],[126.9610020081963,37.570906293492534],[126.96110072392558,37.57096551484939],[126.96122981824355,37.57104292387995],[126.9612298248114,37.57104291880535],[126.96126002768125,37.57101374471047],[126.96129671389221,37.570978297131866],[126.96128788939617,37.57096985182605],[126.96121785409574,37.57093215705253],[126.96125777973815,37.570868147523015],[126.96126679823979,37.570873745801904],[126.9612307361741,37.570931269643985],[126.9612647635061,37.5709498599024],[126.96130602314324,37.570970011403375],[126.96135395328712,37.57092330349344],[126.96139746570385,37.57088210800548],[126.96161737312835,37.57067083337874],[126.96165696635785,37.57063391607526],[126.9616734120219,37.57061614549454],[126.96172751380716,37.570563997670256],[126.96159783294218,37.570471574705]]]}},{"type":"Feature","id":190,"properties":{"model_ref_id":190,"source_type":"MODEL_REFERENCE","model_use":"역세권활성화 간선가로형","reference_name":"노선형 상업지역 판정용 참조도형"},"geometry":{"type":"Polygon","coordinates":[[[126.96085251983662,37.57102833287776],[126.960851932166,37.571027873532515],[126.96076473226509,37.57109891130823],[126.96071673882626,37.57113660014183],[126.96068010291167,37.57116507600205],[126.96059813055858,37.571230218185626],[126.96062847636904,37.571251704966464],[126.96063412783487,37.57125570469971],[126.96065276516094,37.57126888615212],[126.96066303922115,37.571276097682215],[126.96066842044084,37.571279872343624],[126.96073685752161,37.57132786745012],[126.96080992953317,37.57138040273778],[126.96085835181815,37.57138535741794],[126.96086050287977,37.571384745519765],[126.96086265394644,37.57138412461176],[126.96088447829668,37.57136361708442],[126.96094133278105,37.57130976775736],[126.96097773257065,37.57127640841944],[126.96106471380827,37.57119240493949],[126.96109690430862,37.57116418146061],[126.96115827039523,37.57111035885396],[126.9611974865675,37.57107221890183],[126.96121905531119,37.57105123103998],[126.96116025965526,37.57101457634055],[126.96115980703149,37.57101429687609],[126.9610980581815,37.57097561389221],[126.961098080871,37.57097552380222],[126.96099230294664,37.57091444368005],[126.96099230165731,37.57091444476278],[126.96094416022213,37.57095502394701],[126.96092429471219,37.570971776934805],[126.96085251983662,37.57102833287776]]]}},{"type":"Feature","id":191,"properties":{"model_ref_id":191,"source_type":"MODEL_REFERENCE","model_use":"역세권활성화 간선가로형","reference_name":"노선형 상업지역 판정용 참조도형"},"geometry":{"type":"Polygon","coordinates":[[[126.96491695658486,37.537500553974624],[126.96486632546761,37.53755318942626],[126.96499309459404,37.537619077941066],[126.96493934655423,37.53769440913359],[126.96518778706977,37.537848105670506],[126.96532382490751,37.53781287606698],[126.96550490775677,37.537760614434944],[126.96546710097516,37.537743726042535],[126.96544755388459,37.53773511541175],[126.96532147035616,37.537679222242794],[126.9652655107622,37.537654419133226],[126.9651570971267,37.5376066502011],[126.96503826542117,37.537554156653655],[126.96500282510547,37.537538711364554],[126.96491695658486,37.537500553974624]]]}},{"type":"Feature","id":192,"properties":{"model_ref_id":192,"source_type":"MODEL_REFERENCE","model_use":"역세권활성화 간선가로형","reference_name":"노선형 상업지역 판정용 참조도형"},"geometry":{"type":"Polygon","coordinates":[[[126.96546901220105,37.537953117501594],[126.9655176679333,37.53794186882357],[126.96560152876111,37.53792069401146],[126.96551766793777,37.53794185981372],[126.96546901220105,37.537953117501594]]]}},{"type":"Feature","id":193,"properties":{"model_ref_id":193,"source_type":"MODEL_REFERENCE","model_use":"역세권활성화 간선가로형","reference_name":"노선형 상업지역 판정용 참조도형"},"geometry":{"type":"Polygon","coordinates":[[[126.96538833246483,37.537972171770996],[126.96538833524207,37.53797217348909],[126.96541955536219,37.53796476596026],[126.96538833246483,37.537972171770996]]]}},{"type":"Feature","id":194,"properties":{"model_ref_id":194,"source_type":"MODEL_REFERENCE","model_use":"역세권활성화 간선가로형","reference_name":"노선형 상업지역 판정용 참조도형"},"geometry":{"type":"Polygon","coordinates":[[[126.96558233808754,37.53803947508388],[126.96565926376385,37.53802029044309],[126.96566571963663,37.53801840427787],[126.96566869216771,37.53801753013346],[126.96567710975323,37.53799159970255],[126.96565315490683,37.53799565556741],[126.96557378707689,37.538011325586425],[126.96549492918896,37.53802535592065],[126.96547871208561,37.53802808429258],[126.96552269867489,37.53805529613628],[126.96558233808754,37.53803947508388]]]}},{"type":"Feature","id":195,"properties":{"model_ref_id":195,"source_type":"MODEL_REFERENCE","model_use":"역세권활성화 간선가로형","reference_name":"노선형 상업지역 판정용 참조도형"},"geometry":{"type":"Polygon","coordinates":[[[126.96702669067128,37.53833674301331],[126.96702685835695,37.538336891156455],[126.96700968846703,37.53832171219459],[126.9669907216117,37.53830578599541],[126.96698752087502,37.5383031187538],[126.9669907204807,37.538305785094074],[126.96700968733603,37.538321711293264],[126.96702669067128,37.53833674301331]]]}},{"type":"Feature","id":196,"properties":{"model_ref_id":196,"source_type":"MODEL_REFERENCE","model_use":"역세권활성화 간선가로형","reference_name":"노선형 상업지역 판정용 참조도형"},"geometry":{"type":"Polygon","coordinates":[[[126.96604989638996,37.538182798023385],[126.96583053993452,37.53824159113467],[126.96597028124198,37.53832530985892],[126.96627481718748,37.53826774197202],[126.9665945447395,37.538532862887116],[126.96667284851287,37.53856051336965],[126.9667480620207,37.53852919120569],[126.96676685934908,37.53852136741663],[126.96670771904336,37.53847251583295],[126.96668520045472,37.53845448919663],[126.96644040854328,37.53825016772355],[126.96641606849963,37.53822985346486],[126.96606556866344,37.5381794873038],[126.9660499411566,37.53818278618142],[126.96604989638996,37.538182798023385]]]}},{"type":"Feature","id":197,"properties":{"model_ref_id":197,"source_type":"MODEL_REFERENCE","model_use":"역세권활성화 간선가로형","reference_name":"노선형 상업지역 판정용 참조도형"},"geometry":{"type":"Polygon","coordinates":[[[126.96713883576227,37.53843114501581],[126.96711703113398,37.538413122828075],[126.96708211316533,37.53838435200322],[126.96708215171667,37.5383843837984],[126.96711703000295,37.538413121926766],[126.96713880941475,37.53843112327229],[126.96713883576227,37.53843114501581]]]}},{"type":"Feature","id":198,"properties":{"model_ref_id":198,"source_type":"MODEL_REFERENCE","model_use":"역세권활성화 간선가로형","reference_name":"노선형 상업지역 판정용 참조도형"},"geometry":{"type":"Polygon","coordinates":[[[126.96724301352383,37.538519143986015],[126.96724273565543,37.538518908460375],[126.96724301239281,37.53851914308466],[126.9672437871209,37.538519812655274],[126.96724301352383,37.538519143986015]]]}},{"type":"Feature","id":199,"properties":{"model_ref_id":199,"source_type":"MODEL_REFERENCE","model_use":"역세권활성화 간선가로형","reference_name":"노선형 상업지역 판정용 참조도형"},"geometry":{"type":"Polygon","coordinates":[[[126.96691873515788,37.5386385793063],[126.96690043506906,37.53862419277142],[126.96686346507803,37.53859364275089],[126.96684530967963,37.538578649102064],[126.96681890064785,37.53855681013127],[126.96674467055595,37.53858831721857],[126.96689958598083,37.53864866327409],[126.96696279210965,37.53867643626843],[126.96692190938288,37.538641298481146],[126.96691884980488,37.538638669547794],[126.96691873515788,37.5386385793063]]]}},{"type":"Feature","id":200,"properties":{"model_ref_id":200,"source_type":"MODEL_REFERENCE","model_use":"역세권활성화 간선가로형","reference_name":"노선형 상업지역 판정용 참조도형"},"geometry":{"type":"Polygon","coordinates":[[[126.96746121745183,37.53870456928535],[126.96746121107641,37.53870456393484],[126.96746121104617,37.53870456395734],[126.96746121673345,37.53870456873035],[126.96746121745183,37.53870456928535]]]}},{"type":"Feature","id":201,"properties":{"model_ref_id":201,"source_type":"MODEL_REFERENCE","model_use":"역세권활성화 간선가로형","reference_name":"노선형 상업지역 판정용 참조도형"},"geometry":{"type":"Polygon","coordinates":[[[126.96720355621787,37.53918587828445],[126.96722284614216,37.53920136926688],[126.96725188084064,37.539224664134146],[126.9673632003624,37.539312624947584],[126.96742559334811,37.539262303941406],[126.96748538070219,37.53921366874811],[126.96754218535396,37.53916772208663],[126.96754217962861,37.539167717562236],[126.96745424316676,37.53909352199373],[126.96739152876796,37.53903995752711],[126.96731907159825,37.538978099655246],[126.9673164748222,37.53897662261469],[126.96720482801236,37.538916231790004],[126.96708177581354,37.53885669332376],[126.9669688584362,37.538803978283134],[126.96686343383786,37.53875678473516],[126.9669939917488,37.5388719220515],[126.96699868534448,37.53887604098668],[126.96702695061269,37.53897691401303],[126.96705144428103,37.53905916308727],[126.96705390983199,37.53904096336387],[126.96706199128417,37.53903518150003],[126.96707877590127,37.53904841307544],[126.96705403559518,37.539067864639016],[126.96705403946572,37.53906787763621],[126.9670946038354,37.539101040890586],[126.96709461381683,37.539101035437405],[126.96720355621787,37.53918587828445]]]}},{"type":"Feature","id":202,"properties":{"model_ref_id":202,"source_type":"MODEL_REFERENCE","model_use":"역세권활성화 간선가로형","reference_name":"노선형 상업지역 판정용 참조도형"},"geometry":{"type":"Polygon","coordinates":[[[126.96812674084788,37.53926677492343],[126.96813544612147,37.53927424073751],[126.9681355530697,37.53927433244997],[126.96812674197892,37.539266775824764],[126.96798838435303,37.53914891300417],[126.96798657274589,37.539147378991075],[126.96798838322198,37.539148912102874],[126.96812674084788,37.53926677492343]]]}},{"type":"Feature","id":203,"properties":{"model_ref_id":203,"source_type":"MODEL_REFERENCE","model_use":"역세권활성화 간선가로형","reference_name":"노선형 상업지역 판정용 참조도형"},"geometry":{"type":"Polygon","coordinates":[[[126.96828519839381,37.53940168202745],[126.96828443642322,37.53940105682602],[126.96828443925219,37.53940105914831],[126.96828519726273,37.53940168112613],[126.96829258227089,37.53940798110295],[126.9682933220082,37.5394086120918],[126.96828519839381,37.53940168202745]]]}},{"type":"Feature","id":204,"properties":{"model_ref_id":204,"source_type":"MODEL_REFERENCE","model_use":"역세권활성화 간선가로형","reference_name":"노선형 상업지역 판정용 참조도형"},"geometry":{"type":"Polygon","coordinates":[[[126.9681488050579,37.53967853169615],[126.96811428617427,37.539648969179844],[126.9680276950315,37.53957478345182],[126.96799197774905,37.539543364514486],[126.9679168545097,37.53948086788453],[126.96791378541073,37.539478293344736],[126.96779680726651,37.539380183065916],[126.96767711149337,37.539278669322414],[126.96758951390127,37.53920512266685],[126.96758950837494,37.539205118299726],[126.96745100072798,37.539321389202925],[126.96744865989075,37.53936625756327],[126.96744875141823,37.53936633525382],[126.96745431733305,37.53937084708471],[126.96750111192543,37.53941074688904],[126.96762026597166,37.53951167500576],[126.96773497200584,37.53961126821309],[126.967779738111,37.53964887068785],[126.96787355707126,37.539727662783136],[126.96800111552774,37.53983362050956],[126.968041516717,37.53986623914081],[126.9680415280622,37.53986624908553],[126.96809519609027,37.53987168707327],[126.96824117675511,37.53975602565297],[126.96819380637119,37.53971628033197],[126.9681488050579,37.53967853169615]]]}},{"type":"Feature","id":205,"properties":{"model_ref_id":205,"source_type":"MODEL_REFERENCE","model_use":"역세권활성화 간선가로형","reference_name":"노선형 상업지역 판정용 참조도형"},"geometry":{"type":"Polygon","coordinates":[[[126.96874948815146,37.53979421480646],[126.96866720493135,37.53972484206044],[126.96857723075226,37.53964910605702],[126.96856464175704,37.53963968708792],[126.96854315640118,37.5396219218],[126.96854319597018,37.53962195455174],[126.96856464062596,37.539639686186604],[126.9685758379056,37.53964910474964],[126.96866720380027,37.53972484115912],[126.96874948702043,37.539794213905154],[126.96875382129726,37.5397979236773],[126.96875387376836,37.539797968580075],[126.96874948815146,37.53979421480646]]]}},{"type":"Feature","id":206,"properties":{"model_ref_id":206,"source_type":"MODEL_REFERENCE","model_use":"역세권활성화 간선가로형","reference_name":"노선형 상업지역 판정용 참조도형"},"geometry":{"type":"Polygon","coordinates":[[[126.96887084757826,37.539897411877284],[126.96899408089536,37.54000099779545],[126.96899472163449,37.54000153632939],[126.96887084870929,37.539897412778636],[126.96886769309369,37.53989475138474],[126.96887084757826,37.539897411877284]]]}},{"type":"Feature","id":207,"properties":{"model_ref_id":207,"source_type":"MODEL_REFERENCE","model_use":"역세권활성화 간선가로형","reference_name":"노선형 상업지역 판정용 참조도형"},"geometry":{"type":"Polygon","coordinates":[[[126.96866067374742,37.54011010946756],[126.9686091041963,37.54006559484998],[126.96853857172817,37.54000745171722],[126.96848863594269,37.53996598279385],[126.96846541217938,37.53994580594383],[126.96845378898763,37.53993571751375],[126.96841163552018,37.53989935041187],[126.96834445214331,37.539842064079295],[126.96829139525437,37.539797233479845],[126.96819973516692,37.53986808698381],[126.96819019368066,37.53987477848898],[126.96814627678246,37.539908020886344],[126.968140960318,37.539953383918785],[126.9681975293285,37.54000111737367],[126.96820953057096,37.54001123929661],[126.96823641442789,37.5400340998078],[126.96826263719737,37.54005639339954],[126.96830658675611,37.540093435019436],[126.96835150986988,37.54013129229869],[126.96858469701493,37.54032870422131],[126.96862758846265,37.54036512591872],[126.96871406640179,37.54029963826643],[126.9688038695084,37.54023182015015],[126.96878752082738,37.54021835347987],[126.9687558673737,37.540192298029616],[126.96866067374742,37.54011010946756]]]}},{"type":"Feature","id":208,"properties":{"model_ref_id":208,"source_type":"MODEL_REFERENCE","model_use":"역세권활성화 간선가로형","reference_name":"노선형 상업지역 판정용 참조도형"},"geometry":{"type":"Polygon","coordinates":[[[126.96970882094634,37.540585526420806],[126.96972793606209,37.5406008808926],[126.96970882208542,37.540585509302396],[126.96967307983769,37.54055666768888],[126.9696718582546,37.54055568425176],[126.9696730787066,37.54055666678759],[126.96969094982104,37.54057110111047],[126.96970882094634,37.540585526420806]]]}},{"type":"Feature","id":209,"properties":{"model_ref_id":209,"source_type":"MODEL_REFERENCE","model_use":"역세권활성화 간선가로형","reference_name":"노선형 상업지역 판정용 참조도형"},"geometry":{"type":"Polygon","coordinates":[[[126.96936405368298,37.54069093398098],[126.96932567683814,37.54065832539419],[126.96929298822273,37.540632827192155],[126.96925747908347,37.54060342435968],[126.9692403822245,37.540589276552446],[126.96917905617228,37.54053760551405],[126.96909317322049,37.54046907896731],[126.96902711866615,37.54041538828335],[126.96892533917777,37.540333058447786],[126.9689245869873,37.54033245013107],[126.96883318738404,37.54040283561766],[126.96879065132924,37.54043517533111],[126.96878867049651,37.54043668173717],[126.9687875273006,37.54043751507734],[126.96877491832527,37.54044671472249],[126.96877434832678,37.54046836746861],[126.96877377824903,37.54049046179957],[126.96882459761449,37.54053082275183],[126.9688754847805,37.54057123296123],[126.96896057614342,37.540638579146226],[126.96906335660114,37.54072267066091],[126.96907419223592,37.54073152735212],[126.9691539058913,37.54079665042563],[126.96915392989155,37.54079666849941],[126.96920714269531,37.540806602650214],[126.96927391778121,37.54081919049896],[126.96950131066544,37.54085216826692],[126.96953369289496,37.540829427585095],[126.96940367557103,37.540722723013324],[126.96936405368298,37.54069093398098]]]}},{"type":"Feature","id":210,"properties":{"model_ref_id":210,"source_type":"MODEL_REFERENCE","model_use":"역세권활성화 간선가로형","reference_name":"노선형 상업지역 판정용 참조도형"},"geometry":{"type":"Polygon","coordinates":[[[126.96936882830197,37.54090799525094],[126.96942306167333,37.54091629075066],[126.96946932634069,37.540921153910986],[126.96948605153274,37.54092243535906],[126.96949831012539,37.540939050568255],[126.9694860492714,37.540922431754474],[126.96946932634349,37.5409211476041],[126.96942306167495,37.540916287146736],[126.9693688215146,37.540907991645064],[126.96932326432767,37.54090102452136],[126.96936882830197,37.54090799525094]]]}},{"type":"Feature","id":211,"properties":{"model_ref_id":211,"source_type":"MODEL_REFERENCE","model_use":"역세권활성화 간선가로형","reference_name":"노선형 상업지역 판정용 참조도형"},"geometry":{"type":"Polygon","coordinates":[[[126.9695699809113,37.540928465137135],[126.96952651669991,37.540936210294156],[126.96949973210218,37.54094097790492],[126.96949983383423,37.540941115791775],[126.96958211717835,37.54110610948142],[126.96960370761428,37.541148484414016],[126.96971035185508,37.541228795018405],[126.9697134029199,37.541227580450546],[126.96979158967166,37.54119577733682],[126.9697369689849,37.54112763903168],[126.96968534515142,37.54106234810274],[126.96967287241723,37.54104509972716],[126.96958940787123,37.540930299639896],[126.96958177056656,37.540929648767616],[126.9695699809113,37.540928465137135]]]}},{"type":"Feature","id":212,"properties":{"model_ref_id":212,"source_type":"MODEL_REFERENCE","model_use":"역세권활성화 간선가로형","reference_name":"노선형 상업지역 판정용 참조도형"},"geometry":{"type":"Polygon","coordinates":[[[126.96982160085861,37.541231547331876],[126.96982213139013,37.54123217933634],[126.96982159294248,37.5412315374188],[126.96982112549638,37.54123098028322],[126.96982160085861,37.541231547331876]]]}},{"type":"Feature","id":213,"properties":{"model_ref_id":213,"source_type":"MODEL_REFERENCE","model_use":"역세권활성화 간선가로형","reference_name":"노선형 상업지역 판정용 참조도형"},"geometry":{"type":"Polygon","coordinates":[[[126.96991575141814,37.541140438240795],[126.96990628970701,37.54113303263592],[126.96990620487391,37.541132966397754],[126.96990619886792,37.5411329615369],[126.96990619356288,37.54113295738471],[126.96988023496607,37.54111195714995],[126.96984890364539,37.54108672077034],[126.9698203999785,37.54106398991587],[126.96974388115,37.541003287031295],[126.96964796623372,37.540926515473345],[126.96962596672321,37.540929787416204],[126.96967288216813,37.540997816037006],[126.96970016758729,37.54103734094386],[126.96976044354543,37.541111256730986],[126.96978509695249,37.541141113307006],[126.96980847197317,37.541170546055135],[126.96986715465755,37.54124010958053],[126.96987028716127,37.54124406578421],[126.96990420394309,37.541282295086],[126.96993572291647,37.54131839738126],[126.97001701666207,37.541405896765745],[126.97005412118519,37.54145149697139],[126.9700683702658,37.54146935847117],[126.97007358407434,37.54147486494438],[126.97008169246762,37.541485066356564],[126.97011398665789,37.541534115972716],[126.97015271344003,37.541594698958576],[126.97015271439587,37.5415946998843],[126.97026108167469,37.54156133959964],[126.97028363562377,37.54155436322325],[126.970302509698,37.54154852172517],[126.970226418253,37.54144458034801],[126.97015845179841,37.54136053559132],[126.97010048331134,37.54128834504882],[126.97005681661766,37.54125329004221],[126.97004546599382,37.541244186926306],[126.97000165125714,37.54120886830608],[126.96995726272112,37.54117372324997],[126.96995324730416,37.54117054164829],[126.96991575141814,37.541140438240795]]]}},{"type":"Feature","id":214,"properties":{"model_ref_id":214,"source_type":"MODEL_REFERENCE","model_use":"역세권활성화 간선가로형","reference_name":"노선형 상업지역 판정용 참조도형"},"geometry":{"type":"Polygon","coordinates":[[[126.96994453304391,37.541369027095584],[126.96994823804103,37.541373110496416],[126.96997923685332,37.54140687698573],[126.96994824709384,37.54137310869697],[126.96994452625928,37.54136901718284],[126.9699427651992,37.54136713363045],[126.96994453304391,37.541369027095584]]]}},{"type":"Feature","id":215,"properties":{"model_ref_id":215,"source_type":"MODEL_REFERENCE","model_use":"역세권활성화 간선가로형","reference_name":"노선형 상업지역 판정용 참조도형"},"geometry":{"type":"Polygon","coordinates":[[[126.97006512587265,37.541508978294246],[126.97006851263829,37.541513151921386],[126.97006850939894,37.54151314637761],[126.97006512587265,37.541508978294246]]]}},{"type":"Feature","id":216,"properties":{"model_ref_id":216,"source_type":"MODEL_REFERENCE","model_use":"역세권활성화 간선가로형","reference_name":"노선형 상업지역 판정용 참조도형"},"geometry":{"type":"Polygon","coordinates":[[[126.97036978306579,37.54164444953414],[126.97035216178948,37.54161897472546],[126.97033547336834,37.54162408679037],[126.97029775483072,37.54163652795231],[126.97023326634552,37.54165562525184],[126.97029620492438,37.54170322833604],[126.97035547958545,37.54195063718101],[126.97038577240683,37.54212449148667],[126.97045634136038,37.54210665255433],[126.97046132337235,37.542153568208775],[126.97060596410762,37.542139359922906],[126.97060601013929,37.54207164729222],[126.97058650515226,37.5420253645963],[126.97054752303842,37.541950626195465],[126.97050860982046,37.54187375246567],[126.97045557017306,37.541783008668524],[126.9704111895269,37.541711710492564],[126.97036978306579,37.54164444953414]]]}},{"type":"Feature","id":217,"properties":{"model_ref_id":217,"source_type":"MODEL_REFERENCE","model_use":"역세권활성화 간선가로형","reference_name":"노선형 상업지역 판정용 참조도형"},"geometry":{"type":"Polygon","coordinates":[[[126.96480413915614,37.553164844101154],[126.96479088871666,37.553189470287315],[126.96477762783195,37.55318474484033],[126.96474331696604,37.55315995608292],[126.96474329399115,37.55315997469602],[126.96467389921463,37.55321513300973],[126.96472221830659,37.55325582345226],[126.96479182247651,37.55331104924878],[126.9648565298644,37.55335979535235],[126.96490182535508,37.55339338962753],[126.964969777656,37.55344094141203],[126.96500376515566,37.553464717293124],[126.96513548076409,37.55355651575531],[126.96514545818671,37.55356451968663],[126.96517316384758,37.553582989715856],[126.96519333493784,37.55359661003541],[126.96525799961296,37.55364130147939],[126.96528829619076,37.55366116883391],[126.96529521963522,37.55366495298492],[126.96529522518802,37.55366494700762],[126.96528829619533,37.55366115982408],[126.96525799961746,37.55364129246958],[126.96519333494237,37.55359660102558],[126.96517316385211,37.55358298070602],[126.96514546950358,37.55356451969026],[126.96523324076483,37.5535691698635],[126.9652981863969,37.553572866647066],[126.96531000081804,37.553573636257624],[126.96531724568212,37.55356953008925],[126.9653410086322,37.553554963255536],[126.96533338444372,37.55354974965526],[126.9653103755776,37.553532880409016],[126.96530531481028,37.553529379770424],[126.96530391148916,37.553530432174774],[126.96530123006589,37.55352909786304],[126.9652876097665,37.55351878626378],[126.96526514533421,37.553501593684295],[126.9652479326657,37.55348968730267],[126.9652434325208,37.55348890454529],[126.96524507352255,37.553487709569815],[126.96498925373287,37.55331075263056],[126.96489098237389,37.55323634477347],[126.96480413915614,37.553164844101154]]]}},{"type":"Feature","id":218,"properties":{"model_ref_id":218,"source_type":"MODEL_REFERENCE","model_use":"역세권활성화 간선가로형","reference_name":"노선형 상업지역 판정용 참조도형"},"geometry":{"type":"Polygon","coordinates":[[[126.96538652711874,37.5537278549178],[126.96545958657613,37.55377769353963],[126.96558643942589,37.553864687707325],[126.96558645110505,37.553864696392615],[126.96561026085293,37.55384339602121],[126.96563808672164,37.553802914660345],[126.96565926776508,37.553811318528055],[126.965651239456,37.55382057809204],[126.9656191806766,37.553861832960166],[126.96560171144459,37.553876044837985],[126.96560171157567,37.55387604493548],[126.96565774821798,37.55390813768082],[126.96567642548438,37.553919280857784],[126.96570138458783,37.553934162864024],[126.96578573084064,37.55397715737964],[126.96578850281952,37.553978500718664],[126.96580266885945,37.55396128740116],[126.96581452481615,37.55394693847974],[126.96583438673844,37.55392271730587],[126.96586047490662,37.55389027219078],[126.96586047477298,37.553890272113975],[126.96565264367995,37.553768871121335],[126.9654743509777,37.553646145704995],[126.96547433175972,37.553646132563344],[126.96544665169161,37.55366436377792],[126.96545127206754,37.55370328771557],[126.96545804804428,37.553754024226166],[126.96546108111654,37.553776279471876],[126.96545959789759,37.55377768453341],[126.96538652712327,37.55372784590797],[126.96534588624533,37.55369818580262],[126.96534588046909,37.55369819060022],[126.96538652711874,37.5537278549178]]]}},{"type":"Feature","id":219,"properties":{"model_ref_id":219,"source_type":"MODEL_REFERENCE","model_use":"역세권활성화 간선가로형","reference_name":"노선형 상업지역 판정용 참조도형"},"geometry":{"type":"Polygon","coordinates":[[[126.96624880397096,37.55419303390897],[126.96634767023882,37.554223051307446],[126.96635017753883,37.55422380698423],[126.96644042048707,37.554243953934495],[126.96645353289736,37.55422889356244],[126.966477502925,37.554204304151106],[126.96652220205611,37.55416379176754],[126.96653103479551,37.55415248716219],[126.96653217110101,37.55415094670808],[126.96649958731608,37.55414306216454],[126.9664110413412,37.55412429428941],[126.96630742787087,37.554092006917884],[126.9662285058794,37.554064141970656],[126.96618623711048,37.55406412878806],[126.96593431344728,37.553931913849944],[126.96585975347656,37.55402351308319],[126.96593473171166,37.55406405003687],[126.96597809590376,37.55409160670271],[126.96599725540011,37.55409179291034],[126.96599724725596,37.55409180329259],[126.96613250927865,37.554150381129055],[126.96624880397096,37.55419303390897]]]}},{"type":"Feature","id":220,"properties":{"model_ref_id":220,"source_type":"MODEL_REFERENCE","model_use":"역세권활성화 간선가로형","reference_name":"노선형 상업지역 판정용 참조도형"},"geometry":{"type":"Polygon","coordinates":[[[126.96655703985387,37.55427126277135],[126.96667063730713,37.554299324596236],[126.96667063731016,37.55429931837818],[126.96667166859945,37.554296345452066],[126.96667233801685,37.554292813805105],[126.96670763053083,37.55423344088178],[126.96672712233189,37.55420031784402],[126.9667271208354,37.554200317732956],[126.96662671832047,37.554173824949586],[126.96655787770743,37.55415716712146],[126.96654701735278,37.55416951167003],[126.96651335012751,37.55419122396119],[126.96649999136639,37.5542009504447],[126.96647824294858,37.55421842278309],[126.96646034211284,37.55423625670237],[126.9664562633422,37.554245796848406],[126.96649513265773,37.55425496596099],[126.96651146116271,37.554258815117954],[126.96655703985387,37.55427126277135]]]}},{"type":"Feature","id":221,"properties":{"model_ref_id":221,"source_type":"MODEL_REFERENCE","model_use":"역세권활성화 간선가로형","reference_name":"노선형 상업지역 판정용 참조도형"},"geometry":{"type":"Polygon","coordinates":[[[126.96681923690487,37.554213516427886],[126.96678432365013,37.55427262184142],[126.96682820854507,37.554289050542955],[126.96688956803139,37.55429143892614],[126.96696474362658,37.55427433422763],[126.96697002856102,37.55427452504828],[126.96697673605163,37.55425824633484],[126.967025945786,37.55427439795591],[126.96707604068968,37.554285504321484],[126.96708106884832,37.554286211565945],[126.9669157465566,37.55423495530571],[126.96681923690487,37.554213516427886]]]}},{"type":"Feature","id":222,"properties":{"model_ref_id":222,"source_type":"MODEL_REFERENCE","model_use":"역세권활성화 간선가로형","reference_name":"노선형 상업지역 판정용 참조도형"},"geometry":{"type":"Polygon","coordinates":[[[126.96680460349636,37.554307963944595],[126.9667733353239,37.55429122419794],[126.96676010239405,37.55431362647498],[126.96675824666305,37.554313103334785],[126.96674272572473,37.55430879055382],[126.96679755654607,37.55432405333754],[126.9668901966865,37.554348858761195],[126.96688885231583,37.5543205584757],[126.96680460349636,37.554307963944595]]]}},{"type":"Feature","id":223,"properties":{"model_ref_id":223,"source_type":"MODEL_REFERENCE","model_use":"역세권활성화 간선가로형","reference_name":"노선형 상업지역 판정용 참조도형"},"geometry":{"type":"Polygon","coordinates":[[[126.96685688475063,37.55449860316498],[126.96685688632135,37.554498603634784],[126.96686328547618,37.55446897059344],[126.96686328343503,37.55446896956359],[126.96685688475063,37.55449860316498]]]}},{"type":"Feature","id":224,"properties":{"model_ref_id":224,"source_type":"MODEL_REFERENCE","model_use":"역세권활성화 간선가로형","reference_name":"노선형 상업지역 판정용 참조도형"},"geometry":{"type":"Polygon","coordinates":[[[126.96713907322201,37.55443337479857],[126.96720308987925,37.55446452320129],[126.96721657624224,37.55447184327418],[126.96724916154508,37.55448935868726],[126.96727114413439,37.55450116878786],[126.96727522301299,37.554503057752555],[126.96728520806958,37.55450766913332],[126.96732612415471,37.55452860645815],[126.96737559761887,37.554553907877434],[126.96742813143649,37.554580830898246],[126.96744869904475,37.554591365769824],[126.96747148592198,37.55460315749109],[126.96761396589753,37.55467772962093],[126.96761902328086,37.554680542204444],[126.96763676911021,37.55469003973628],[126.96766320512953,37.55470417921854],[126.96773718921428,37.55474240303128],[126.96774168494369,37.55473633175048],[126.96776340728542,37.554749871003764],[126.96778094319977,37.55473753277508],[126.96779727920092,37.554725833883516],[126.9678084847368,37.554722296364154],[126.96781646873552,37.55471064002722],[126.96781660246953,37.554690989630416],[126.9678439069049,37.55467451879385],[126.9678497037524,37.554668937090426],[126.96757926830608,37.554528696636666],[126.96724508200153,37.5543524806897],[126.96719356587893,37.554331296265964],[126.96707004823107,37.55432108231284],[126.9670712852018,37.55431396492436],[126.96698002039835,37.55430019710363],[126.9669552476481,37.554299964291346],[126.96692986998274,37.5543103358581],[126.96692313851864,37.554356927867566],[126.96699459986067,37.55437973431872],[126.96705716567276,37.55439968914932],[126.96709811377751,37.554416536484254],[126.96713907322201,37.55443337479857]]]}},{"type":"Feature","id":225,"properties":{"model_ref_id":225,"source_type":"MODEL_REFERENCE","model_use":"역세권활성화 간선가로형","reference_name":"노선형 상업지역 판정용 참조도형"},"geometry":{"type":"Polygon","coordinates":[[[126.96799451169056,37.55482446010184],[126.96797990448918,37.554769477791766],[126.9679563171508,37.55472675518896],[126.96794417962761,37.554717317743126],[126.96788888293031,37.55468925424937],[126.96787724313047,37.55468321819713],[126.96782498055907,37.55473169853546],[126.96780861012641,37.554744424541006],[126.96780622161127,37.554745739263446],[126.96778966333517,37.55474879766411],[126.9677751377791,37.55476108273402],[126.96783971913081,37.554795852909756],[126.96790661992151,37.55483193917501],[126.96791955961137,37.554838876347326],[126.96793585585436,37.55484759794101],[126.96793586120219,37.554847600370785],[126.96799451169056,37.55482446010184]]]}},{"type":"Feature","id":226,"properties":{"model_ref_id":226,"source_type":"MODEL_REFERENCE","model_use":"역세권활성화 간선가로형","reference_name":"노선형 상업지역 판정용 참조도형"},"geometry":{"type":"Polygon","coordinates":[[[126.96799659135102,37.5547439170473],[126.96803228447199,37.55480785718062],[126.96807556196103,37.554805554475216],[126.96809701257433,37.55479488137936],[126.96799659135102,37.5547439170473]]]}},{"type":"Feature","id":227,"properties":{"model_ref_id":227,"source_type":"MODEL_REFERENCE","model_use":"역세권활성화 간선가로형","reference_name":"노선형 상업지역 판정용 참조도형"},"geometry":{"type":"Polygon","coordinates":[[[126.96798078872274,37.55486291898713],[126.9679844159127,37.5548696609202],[126.96798445228578,37.55486967744607],[126.96805314669685,37.55490506637358],[126.9680831133441,37.554920495093754],[126.96813378873847,37.55494860977124],[126.96811930121861,37.55490506295357],[126.96810370990303,37.55487309147073],[126.96806904750734,37.55484507866462],[126.96801930567885,37.5548522447583],[126.96798078872274,37.55486291898713]]]}},{"type":"Feature","id":228,"properties":{"model_ref_id":228,"source_type":"MODEL_REFERENCE","model_use":"역세권활성화 간선가로형","reference_name":"노선형 상업지역 판정용 참조도형"},"geometry":{"type":"Polygon","coordinates":[[[126.96829324476577,37.55502652169645],[126.96830052037626,37.555029271834485],[126.96842735593954,37.555091954411516],[126.96845601416544,37.55510599347999],[126.96847376817516,37.55511468178182],[126.96849879583466,37.555102651973925],[126.96851557314322,37.55509550802934],[126.96853930768891,37.55508538296512],[126.96855177687286,37.55507982370819],[126.96856680257045,37.55507310158832],[126.9686159065958,37.55505033005576],[126.96862480405625,37.55504548536126],[126.96868844141956,37.555017843715525],[126.9687093091419,37.55500873104762],[126.96871872068775,37.55500461708108],[126.96873030051614,37.55499926757298],[126.96877400502133,37.554979063241426],[126.96880165206983,37.554955582637085],[126.96880742587925,37.55495098929829],[126.96881030146668,37.55494869262553],[126.96881466093751,37.55494345016881],[126.96884204088238,37.554910049656264],[126.96885695051472,37.554874203864834],[126.96885696752875,37.554874107617366],[126.96873002003457,37.5548729480279],[126.96847433782301,37.554986379290625],[126.96838499235756,37.55494103186809],[126.96811548819298,37.55480425784219],[126.96808673863511,37.554815351467376],[126.96809643771877,37.55483880692149],[126.96813634675138,37.55487644376726],[126.96816270235756,37.55495325133167],[126.96816685030902,37.554964875235235],[126.96829323345287,37.55502651268332],[126.96829323279056,37.55502651585714],[126.96829324476577,37.55502652169645]]]}},{"type":"Feature","id":229,"properties":{"model_ref_id":229,"source_type":"MODEL_REFERENCE","model_use":"역세권활성화 간선가로형","reference_name":"노선형 상업지역 판정용 참조도형"},"geometry":{"type":"Polygon","coordinates":[[[126.96918663390414,37.55566168030974],[126.9691825913938,37.55548406391621],[126.96918256144015,37.55548301474136],[126.96918396814635,37.55554481035368],[126.96918663232972,37.555661679511296],[126.96918663390414,37.55566168030974]]]}},{"type":"Feature","id":230,"properties":{"model_ref_id":230,"source_type":"MODEL_REFERENCE","model_use":"역세권활성화 간선가로형","reference_name":"노선형 상업지역 판정용 참조도형"},"geometry":{"type":"Polygon","coordinates":[[[126.97011721639437,37.56288112259525],[126.97029706158604,37.56288613700675],[126.97032925158042,37.56281694242977],[126.97012697712988,37.56276822330765],[126.9700227008933,37.56274512906862],[126.96997979179024,37.562876849588484],[126.96998181211195,37.56287690873194],[126.96998181094261,37.56287691232147],[126.97011721639437,37.56288112259525]]]}},{"type":"Feature","id":231,"properties":{"model_ref_id":231,"source_type":"MODEL_REFERENCE","model_use":"역세권활성화 간선가로형","reference_name":"노선형 상업지역 판정용 참조도형"},"geometry":{"type":"Polygon","coordinates":[[[126.96591830492103,37.565233799411],[126.96594897641094,37.56528349816454],[126.96596925408473,37.565317093112625],[126.96598228376655,37.56533606285728],[126.96600615832689,37.565327420206344],[126.96591827460729,37.56520364355901],[126.96591608636567,37.56520028917702],[126.96590411141173,37.56521114951433],[126.96591830492103,37.565233799411]]]}},{"type":"Feature","id":232,"properties":{"model_ref_id":232,"source_type":"MODEL_REFERENCE","model_use":"역세권활성화 간선가로형","reference_name":"노선형 상업지역 판정용 참조도형"},"geometry":{"type":"Polygon","coordinates":[[[126.96581790020194,37.56528933614233],[126.96565473546333,37.56543731280401],[126.96568741104521,37.56544814211424],[126.96571757045938,37.56545781016898],[126.96576126880356,37.56546386955623],[126.96580052152053,37.565464701834415],[126.96580589743691,37.565374623427395],[126.96580706822088,37.565364649934374],[126.96580814359561,37.565364443047756],[126.96581003906842,37.56535387513559],[126.96581142816476,37.56533735157776],[126.96581308833863,37.56532197235149],[126.96581436728245,37.56532209889205],[126.96581790020194,37.56528933614233]]]}},{"type":"Feature","id":233,"properties":{"model_ref_id":233,"source_type":"MODEL_REFERENCE","model_use":"역세권활성화 간선가로형","reference_name":"노선형 상업지역 판정용 참조도형"},"geometry":{"type":"Polygon","coordinates":[[[126.96601557498616,37.56553570370825],[126.96591025340491,37.56537865664284],[126.96586127134879,37.565300111707096],[126.965861268346,37.56530010702623],[126.96585740634733,37.565333645011734],[126.96584618786288,37.56538261881832],[126.9658403445556,37.56550224926343],[126.96585418642844,37.56550398350707],[126.96585409778926,37.56559126467136],[126.96585413722858,37.565591282089684],[126.96591786209774,37.56560157672676],[126.96596616642026,37.565609370448605],[126.96606962139694,37.56561480024845],[126.96605304630611,37.565591242922245],[126.96601557498616,37.56553570370825]]]}},{"type":"Feature","id":234,"properties":{"model_ref_id":234,"source_type":"MODEL_REFERENCE","model_use":"역세권활성화 간선가로형","reference_name":"노선형 상업지역 판정용 참조도형"},"geometry":{"type":"Polygon","coordinates":[[[126.9656659134605,37.56545503682831],[126.965640972425,37.56544979468213],[126.9656220839125,37.565466924909934],[126.96560406880369,37.56552412249687],[126.96562839200088,37.5655285231804],[126.965669631692,37.56553598412767],[126.96569138449254,37.56553991731676],[126.96574923923707,37.56555489188909],[126.96575186846773,37.56555557646567],[126.96580398965415,37.56556913565936],[126.9658052087674,37.56553028573451],[126.96579573412421,37.56548663921703],[126.96576524362831,37.56548262923978],[126.96571623733561,37.565475532048055],[126.9656659134605,37.56545503682831]]]}},{"type":"Feature","id":235,"properties":{"model_ref_id":235,"source_type":"MODEL_REFERENCE","model_use":"역세권활성화 간선가로형","reference_name":"노선형 상업지역 판정용 참조도형"},"geometry":{"type":"Polygon","coordinates":[[[126.96596616642026,37.565609370448605],[126.96597575216624,37.56561327626223],[126.96597614748808,37.56561343700697],[126.96596616642026,37.565609370448605]]]}},{"type":"Feature","id":236,"properties":{"model_ref_id":236,"source_type":"MODEL_REFERENCE","model_use":"역세권활성화 간선가로형","reference_name":"노선형 상업지역 판정용 참조도형"},"geometry":{"type":"Polygon","coordinates":[[[126.96503493378037,37.56701577766456],[126.96496562338666,37.56708952615955],[126.96496554913332,37.56708960652865],[126.96497235340726,37.567096601029895],[126.96498022680862,37.56710556832836],[126.96507279352126,37.56705970215747],[126.96503493378037,37.56701577766456]]]}},{"type":"Feature","id":237,"properties":{"model_ref_id":237,"source_type":"MODEL_REFERENCE","model_use":"역세권활성화 간선가로형","reference_name":"노선형 상업지역 판정용 참조도형"},"geometry":{"type":"Polygon","coordinates":[[[126.96549224883523,37.567579909498164],[126.96558869548846,37.567629971594975],[126.96558945362807,37.56763036536131],[126.96567015579244,37.567521645441744],[126.96565788535385,37.56747767369009],[126.96547413361246,37.56737765244523],[126.96541822464839,37.56738464157417],[126.96536458467914,37.56743971945463],[126.96536063919307,37.56744351873382],[126.96536792384497,37.567462057638544],[126.9653908455511,37.56748296770592],[126.96538812986634,37.567503734449716],[126.9653949711397,37.567517062138336],[126.96546271732494,37.56755792518026],[126.96549531881622,37.56757485597153],[126.96549224883523,37.567579909498164]]]}},{"type":"Feature","id":238,"properties":{"model_ref_id":238,"source_type":"MODEL_REFERENCE","model_use":"역세권활성화 간선가로형","reference_name":"노선형 상업지역 판정용 참조도형"},"geometry":{"type":"Polygon","coordinates":[[[126.9653083560782,37.56749909506296],[126.96527553487815,37.567534130024654],[126.96525944991905,37.567551188556415],[126.96525283609134,37.56755820327926],[126.96522844985651,37.56758406623814],[126.965190903679,37.56762427940175],[126.96514747781931,37.56766782159274],[126.96514426641221,37.56767083133205],[126.96518009743666,37.56768467499216],[126.96518082245896,37.56768347692007],[126.96535901821426,37.56774946769754],[126.96546617812086,37.56778157868822],[126.96553259976896,37.56770011288805],[126.96556850064788,37.56765608011887],[126.96556954334686,37.567653382012026],[126.96548757201931,37.56760659506464],[126.96548212957627,37.56760262901787],[126.9654411508864,37.567587966027766],[126.96536552732995,37.567545803048155],[126.96536889201523,37.56753994774586],[126.96535108086444,37.56753017542948],[126.9653580557905,37.56752533938809],[126.96536063027077,37.567515267243266],[126.96532290206265,37.567483808917046],[126.9653083560782,37.56749909506296]]]}},{"type":"Feature","id":239,"properties":{"model_ref_id":239,"source_type":"MODEL_REFERENCE","model_use":"역세권활성화 간선가로형","reference_name":"노선형 상업지역 판정용 참조도형"},"geometry":{"type":"Polygon","coordinates":[[[126.96512076463978,37.567860563455525],[126.96512271452495,37.56789928823801],[126.96518196588539,37.56792912971482],[126.96521053368622,37.56790961461578],[126.96526373692636,37.56783488627796],[126.96527610733966,37.567837421990994],[126.9653296763565,37.56777783922762],[126.96528138157561,37.567748559936376],[126.96520584079461,37.56772163246846],[126.96515765855825,37.56780557041684],[126.96512076463978,37.567860563455525]]]}},{"type":"Feature","id":240,"properties":{"model_ref_id":240,"source_type":"MODEL_REFERENCE","model_use":"역세권활성화 간선가로형","reference_name":"노선형 상업지역 판정용 참조도형"},"geometry":{"type":"Polygon","coordinates":[[[126.96984619492886,37.56855993113025],[126.96998865821797,37.568658340168746],[126.97019319051053,37.56880059001759],[126.97022238481709,37.5688214558383],[126.97033845822699,37.56890992830605],[126.97036991498813,37.56893156055002],[126.97073394638157,37.56918186303874],[126.97073394642568,37.56918186306907],[126.97081431086625,37.56918395725385],[126.97086741981552,37.56913333662301],[126.97087298535264,37.56912804199831],[126.97087043488932,37.56912629177569],[126.97082492142088,37.569094790093324],[126.96995124773794,37.56848331418206],[126.96985047840023,37.568293866407224],[126.96978532773159,37.56827655735507],[126.96976189805729,37.568289928517174],[126.96972139466817,37.56826767908774],[126.96969294509366,37.56825283370522],[126.96966865994777,37.568240243746764],[126.9696607383271,37.5682363456668],[126.96956229610721,37.56818859284554],[126.96960989735065,37.568330465756986],[126.96964205867518,37.56842092431753],[126.96966065063695,37.5684328945991],[126.9697970635584,37.56852067959727],[126.96983510473801,37.568551611959904],[126.96984619492886,37.56855993113025]]]}},{"type":"Feature","id":241,"properties":{"model_ref_id":241,"source_type":"MODEL_REFERENCE","model_use":"역세권활성화 간선가로형","reference_name":"노선형 상업지역 판정용 참조도형"},"geometry":{"type":"Polygon","coordinates":[[[126.9699453444999,37.56914891601734],[126.9699453453173,37.56914891664414],[126.969973306498,37.569126007919834],[126.9699453444999,37.56914891601734]]]}},{"type":"Feature","id":242,"properties":{"model_ref_id":242,"source_type":"MODEL_REFERENCE","model_use":"역세권활성화 간선가로형","reference_name":"노선형 상업지역 판정용 참조도형"},"geometry":{"type":"Polygon","coordinates":[[[126.96988873812087,37.569195291196586],[126.96987917677693,37.569203124387336],[126.96987917968355,37.56920312637044],[126.96988874065593,37.569195293040785],[126.96988873812087,37.569195291196586]]]}},{"type":"Feature","id":243,"properties":{"model_ref_id":243,"source_type":"MODEL_REFERENCE","model_use":"역세권활성화 간선가로형","reference_name":"노선형 상업지역 판정용 참조도형"},"geometry":{"type":"Polygon","coordinates":[[[126.97155473956158,37.56974193142634],[126.97155742032726,37.56974378380374],[126.97157319750761,37.569748401029685],[126.97164054455183,37.569782214738346],[126.9716455250526,37.56978484330697],[126.97165530280824,37.569790003133896],[126.97171290599249,37.56981903000411],[126.97175511908041,37.56983814198351],[126.97178409136053,37.56985058318759],[126.97180265242501,37.56985689496306],[126.97185041308158,37.56987348563017],[126.97190122836011,37.5698912483582],[126.97194955709531,37.56990558668354],[126.97198464190404,37.569915236407866],[126.97199199805269,37.56991866206838],[126.97200538868732,37.569921737932155],[126.97200540350715,37.56992174155088],[126.97200693815904,37.56992208972179],[126.97200741240526,37.56992223208611],[126.97212051989207,37.569949850746376],[126.97212268444007,37.569950146448534],[126.97247774355121,37.56995236833469],[126.97248550740426,37.569952577569445],[126.97249943141048,37.5699496079358],[126.97251516761328,37.569943935827375],[126.97253260289052,37.56993538101809],[126.97254766202063,37.569924573141286],[126.97256657284058,37.56990610792201],[126.97257371165426,37.569887369368764],[126.97257847788053,37.56985763824027],[126.97257834779289,37.56984306952405],[126.97249834355186,37.56984164315558],[126.97228041324634,37.56984265965484],[126.97209881287988,37.56982589811897],[126.97201127648715,37.569805639125796],[126.97181375613823,37.56974973527231],[126.9716163404932,37.56963120395564],[126.97141789792173,37.569506752589064],[126.97139382750814,37.56949062759755],[126.9713657997868,37.569469392979634],[126.97119498729178,37.56934744435974],[126.97112307249846,37.569300114450506],[126.97108375114338,37.569272272523705],[126.97104496336449,37.56924575563074],[126.97099050228954,37.569298249552304],[126.9709893935562,37.56934985633901],[126.97100231887346,37.569358788677036],[126.97100357349395,37.56935965492926],[126.97105767518848,37.569396294457356],[126.97111288556646,37.56943447493705],[126.9711778951202,37.56948056864498],[126.97118243307395,37.56948309261506],[126.97127569905372,37.56954779913812],[126.97128879172338,37.56955661424959],[126.97130583265893,37.569567872078196],[126.97132943730189,37.56958530338417],[126.9713894342163,37.56962774665686],[126.97150413413708,37.56970743303832],[126.97153717709864,37.56972979518642],[126.97155473956158,37.56974193142634]]]}},{"type":"Feature","id":244,"properties":{"model_ref_id":244,"source_type":"MODEL_REFERENCE","model_use":"역세권활성화 간선가로형","reference_name":"노선형 상업지역 판정용 참조도형"},"geometry":{"type":"Polygon","coordinates":[[[126.97134655020726,37.570204236562766],[126.9713597436692,37.57020922462521],[126.97131912821695,37.570185528389416],[126.97134655020726,37.570204236562766]]]}},{"type":"Feature","id":245,"properties":{"model_ref_id":245,"source_type":"MODEL_REFERENCE","model_use":"역세권활성화 간선가로형","reference_name":"노선형 상업지역 판정용 참조도형"},"geometry":{"type":"Polygon","coordinates":[[[126.97180987608286,37.57028342105077],[126.97177155618103,37.570319477158336],[126.9717117822193,37.57028339506602],[126.9716753769398,37.570261419497406],[126.97165306852554,37.570283379474006],[126.97175792061347,37.570354525700736],[126.97185917278948,37.57039027234339],[126.97186103330509,37.570390673449424],[126.97187433483882,37.57037741034508],[126.9718765983976,37.57037818578572],[126.97188902125036,37.570365070787965],[126.97192601729247,37.570327707872046],[126.97189673092885,37.57030789660061],[126.97183204797199,37.57026301069489],[126.97180987608286,37.57028342105077]]]}},{"type":"Feature","id":246,"properties":{"model_ref_id":246,"source_type":"MODEL_REFERENCE","model_use":"역세권활성화 간선가로형","reference_name":"노선형 상업지역 판정용 참조도형"},"geometry":{"type":"Polygon","coordinates":[[[126.97249854801034,37.57035615690505],[126.97244577324253,37.570320383564194],[126.97232714731587,37.57031700112174],[126.97232611750954,37.570316370167575],[126.97215154964938,37.57031655888676],[126.97208162974721,37.57031648651703],[126.97208025747506,37.57032282905984],[126.97204096789186,37.57032269261463],[126.97203558883935,37.5703829577863],[126.97203901394944,37.57039422995125],[126.9720303657557,37.57039462411184],[126.97202572588442,37.57042618164199],[126.97204125867661,37.5704295309552],[126.97204164558934,37.57043550455721],[126.9723706217916,37.570435590461344],[126.97237374350186,37.570480491638925],[126.97248959581341,37.57047403009981],[126.97250317943289,37.57047326778008],[126.97249854801034,37.57035615690505]]]}},{"type":"Feature","id":247,"properties":{"model_ref_id":247,"source_type":"MODEL_REFERENCE","model_use":"역세권활성화 간선가로형","reference_name":"노선형 상업지역 판정용 참조도형"},"geometry":{"type":"Polygon","coordinates":[[[126.97248959378614,37.57047899450162],[126.97237403134687,37.57048463186053],[126.97239347710439,37.57076432902671],[126.97248787948195,37.5708240155037],[126.9725379893623,37.570850471286555],[126.97253639257838,37.57082936185004],[126.97253476943305,37.57081254012657],[126.9725344251131,37.57079639446874],[126.97252409156864,37.57065486579459],[126.97252293124448,37.57064118861177],[126.97250936921544,37.570478026557446],[126.97250700251573,37.57047814240003],[126.97248959378614,37.57047899450162]]]}},{"type":"Feature","id":248,"properties":{"model_ref_id":248,"source_type":"MODEL_REFERENCE","model_use":"역세권활성화 간선가로형","reference_name":"노선형 상업지역 판정용 참조도형"},"geometry":{"type":"Polygon","coordinates":[[[126.97240395554066,37.57091504426812],[126.97254963294355,37.57100439872972],[126.9725439834285,37.57092971256034],[126.97239934122824,37.57084867497425],[126.97240395554066,37.57091504426812]]]}},{"type":"Feature","id":249,"properties":{"model_ref_id":249,"source_type":"MODEL_REFERENCE","model_use":"역세권활성화 간선가로형","reference_name":"노선형 상업지역 판정용 참조도형"},"geometry":{"type":"Polygon","coordinates":[[[126.97259668099538,37.572051079676804],[126.97259676200686,37.57201890569417],[126.97259671846913,37.57198681276748],[126.97259638213494,37.571950998716815],[126.97259595784413,37.57193660995312],[126.9725959737362,37.57192537473373],[126.97259596298646,37.57181271616159],[126.97259413312074,37.57155278288181],[126.97259012780155,37.57150382978765],[126.97258566294015,37.57144924905145],[126.97258283582872,37.571414614639195],[126.97257418165674,37.5713182255321],[126.97256459045937,37.57121576357345],[126.97255518055807,37.571085137012915],[126.97250095978181,37.57105812963053],[126.97241002163129,37.5710022948252],[126.9724445115689,37.57149837094842],[126.97245863681681,37.57202167847553],[126.97245989489521,37.57202168138579],[126.97245885187549,37.572029645840786],[126.97245895061236,37.572033303786036],[126.972459342315,37.57204427602454],[126.97245959971994,37.57205148573486],[126.97246001330288,37.572089236912795],[126.97246040940163,37.57212545461763],[126.9724604181509,37.57212620423542],[126.97249056159956,37.57212826627288],[126.97254100099588,37.57213089215444],[126.97255114333485,37.572131111008986],[126.97259767670047,37.57213279072947],[126.97259752724676,37.57208558743703],[126.97259668099538,37.572051079676804]]]}},{"type":"Feature","id":250,"properties":{"model_ref_id":250,"source_type":"MODEL_REFERENCE","model_use":"역세권활성화 간선가로형","reference_name":"노선형 상업지역 판정용 참조도형"},"geometry":{"type":"Polygon","coordinates":[[[126.97260044958806,37.57525218137887],[126.97248757846934,37.57541340957446],[126.97248751038794,37.57558008178792],[126.97248749323408,37.575622076445605],[126.97233410645981,37.57563263533361],[126.97227217851771,37.57572109534171],[126.9724874604389,37.57570236273413],[126.97258590626252,37.575689504157786],[126.97258593041866,37.57568942660063],[126.97252780806565,37.57569652580962],[126.97261024688066,37.57560071888807],[126.97261995261815,37.57559008081916],[126.9726324330387,37.57557639815276],[126.97263136945803,37.575352369280026],[126.97260198568677,37.57534409071523],[126.97262313469079,37.575262239072366],[126.97260044958806,37.57525218137887]]]}},{"type":"Feature","id":251,"properties":{"model_ref_id":251,"source_type":"MODEL_REFERENCE","model_use":"역세권활성화 간선가로형","reference_name":"노선형 상업지역 판정용 참조도형"},"geometry":{"type":"Polygon","coordinates":[[[126.96917026238603,37.57550581905904],[126.96915431257128,37.575530086874956],[126.96914832865379,37.57554522161584],[126.96915144511107,37.57558767667194],[126.96915415452094,37.57560409329887],[126.96916562276425,37.5756271436491],[126.96917511340938,37.5756426161921],[126.96919768478719,37.575670093533134],[126.9692278080381,37.57569475296629],[126.9692491724577,37.575712778675225],[126.96930396057279,37.5757417157884],[126.96942257258189,37.575794898407274],[126.9695658454784,37.57583636615574],[126.96957919018367,37.57584050543471],[126.96961622549267,37.575850579866746],[126.96965733731149,37.57585793448127],[126.96969256308061,37.575864242282904],[126.96970811550139,37.57586780554387],[126.96971955664594,37.57587592659947],[126.96978068237794,37.57588395354224],[126.96987643443836,37.575897188836414],[126.96990329559824,37.57590120573725],[126.9699319245218,37.57590115069982],[126.97002001756623,37.57590364405273],[126.97008860545085,37.57590700584829],[126.97012694661483,37.5759081607863],[126.97015821315787,37.5759081064292],[126.9701685266094,37.57590649654742],[126.9702117041406,37.57590167930942],[126.97031137200786,37.57589155293822],[126.97031884797484,37.57589091135259],[126.97036569422728,37.57584803264821],[126.97036390390626,37.57580015409553],[126.97030996297175,37.575800247272895],[126.9702865764377,37.57579782616239],[126.9702459366934,37.57579810319543],[126.97020837427117,37.57580243547853],[126.9702049781156,37.57580263274966],[126.97020432895178,37.5757920319004],[126.9702043288943,37.575792030962276],[126.96999090269934,37.575799347516075],[126.96992119644966,37.57579097846672],[126.9699088478523,37.57578949573332],[126.96987829537895,37.57578508889847],[126.96973992580718,37.575765129871954],[126.96966315047774,37.57574327745757],[126.96945347388801,37.5756778708478],[126.96938355185107,37.575643738947015],[126.9693011384267,37.575582544246075],[126.96930113836481,37.57558254426113],[126.96928405034106,37.57558670555973],[126.9692703877115,37.57555975335131],[126.96926633784935,37.57555362553124],[126.96926969020419,37.57555013068902],[126.96919794081133,37.57548074425091],[126.96919793644746,37.57548074820427],[126.96919793081352,37.575480752282715],[126.96917026238603,37.57550581905904]]]}},{"type":"Feature","id":252,"properties":{"model_ref_id":252,"source_type":"MODEL_REFERENCE","model_use":"역세권활성화 간선가로형","reference_name":"노선형 상업지역 판정용 참조도형"},"geometry":{"type":"Polygon","coordinates":[[[126.97161842106287,37.5757779791307],[126.97209830482237,37.57573622454766],[126.9721625578359,37.57564444421323],[126.97193593453137,37.57566004387657],[126.97151207098959,37.575689222305954],[126.97117348222186,37.575717875137045],[126.97117396563877,37.57575305604666],[126.97117441382709,37.57581704374107],[126.97127118302538,37.57580796992327],[126.97127204555936,37.575802798532244],[126.97128996402803,37.575806227074494],[126.97129182046528,37.57580641677942],[126.97130497503042,37.575805339140175],[126.97139320807904,37.57579783964207],[126.9714221777192,37.575795063376084],[126.97145594725912,37.57579199106378],[126.9715019657943,37.57578770569172],[126.97161842106287,37.5757779791307]]]}},{"type":"Feature","id":253,"properties":{"model_ref_id":253,"source_type":"MODEL_REFERENCE","model_use":"역세권활성화 간선가로형","reference_name":"노선형 상업지역 판정용 참조도형"},"geometry":{"type":"Polygon","coordinates":[[[126.97097367600837,37.575834450380434],[126.97100819255,37.57583177483012],[126.97104746378338,37.57582864105852],[126.97114042919529,37.57582007987556],[126.97114946247622,37.57576760025224],[126.97114304459352,37.57576599477487],[126.97114279888241,37.5757204716435],[126.9707624767211,37.57575265484759],[126.97075542365856,37.575804108980456],[126.97075533401717,37.57585442866797],[126.97086368453118,37.57584392579269],[126.97097367600837,37.575834450380434]]]}},{"type":"Feature","id":254,"properties":{"model_ref_id":254,"source_type":"MODEL_REFERENCE","model_use":"역세권활성화 간선가로형","reference_name":"노선형 상업지역 판정용 참조도형"},"geometry":{"type":"Polygon","coordinates":[[[126.97047772333683,37.575838738457776],[126.97052465330351,37.5758729548701],[126.97058152840603,37.575868256102574],[126.9707252779681,37.57585632151292],[126.97072316197553,37.57582805720306],[126.97073163172026,37.57575526492446],[126.97048385780337,37.57577623103632],[126.97048286528421,37.575780842924935],[126.97048165155712,37.57578650074233],[126.9704806533064,37.5757912576395],[126.97047987042615,37.57579535688093],[126.97047925754143,37.5757990146892],[126.9704788145503,37.57580246531899],[126.97047850739399,37.57580593400586],[126.97047832465041,37.57580965500132],[126.97047772333683,37.575838738457776]]]}},{"type":"Feature","id":255,"properties":{"model_ref_id":255,"source_type":"MODEL_REFERENCE","model_use":"역세권활성화 간선가로형","reference_name":"노선형 상업지역 판정용 참조도형"},"geometry":{"type":"Polygon","coordinates":[[[126.98143585506833,37.47998329288703],[126.98154890494033,37.48001034332682],[126.98154238146927,37.47989204156703],[126.98153985089394,37.479845883159555],[126.9815346210983,37.479750313722555],[126.98153157299885,37.4796953254735],[126.98152674772524,37.47960849575413],[126.98151876220305,37.47946361437986],[126.98151190162001,37.479338464987265],[126.98150504103387,37.47921340569108],[126.98150389386412,37.479192466367984],[126.98149525639059,37.47903473667991],[126.98135971335645,37.47903926483191],[126.981359726647,37.47903951420361],[126.98136836159324,37.47919718083134],[126.98136950872274,37.479218129165666],[126.98137636908343,37.47934318846957],[126.98138323056891,37.47946834687996],[126.98139121469158,37.479613255292826],[126.9813960398032,37.479700103938455],[126.98139908781394,37.479755056151184],[126.98140431857595,37.479850597663436],[126.98140684793232,37.47989677409342],[126.98141129731187,37.479977445169666],[126.98141313204613,37.47997788276541],[126.98143585506833,37.47998329288703]]]}},{"type":"Feature","id":256,"properties":{"model_ref_id":256,"source_type":"MODEL_REFERENCE","model_use":"역세권활성화 간선가로형","reference_name":"노선형 상업지역 판정용 참조도형"},"geometry":{"type":"Polygon","coordinates":[[[126.98157938528115,37.4805641000323],[126.9815581273318,37.48017928146166],[126.98155306625914,37.480086568213984],[126.98147585311092,37.48006808376833],[126.98145686070619,37.480063575330085],[126.98141547493299,37.48005368434475],[126.98141752107612,37.48009126471048],[126.98142259441026,37.48018400499598],[126.9814438433677,37.48056876625891],[126.98157938528115,37.4805641000323]]]}},{"type":"Feature","id":257,"properties":{"model_ref_id":257,"source_type":"MODEL_REFERENCE","model_use":"역세권활성화 간선가로형","reference_name":"노선형 상업지역 판정용 참조도형"},"geometry":{"type":"Polygon","coordinates":[[[126.981446883608,37.480622786301595],[126.9814468875745,37.48062285677727],[126.98145914795684,37.48084597224625],[126.98146589503557,37.480968905142824],[126.98146815582975,37.48100960346829],[126.98147084402265,37.48105805943229],[126.98147255340699,37.48108979276323],[126.98147601847221,37.481153475671555],[126.98147950521603,37.481216491847285],[126.98148422676304,37.48130248360108],[126.98148524025642,37.48132050367102],[126.98148610630437,37.48133621716875],[126.98149198770197,37.481442454472464],[126.98150569751238,37.481692464978416],[126.9816412471384,37.48168792142039],[126.98162752515829,37.48143771284096],[126.98162164244114,37.48133146653367],[126.98162081296417,37.48131638237301],[126.98162077637491,37.48131571789818],[126.98162073086725,37.48131490698255],[126.98161976397991,37.481297696928515],[126.98161504000637,37.4812117412194],[126.98161155313869,37.48114876108734],[126.98160810038233,37.48108512323486],[126.98160637964777,37.48105334485406],[126.98160369138546,37.48100482582349],[126.98160143051284,37.48096414552045],[126.98159468207162,37.48084124867099],[126.98158242243568,37.480618070146356],[126.98146156161236,37.48062228282029],[126.981446883608,37.480622786301595]]]}},{"type":"Feature","id":258,"properties":{"model_ref_id":258,"source_type":"MODEL_REFERENCE","model_use":"역세권활성화 간선가로형","reference_name":"노선형 상업지역 판정용 참조도형"},"geometry":{"type":"Polygon","coordinates":[[[126.98150974677883,37.48176445452445],[126.98150976099814,37.481764707301025],[126.98153967843628,37.48230757973897],[126.9815467641878,37.48243716199809],[126.98155036244955,37.48250203422598],[126.98155755061843,37.48263338244712],[126.98156318514593,37.48273591607716],[126.98169872432427,37.48273119290183],[126.98169308908588,37.48262865876182],[126.98168590181596,37.48249729252902],[126.98168230230664,37.48243242030499],[126.98167521631642,37.48230285607369],[126.9816452967896,37.48175991158952],[126.98150974677883,37.48176445452445]]]}},{"type":"Feature","id":259,"properties":{"model_ref_id":259,"source_type":"MODEL_REFERENCE","model_use":"역세권활성화 간선가로형","reference_name":"노선형 상업지역 판정용 참조도형"},"geometry":{"type":"Polygon","coordinates":[[[126.98262476386164,37.48859991254008],[126.98262832409809,37.48862182968656],[126.98268007369411,37.488845696507774],[126.98272603605159,37.48883236959468],[126.9826230213551,37.48858917956919],[126.98262476386164,37.48859991254008]]]}},{"type":"Feature","id":260,"properties":{"model_ref_id":260,"source_type":"MODEL_REFERENCE","model_use":"역세권활성화 간선가로형","reference_name":"노선형 상업지역 판정용 참조도형"},"geometry":{"type":"Polygon","coordinates":[[[126.98195013396912,37.48887273451948],[126.98196495169381,37.488933959642516],[126.98197229166895,37.48896429738791],[126.98199146784184,37.48904740840497],[126.98201759300659,37.48915219854656],[126.98204052815575,37.489254158995706],[126.98206810255765,37.48936529859629],[126.9820747584285,37.48936305007882],[126.98211960263143,37.489363238222744],[126.98217781954777,37.489376646278096],[126.98221429082594,37.48939709624086],[126.98219808431074,37.489331739855736],[126.98217386773453,37.48923413551394],[126.98215395233079,37.48914560919255],[126.98215091998246,37.48913213904832],[126.98212473930384,37.48902709664793],[126.98210561943607,37.48894430100976],[126.98208706119914,37.488867527435325],[126.98208405906072,37.488855116893646],[126.98207464836555,37.48880061035829],[126.98206457869249,37.488742300960425],[126.98205744001652,37.488700970270976],[126.98205453499118,37.48868010057876],[126.9820280565983,37.488489953360556],[126.98202805647313,37.48848995245949],[126.98202805546785,37.48848995245933],[126.9820272881834,37.4884844295821],[126.9820088630294,37.488465252823886],[126.98202324731866,37.48846101487646],[126.98202324677125,37.48846101170443],[126.98202221163285,37.48844276640895],[126.98202064593242,37.488421421602624],[126.98201500271618,37.488344286574005],[126.98201487933092,37.488342415223755],[126.98201468970358,37.4883395653141],[126.98201101496515,37.48828380541283],[126.98200618678902,37.488210577617274],[126.98200462509938,37.48818504348282],[126.98200438417136,37.48818113254593],[126.98198689502115,37.48817820153109],[126.9819868835099,37.48817821050521],[126.98193442157334,37.488169227257515],[126.98186918358309,37.488157949171885],[126.98186710300783,37.48815759240628],[126.98187067309858,37.488216049484286],[126.9818795214302,37.48835027292386],[126.98188132246885,37.488374941538254],[126.9818867076675,37.4884483554249],[126.98188798017311,37.488470782273225],[126.98189561004212,37.4885153647793],[126.98192275885677,37.48871419088567],[126.98195013396912,37.48887273451948]]]}},{"type":"Feature","id":261,"properties":{"model_ref_id":261,"source_type":"MODEL_REFERENCE","model_use":"역세권활성화 간선가로형","reference_name":"노선형 상업지역 판정용 참조도형"},"geometry":{"type":"Polygon","coordinates":[[[126.98277521132964,37.489214410181035],[126.98287813633374,37.48919143443895],[126.98274697947534,37.488881811187284],[126.98270413045367,37.4888968145397],[126.98270413129362,37.4888968159387],[126.9827312112085,37.48902022060648],[126.98277059340802,37.48918958703097],[126.98277521132964,37.489214410181035]]]}},{"type":"Feature","id":262,"properties":{"model_ref_id":262,"source_type":"MODEL_REFERENCE","model_use":"역세권활성화 간선가로형","reference_name":"노선형 상업지역 판정용 참조도형"},"geometry":{"type":"Polygon","coordinates":[[[126.98210625515223,37.48938121067031],[126.98208186580041,37.48938038644481],[126.98207261014157,37.48938346654043],[126.98208246669617,37.489423193630216],[126.98209464681328,37.489455540536966],[126.98210043962095,37.48948253505649],[126.98212534836716,37.48947889971175],[126.98213939781633,37.48947795615416],[126.98215344726766,37.489477003584916],[126.98223536817645,37.489469811231466],[126.98222699075359,37.48943078660627],[126.98222698702715,37.48943077671463],[126.98220601730443,37.48942581843996],[126.9821269313144,37.48939795478035],[126.98210625515223,37.48938121067031]]]}},{"type":"Feature","id":263,"properties":{"model_ref_id":263,"source_type":"MODEL_REFERENCE","model_use":"역세권활성화 간선가로형","reference_name":"노선형 상업지역 판정용 참조도형"},"geometry":{"type":"Polygon","coordinates":[[[126.98289633044591,37.48972731123771],[126.98290057666432,37.48978920116737],[126.98289865974922,37.48989579731578],[126.9829007688048,37.48991592585729],[126.98295795022634,37.48991362003393],[126.98301942834672,37.48991152213915],[126.98303772466996,37.48990709235139],[126.98303736521233,37.48994060922759],[126.9831626278732,37.489946075959416],[126.98316254799033,37.489906145741266],[126.98315776495114,37.489859456383876],[126.98320783495379,37.489772471223034],[126.98320534006947,37.489718770723094],[126.98318165332013,37.489698790831135],[126.98317837426829,37.48969862629947],[126.98313490222989,37.489682626361926],[126.98312823097098,37.48968261622838],[126.98311841741867,37.4896784069377],[126.98308224101466,37.48965318204199],[126.98304535098721,37.489590367587276],[126.9830019924752,37.48957300712029],[126.98300468769824,37.48955761861698],[126.98286763437835,37.48955277499503],[126.98289050955083,37.48967652127219],[126.98289633044591,37.48972731123771]]]}},{"type":"Feature","id":264,"properties":{"model_ref_id":264,"source_type":"MODEL_REFERENCE","model_use":"역세권활성화 간선가로형","reference_name":"노선형 상업지역 판정용 참조도형"},"geometry":{"type":"Polygon","coordinates":[[[126.97392116711812,37.53866542409641],[126.97387454985979,37.53884246522942],[126.9738348551061,37.538995235505695],[126.97381784567872,37.53906025540936],[126.97379191973606,37.53915941143621],[126.97377640108434,37.539218755494275],[126.97376089371922,37.53927810856207],[126.97373111496648,37.53938979632149],[126.9737039536654,37.539491691011676],[126.97367673562825,37.53959381092601],[126.97366163083346,37.539650479141145],[126.97363050345406,37.539766932744314],[126.9736018791471,37.5398767737295],[126.97355623328944,37.54005422939503],[126.97351392027727,37.54021520685247],[126.97349887132106,37.54027310940427],[126.97348798278838,37.54031495145765],[126.97346896760796,37.54039265814219],[126.97346896619749,37.54039266352662],[126.97346896420811,37.54039267165613],[126.9735680408414,37.54041231086362],[126.97359431495903,37.540417570498484],[126.97359431644868,37.54041756475386],[126.97361658096389,37.540330577486316],[126.97364564678361,37.54022052938947],[126.97367746481929,37.54010334616511],[126.97372245040867,37.53993547677265],[126.97376743707083,37.53976434579195],[126.97379895922936,37.539650514117334],[126.97426070110447,37.537882341847904],[126.97412712823464,37.537876950345556],[126.97412712589221,37.537876959261006],[126.97407604572722,37.53806942427654],[126.97403069859644,37.53824088870096],[126.97399797238882,37.538369298113324],[126.97396029482903,37.53851513135265],[126.97392116711812,37.53866542409641]]]}},{"type":"Feature","id":265,"properties":{"model_ref_id":265,"source_type":"MODEL_REFERENCE","model_use":"역세권활성화 간선가로형","reference_name":"노선형 상업지역 판정용 참조도형"},"geometry":{"type":"Polygon","coordinates":[[[126.97351851764518,37.54051550757158],[126.97356387147165,37.54052402476756],[126.97356657892723,37.54052452999477],[126.97356657977326,37.540524526732106],[126.97344092847257,37.540500927012815],[126.97351852020438,37.54051550634064],[126.97351851764518,37.54051550757158]]]}},{"type":"Feature","id":266,"properties":{"model_ref_id":266,"source_type":"MODEL_REFERENCE","model_use":"역세권활성화 간선가로형","reference_name":"노선형 상업지역 판정용 참조도형"},"geometry":{"type":"Polygon","coordinates":[[[126.97758001358692,37.55775136107245],[126.9775800141171,37.55775136136875],[126.97758019463933,37.5577514421999],[126.97759148735831,37.55775775151088],[126.97761491060318,37.557769469327496],[126.97762624493951,37.55777619789506],[126.97762630503242,37.55777622914824],[126.97766701101693,37.557799756789755],[126.97767351242665,37.55780345797651],[126.97769618834653,37.557816346893546],[126.97770568576189,37.55782211036882],[126.97770647385731,37.5578225658791],[126.97770691321242,37.55782285475814],[126.97771746089998,37.55782924451516],[126.97775510870491,37.5578545436087],[126.9777567803334,37.55785564271449],[126.97775801823538,37.5578565091786],[126.97776907963916,37.55786403349327],[126.97783698072998,37.55791177856465],[126.97783945793098,37.55791351246637],[126.97793002710628,37.55784360693197],[126.97784146143684,37.55778150185034],[126.97767161175075,37.55767126542479],[126.97752619407952,37.55760275042265],[126.97735622982032,37.55753163319104],[126.97733382431876,37.55755279427891],[126.97734304272464,37.5576342541093],[126.97734304213695,37.55763596597584],[126.9773440582976,37.55764299386008],[126.97743562487554,37.55768535992256],[126.97748200799961,37.5577066331551],[126.97754874860458,37.557735893469584],[126.97756905192652,37.55774645286488],[126.97758001358692,37.55775136107245]]]}},{"type":"Feature","id":267,"properties":{"model_ref_id":267,"source_type":"MODEL_REFERENCE","model_use":"역세권활성화 간선가로형","reference_name":"노선형 상업지역 판정용 참조도형"},"geometry":{"type":"Polygon","coordinates":[[[126.97796564073722,37.55786858030172],[126.97796463953694,37.5578678782298],[126.977872406287,37.55793811631219],[126.97791197266739,37.557970920496906],[126.97791617032236,37.557974345123114],[126.97795322496958,37.55800499541148],[126.97796489009004,37.55801472849872],[126.9779699249762,37.55801896418488],[126.97800594923164,37.558051226996255],[126.97805157925633,37.558092060171795],[126.978148816462,37.55801266355288],[126.97796564073722,37.55786858030172]]]}},{"type":"Feature","id":268,"properties":{"model_ref_id":268,"source_type":"MODEL_REFERENCE","model_use":"역세권활성화 간선가로형","reference_name":"노선형 상업지역 판정용 참조도형"},"geometry":{"type":"Polygon","coordinates":[[[126.97880143558366,37.5586875495423],[126.97873918430186,37.55863094605133],[126.97870465413962,37.558596341220614],[126.97868907483944,37.558580751015405],[126.97866732990943,37.55855758227459],[126.97858315663711,37.55846629536427],[126.97856832420679,37.558451146778765],[126.97843200822665,37.5582995461944],[126.97826554595578,37.5581164987128],[126.97822483404168,37.55810894507377],[126.97813781245199,37.558179752981374],[126.97814713310193,37.55818961954797],[126.97815272375762,37.558195523316066],[126.97815296516724,37.55819579319956],[126.97815339125432,37.55819624424262],[126.97824819971363,37.55829511095799],[126.97826024639961,37.55830781863598],[126.97837081706585,37.558424346512474],[126.97837194672599,37.55842564760439],[126.97838873456386,37.558443356496234],[126.9783909126997,37.558437784355014],[126.97839200591979,37.55843898508373],[126.9783921913514,37.55843850540778],[126.97847860441668,37.55853232468072],[126.9785414624285,37.55860314611639],[126.97888006986987,37.558861464245],[126.97903340527766,37.558955927464524],[126.97931414226778,37.55911646105811],[126.97931415737952,37.55911646715746],[126.97931417005601,37.55911647273866],[126.97934284800412,37.55904421414262],[126.97934445888981,37.5590069689962],[126.97928955055205,37.55898409891063],[126.97926407819557,37.55897228190794],[126.97923859489902,37.55895930263042],[126.97921003288678,37.558947314707666],[126.97919724606174,37.558940554759936],[126.9791705524287,37.55892559216137],[126.97914563371488,37.558913243665394],[126.979123603452,37.558900355159736],[126.97909822119097,37.558886564988185],[126.97906107337114,37.55886483476909],[126.97895327045765,37.55879759955405],[126.97887459514195,37.55874694016869],[126.97880143558366,37.5586875495423]]]}},{"type":"Feature","id":269,"properties":{"model_ref_id":269,"source_type":"MODEL_REFERENCE","model_use":"역세권활성화 간선가로형","reference_name":"노선형 상업지역 판정용 참조도형"},"geometry":{"type":"Polygon","coordinates":[[[126.97964917920261,37.55916835848492],[126.97965972629774,37.559171604109416],[126.97966644879432,37.55917232622588],[126.97980823612053,37.559211997420086],[126.97990447398558,37.559237964599966],[126.97992614256992,37.559180396079185],[126.97992792204154,37.559175013290236],[126.97969651675419,37.559113660210336],[126.97968084297065,37.559109692789434],[126.97960486205648,37.55909003632387],[126.9795356932792,37.55907406618268],[126.9795317664623,37.55907271392774],[126.97942583115335,37.559042059397186],[126.97939956284475,37.559030462560294],[126.97939877157603,37.55903521552825],[126.97938960320391,37.559074325331565],[126.97940024550329,37.55909856388439],[126.97947594308924,37.55911930160372],[126.97957348152174,37.559147611866955],[126.97964917920261,37.55916835848492]]]}},{"type":"Feature","id":270,"properties":{"model_ref_id":270,"source_type":"MODEL_REFERENCE","model_use":"역세권활성화 간선가로형","reference_name":"노선형 상업지역 판정용 참조도형"},"geometry":{"type":"Polygon","coordinates":[[[126.9938829723452,37.56072465101904],[126.99388297172574,37.560724649986604],[126.99382805698062,37.56063313207269],[126.99369902539748,37.560418093566604],[126.99357690175135,37.56046168705186],[126.99357640834964,37.56049882981725],[126.99351442581718,37.560543072062806],[126.99344476965726,37.56058730464257],[126.99336848339826,37.56061386425983],[126.9933616863601,37.560662349666394],[126.99334001691912,37.5608038463729],[126.993370154036,37.560823202676715],[126.99350589370555,37.56079708523346],[126.9938829723452,37.56072465101904]]]}},{"type":"Feature","id":271,"properties":{"model_ref_id":271,"source_type":"MODEL_REFERENCE","model_use":"역세권활성화 간선가로형","reference_name":"노선형 상업지역 판정용 참조도형"},"geometry":{"type":"Polygon","coordinates":[[[126.99308688039491,37.56088063476757],[126.99316263458999,37.56085787331202],[126.99318019910177,37.56069343655534],[126.99320494857872,37.56051435101589],[126.99308685115552,37.56050470002171],[126.99302498427471,37.56078204408654],[126.99286993974792,37.560789067508026],[126.99208695845712,37.56081962307143],[126.99208458819834,37.560930369021456],[126.99229995843643,37.5609221011044],[126.99236965493559,37.56091940447537],[126.9924799945431,37.56091490948193],[126.99262628038367,37.56090789481061],[126.99284920067625,37.560897462863224],[126.99287468879298,37.560897194764955],[126.99305915026876,37.56088883136363],[126.99308688039491,37.56088063476757]]]}},{"type":"Feature","id":272,"properties":{"model_ref_id":272,"source_type":"MODEL_REFERENCE","model_use":"역세권활성화 간선가로형","reference_name":"노선형 상업지역 판정용 참조도형"},"geometry":{"type":"Polygon","coordinates":[[[126.99151811268864,37.5609205317931],[126.99150084953848,37.560868083946986],[126.99147688629454,37.56080644621647],[126.99141588458842,37.56080127681124],[126.99134382427398,37.5607939717432],[126.99123562578957,37.56078630263218],[126.9910867961702,37.56078530111095],[126.99107721944262,37.56078755707899],[126.99106055592544,37.56080931410513],[126.99108165360838,37.560896030832666],[126.99115308937012,37.560894511300496],[126.99124402885047,37.56089734950123],[126.99131934921837,37.560902186262965],[126.99138496980396,37.56090886002312],[126.99151811268864,37.5609205317931]]]}},{"type":"Feature","id":273,"properties":{"model_ref_id":273,"source_type":"MODEL_REFERENCE","model_use":"역세권활성화 간선가로형","reference_name":"노선형 상업지역 판정용 참조도형"},"geometry":{"type":"Polygon","coordinates":[[[126.9910436069813,37.56089567505375],[126.99104385940922,37.560895671533466],[126.99104386093902,37.560895671577214],[126.99101464734443,37.560788173427845],[126.99081778836084,37.56079959556756],[126.9907968714469,37.56080076467777],[126.99077100934626,37.560804184824704],[126.99048046148337,37.560847877611856],[126.99049915594578,37.560915256360296],[126.99049933688245,37.56091615736147],[126.99056962767936,37.56094715858365],[126.99067969842238,37.560926807961465],[126.99078685948004,37.560911988964094],[126.99085594555719,37.56090496845174],[126.9909313807431,37.56089957031756],[126.99098355710889,37.56089647627711],[126.9910436069813,37.56089567505375]]]}},{"type":"Feature","id":274,"properties":{"model_ref_id":274,"source_type":"MODEL_REFERENCE","model_use":"역세권활성화 간선가로형","reference_name":"노선형 상업지역 판정용 참조도형"},"geometry":{"type":"Polygon","coordinates":[[[126.99203970171033,37.560843718749915],[126.99204004658199,37.560821630669295],[126.99188433075963,37.5608296128192],[126.99185875201101,37.56083060148073],[126.99174598175524,37.56082518485947],[126.99159297420931,37.56081769288011],[126.99152705093404,37.56081525555295],[126.99156487767833,37.560926392728625],[126.99167287277679,37.560933394791554],[126.99176780718346,37.56093880978171],[126.99182512140064,37.56093908553222],[126.9918686276001,37.56093990053895],[126.99203871529924,37.56093261854979],[126.99203874965197,37.56093261686491],[126.99203970171033,37.560843718749915]]]}},{"type":"Feature","id":275,"properties":{"model_ref_id":275,"source_type":"MODEL_REFERENCE","model_use":"역세권활성화 간선가로형","reference_name":"노선형 상업지역 판정용 참조도형"},"geometry":{"type":"Polygon","coordinates":[[[126.993680267972,37.560809442632916],[126.9936043791183,37.560824663190736],[126.99352577366986,37.560841865641315],[126.99356057686111,37.56092774103209],[126.99359287777273,37.56093251882437],[126.99383191746081,37.560992516070506],[126.9938587970009,37.56099810425105],[126.99392544675958,37.561013606302545],[126.9939649342533,37.56102171818062],[126.9939756356217,37.56102451460033],[126.99397944374272,37.5610231969049],[126.99398036377103,37.56102575013261],[126.99399769881195,37.56103028002195],[126.99418414985493,37.561073518159866],[126.99418414741733,37.56107351198713],[126.9941620881747,37.561068395018744],[126.99417771718551,37.56105722856593],[126.99413518104099,37.56094951313822],[126.99399895735887,37.56091794658762],[126.99399895153516,37.56091793688215],[126.99400587040267,37.56093651545407],[126.99400745410469,37.56094327293998],[126.99400371886605,37.560945795403796],[126.99399046520354,37.56094831713867],[126.99395116991622,37.56084892679956],[126.99393878960508,37.56081767402696],[126.99390608081224,37.560763163067016],[126.99386371411592,37.56077178696945],[126.99374207692856,37.560796833766545],[126.993680267972,37.560809442632916]]]}},{"type":"Feature","id":276,"properties":{"model_ref_id":276,"source_type":"MODEL_REFERENCE","model_use":"역세권활성화 간선가로형","reference_name":"노선형 상업지역 판정용 참조도형"},"geometry":{"type":"Polygon","coordinates":[[[126.99036780715325,37.56093686590792],[126.99037209804041,37.560928757530476],[126.99038124569566,37.56091263093399],[126.99038311450259,37.560904702492934],[126.99038694262869,37.56088902581673],[126.99038879804593,37.560878473175016],[126.9903850371977,37.56086569176229],[126.98993919558524,37.560934693726864],[126.98989653004912,37.56094074663109],[126.98990689100168,37.56095216828831],[126.9899225743775,37.560971279858634],[126.9899466546075,37.56099669022188],[126.9899649532949,37.561011017862135],[126.98999889380688,37.5610397366331],[126.98999894754208,37.56103972690561],[126.99009361399234,37.561023970136205],[126.99030337628093,37.560989305137504],[126.99034548442734,37.560958487077926],[126.99035948680395,37.56094650552196],[126.99036780715325,37.56093686590792]]]}},{"type":"Feature","id":277,"properties":{"model_ref_id":277,"source_type":"MODEL_REFERENCE","model_use":"역세권활성화 간선가로형","reference_name":"노선형 상업지역 판정용 참조도형"},"geometry":{"type":"Polygon","coordinates":[[[126.99428114060669,37.560983335540705],[126.99416067077496,37.560955419748446],[126.99419659024775,37.5610437443298],[126.99428114060669,37.560983335540705]]]}},{"type":"Feature","id":278,"properties":{"model_ref_id":278,"source_type":"MODEL_REFERENCE","model_use":"역세권활성화 간선가로형","reference_name":"노선형 상업지역 판정용 참조도형"},"geometry":{"type":"Polygon","coordinates":[[[126.98984239235921,37.56106610828673],[126.98993373866719,37.56105153039265],[126.98988354525756,37.56099803468171],[126.98987196601836,37.56100334918482],[126.9898576864744,37.56098199431952],[126.98986851848636,37.56097803120738],[126.98984413608406,37.56094817967246],[126.9895266584894,37.56099321914178],[126.98952666081483,37.56099322293681],[126.98953607121561,37.56100672040973],[126.98954401361986,37.561016016011095],[126.98955306653683,37.56102421598102],[126.98956752866295,37.5610368313789],[126.98958162915261,37.56104647349337],[126.98959936243072,37.56105774679694],[126.98962410091241,37.56107261581171],[126.98963632354732,37.56107712210917],[126.98965575009156,37.561081854061115],[126.9897612408329,37.56107434317557],[126.98976963888607,37.56107380353035],[126.98984239235921,37.56106610828673]]]}},{"type":"Feature","id":279,"properties":{"model_ref_id":279,"source_type":"MODEL_REFERENCE","model_use":"역세권활성화 간선가로형","reference_name":"노선형 상업지역 판정용 참조도형"},"geometry":{"type":"Polygon","coordinates":[[[126.99440619962942,37.56112485963288],[126.99449779208199,37.56106248230196],[126.99452966963406,37.56104076467201],[126.99445041023873,37.56102245611269],[126.99433108401635,37.56110751922596],[126.99427056826802,37.561093558538346],[126.99448036610792,37.56114198087857],[126.99440619962942,37.56112485963288]]]}},{"type":"Feature","id":280,"properties":{"model_ref_id":280,"source_type":"MODEL_REFERENCE","model_use":"역세권활성화 간선가로형","reference_name":"노선형 상업지역 판정용 참조도형"},"geometry":{"type":"Polygon","coordinates":[[[126.99427056826802,37.561093558538346],[126.99421125305419,37.561079799534895],[126.99421125478233,37.561079803784345],[126.99427056826802,37.561093558538346]]]}},{"type":"Feature","id":281,"properties":{"model_ref_id":281,"source_type":"MODEL_REFERENCE","model_use":"역세권활성화 간선가로형","reference_name":"노선형 상업지역 판정용 참조도형"},"geometry":{"type":"Polygon","coordinates":[[[126.99458310682675,37.561165686912915],[126.99459775361238,37.56115439865695],[126.9946518129908,37.56111385832082],[126.99468719613084,37.56108655206529],[126.99469655620052,37.56107931450537],[126.9946454388633,37.56106750672491],[126.99452352112833,37.56115194120869],[126.99474114755607,37.561202169870754],[126.99458310682675,37.561165686912915]]]}},{"type":"Feature","id":282,"properties":{"model_ref_id":282,"source_type":"MODEL_REFERENCE","model_use":"역세권활성화 간선가로형","reference_name":"노선형 상업지역 판정용 참조도형"},"geometry":{"type":"Polygon","coordinates":[[[126.99487682697878,37.56112110718255],[126.99476268526342,37.561206577183626],[126.99474114755607,37.561202169870754],[126.9950190667575,37.56125940142168],[126.99511755359889,37.561284500414665],[126.9951153699623,37.561277472609234],[126.99510551534595,37.56124548708941],[126.99510254050159,37.56122853941949],[126.995088636601,37.56117249740812],[126.99508810520683,37.56117023778236],[126.99508810489424,37.56117023770967],[126.99487682697878,37.56112110718255]]]}},{"type":"Feature","id":283,"properties":{"model_ref_id":283,"source_type":"MODEL_REFERENCE","model_use":"역세권활성화 간선가로형","reference_name":"노선형 상업지역 판정용 참조도형"},"geometry":{"type":"Polygon","coordinates":[[[126.99552642997813,37.56138642818388],[126.99564052405294,37.56141860043978],[126.99562640815999,37.56132733008751],[126.99564415587078,37.561316969908034],[126.9956588814925,37.56142310649775],[126.9957305003044,37.561441941472786],[126.9958729460653,37.561476547905826],[126.99590412902035,37.56145880045034],[126.99594660809906,37.561433485417496],[126.9959508903472,37.56137966886848],[126.99574299502767,37.561330058312286],[126.99515006434277,37.56118490144989],[126.99517245811937,37.561277476425296],[126.9951777047624,37.561299167153884],[126.99522696224803,37.56131117676667],[126.99525813152478,37.56131694510842],[126.99525973043002,37.5613173164362],[126.99525973864786,37.56131731461685],[126.99527221881256,37.5613202167218],[126.99528102736609,37.56132226240781],[126.99535150289182,37.56134082724335],[126.99542402692704,37.56136029315071],[126.99552642997813,37.56138642818388]]]}},{"type":"Feature","id":284,"properties":{"model_ref_id":284,"source_type":"MODEL_REFERENCE","model_use":"역세권활성화 간선가로형","reference_name":"노선형 상업지역 판정용 참조도형"},"geometry":{"type":"Polygon","coordinates":[[[126.99616785289304,37.561439724280376],[126.99617117839936,37.561432231333576],[126.99611104958473,37.561417882962964],[126.9961110485716,37.561417882721244],[126.99610660645416,37.56148756284011],[126.996116869823,37.5614999417623],[126.9961446232802,37.56149356560466],[126.99616785289304,37.561439724280376]]]}},{"type":"Feature","id":285,"properties":{"model_ref_id":285,"source_type":"MODEL_REFERENCE","model_use":"역세권활성화 간선가로형","reference_name":"노선형 상업지역 판정용 참조도형"},"geometry":{"type":"Polygon","coordinates":[[[126.99635851746424,37.561597032362755],[126.99645013231718,37.56161652201977],[126.99647944561008,37.561622740426245],[126.99649700416478,37.561574628968046],[126.99651492127073,37.56156787259497],[126.99649423365582,37.561509320485456],[126.99622942385763,37.56144613024962],[126.99623231752824,37.56147292919581],[126.99619987926685,37.561480531609135],[126.99617699001266,37.56152557937594],[126.9961710117982,37.56155035603023],[126.99619062535918,37.56155519151001],[126.99623411996852,37.56156587459088],[126.9962921543936,37.56158022217005],[126.99631832458968,37.561586674073894],[126.99632166217563,37.561587534443014],[126.99635842364079,37.56159681239479],[126.99635851746424,37.561597032362755]]]}},{"type":"Feature","id":286,"properties":{"model_ref_id":286,"source_type":"MODEL_REFERENCE","model_use":"역세권활성화 간선가로형","reference_name":"노선형 상업지역 판정용 참조도형"},"geometry":{"type":"Polygon","coordinates":[[[126.99671394151082,37.561664198382125],[126.99672040788107,37.56156268406302],[126.996694756231,37.56155716971671],[126.99651937154076,37.561515318976596],[126.99652435260907,37.561529031786655],[126.99654078248935,37.561574631384666],[126.99651940185579,37.56158364002522],[126.99650082507905,37.56162724652099],[126.99651361429596,37.561629769977465],[126.99663450055289,37.56165572487183],[126.99665074172754,37.56165905938425],[126.99666671123873,37.56166275427254],[126.9966803379601,37.56166581834523],[126.99671459717607,37.561673478530416],[126.99671394151082,37.561664198382125]]]}},{"type":"Feature","id":287,"properties":{"model_ref_id":287,"source_type":"MODEL_REFERENCE","model_use":"역세권활성화 간선가로형","reference_name":"노선형 상업지역 판정용 참조도형"},"geometry":{"type":"Polygon","coordinates":[[[126.997205997656,37.561782171240935],[126.99726350396739,37.56179514820529],[126.99737197488874,37.56181966016535],[126.99733325975669,37.56169635911625],[126.99720022430746,37.561665846089454],[126.99675968685693,37.56157112939571],[126.99675968362097,37.561571128699946],[126.99675446635176,37.5615918517012],[126.99675847792024,37.56166753439153],[126.99675986876825,37.561682761058904],[126.99676621807556,37.561684473261835],[126.99690223646613,37.561714573201066],[126.99691661017171,37.561717997678016],[126.99694647811535,37.56172439619359],[126.99701034141597,37.56173869458614],[126.99708053863253,37.56175432463968],[126.997205997656,37.561782171240935]]]}},{"type":"Feature","id":288,"properties":{"model_ref_id":288,"source_type":"MODEL_REFERENCE","model_use":"역세권활성화 간선가로형","reference_name":"노선형 상업지역 판정용 참조도형"},"geometry":{"type":"Polygon","coordinates":[[[126.99741217342253,37.5617144562387],[126.99741217123675,37.56171445573742],[126.99741770699808,37.56172743784873],[126.99744895295612,37.56177187575647],[126.99746071165076,37.561782868290884],[126.99746584971683,37.5617876437372],[126.9974837772219,37.561792780178195],[126.99753381384664,37.56180288252731],[126.99759104929117,37.561806308911976],[126.99761467037537,37.56180378724992],[126.99758039267375,37.56175304032747],[126.99741217342253,37.5617144562387]]]}},{"type":"Feature","id":289,"properties":{"model_ref_id":289,"source_type":"MODEL_REFERENCE","model_use":"역세권활성화 간선가로형","reference_name":"노선형 상업지역 판정용 참조도형"},"geometry":{"type":"Polygon","coordinates":[[[126.99764944795464,37.56176887930811],[126.9976654785978,37.561786851113524],[126.99768540350422,37.56177712629459],[126.99764944795464,37.56176887930811]]]}},{"type":"Feature","id":290,"properties":{"model_ref_id":290,"source_type":"MODEL_REFERENCE","model_use":"역세권활성화 간선가로형","reference_name":"노선형 상업지역 판정용 참조도형"},"geometry":{"type":"Polygon","coordinates":[[[126.99760565226661,37.56185666940391],[126.99759920610641,37.561855079434835],[126.99755112605166,37.56186435732368],[126.99759931802213,37.561876188616786],[126.99760565226661,37.56185666940391]]]}},{"type":"Feature","id":291,"properties":{"model_ref_id":291,"source_type":"MODEL_REFERENCE","model_use":"역세권활성화 간선가로형","reference_name":"노선형 상업지역 판정용 참조도형"},"geometry":{"type":"Polygon","coordinates":[[[126.99776061008244,37.561908064489245],[126.99774867041229,37.561894549227695],[126.99772475631195,37.56187905126675],[126.99770562910643,37.56187310392459],[126.99767659846329,37.561868327406515],[126.99765839936326,37.56186219990247],[126.99765586623184,37.56186624628821],[126.99764922981218,37.561888210829906],[126.99766745172022,37.56189202281308],[126.99774918922107,37.56191084644318],[126.99774351984911,37.56190608156429],[126.99776061008244,37.561908064489245]]]}},{"type":"Feature","id":292,"properties":{"model_ref_id":292,"source_type":"MODEL_REFERENCE","model_use":"역세권활성화 간선가로형","reference_name":"노선형 상업지역 판정용 참조도형"},"geometry":{"type":"Polygon","coordinates":[[[126.9979588777067,37.561957365898095],[126.9980011275782,37.56196819750903],[126.99800962768695,37.561965404827596],[126.99801186829683,37.56197108110845],[126.99807983250159,37.56198938292198],[126.9980942968233,37.56199334784836],[126.99815134839824,37.56200694910761],[126.99815043401053,37.56200548640991],[126.9982135429417,37.56202152648102],[126.99824079660256,37.56202828495477],[126.99829241987925,37.562009186226035],[126.99823437527301,37.56191135361656],[126.99806162978294,37.561866515265145],[126.99795887436345,37.561839850838155],[126.99770968707672,37.561782696117206],[126.99767752031815,37.5617973030501],[126.99766956199193,37.56182091742269],[126.99767964623243,37.561823710924344],[126.99773920045835,37.56184768873809],[126.9977714104557,37.561867151386494],[126.9978050006946,37.561895002228034],[126.99783467452825,37.561927988483816],[126.99786567448425,37.56193385523723],[126.99786818709089,37.561934125641805],[126.9979588777067,37.561957365898095]]]}},{"type":"Feature","id":293,"properties":{"model_ref_id":293,"source_type":"MODEL_REFERENCE","model_use":"역세권활성화 간선가로형","reference_name":"노선형 상업지역 판정용 참조도형"},"geometry":{"type":"Polygon","coordinates":[[[126.99834460866937,37.56199594387892],[126.99835254198149,37.562007206466596],[126.99837299378201,37.562008558748936],[126.99839110370085,37.56199423385207],[126.99839421280868,37.56195284126574],[126.99839420857167,37.56195284016659],[126.99826994920979,37.561920587259046],[126.99832482402475,37.56200441232007],[126.99834460866937,37.56199594387892]]]}},{"type":"Feature","id":294,"properties":{"model_ref_id":294,"source_type":"MODEL_REFERENCE","model_use":"역세권활성화 간선가로형","reference_name":"노선형 상업지역 판정용 참조도형"},"geometry":{"type":"Polygon","coordinates":[[[126.9983428293699,37.56203342465153],[126.99833807619508,37.562026306706166],[126.99829942383067,37.56204045057604],[126.9983269605677,37.562045497175795],[126.9983428293699,37.56203342465153]]]}},{"type":"Feature","id":295,"properties":{"model_ref_id":295,"source_type":"MODEL_REFERENCE","model_use":"역세권활성화 간선가로형","reference_name":"노선형 상업지역 판정용 참조도형"},"geometry":{"type":"Polygon","coordinates":[[[126.99874779904006,37.5621198532214],[126.99876142584758,37.56212435862458],[126.99877739624965,37.56211598007109],[126.99877739626552,37.56211598007481],[126.99877839227742,37.56211545753758],[126.99913010703631,37.5621978005437],[126.99920167896447,37.562138158767105],[126.99922651206018,37.56211761718621],[126.99922720038626,37.562117035961705],[126.99922455408094,37.562116391787775],[126.9991834583098,37.56210732657685],[126.99860574238896,37.56198873620242],[126.99860574188081,37.56198873611391],[126.99862009069085,37.56202208297787],[126.99863036612372,37.56204659006697],[126.99863540279549,37.56204496848758],[126.99864641388471,37.56207001619168],[126.99865994865036,37.56209984820159],[126.99867808233894,37.56211170402889],[126.99874031753026,37.56212343885691],[126.99874056217423,37.562123489788185],[126.99874779904006,37.5621198532214]]]}},{"type":"Feature","id":296,"properties":{"model_ref_id":296,"source_type":"MODEL_REFERENCE","model_use":"역세권활성화 간선가로형","reference_name":"노선형 상업지역 판정용 참조도형"},"geometry":{"type":"Polygon","coordinates":[[[126.99916464558977,37.562205886599],[126.99926511847639,37.56222940892138],[126.99934696478479,37.56224844356722],[126.99953689311813,37.56229206587767],[127.00006685773636,37.56241659501716],[127.00004949724381,37.56231719924361],[127.00004949390465,37.56231719843096],[126.999261864383,37.56212547399993],[126.9992369685941,37.56214608854787],[126.99916464558977,37.562205886599]]]}},{"type":"Feature","id":297,"properties":{"model_ref_id":297,"source_type":"MODEL_REFERENCE","model_use":"역세권활성화 간선가로형","reference_name":"노선형 상업지역 판정용 참조도형"},"geometry":{"type":"Polygon","coordinates":[[[126.97328082336605,37.56996506105002],[126.97339895098393,37.56996493759504],[126.97345244167562,37.56996559419639],[126.97347088510014,37.56996577552246],[126.97347429348781,37.569965761777674],[126.9735634454332,37.56996348314444],[126.97388990727099,37.56996470914301],[126.97389093515244,37.569964708686385],[126.97389738717936,37.56996471027891],[126.97420784267685,37.56996528203058],[126.9742090311942,37.56996531836001],[126.97421240464391,37.56996458037958],[126.9742189931208,37.5699629782425],[126.97422051005883,37.56996260020091],[126.97422585363645,37.56996040311245],[126.97423377825329,37.56995761200625],[126.97425777956164,37.56994644570024],[126.97427329080276,37.56993671889018],[126.97428585897684,37.5699270814595],[126.97429525904847,37.56991401953019],[126.97430443352597,37.56989888528995],[126.97430794611866,37.56988951594699],[126.97431032701935,37.56987951564214],[126.97431101278765,37.56986230708039],[126.97429642689653,37.569762088332325],[126.97420014581623,37.56984999968974],[126.97355133085357,37.569853046934035],[126.97348343874557,37.5698527957048],[126.9732885207762,37.56985056728285],[126.97320475962051,37.56984585113928],[126.97309393159559,37.56984704841831],[126.97303081551662,37.56984580706138],[126.97296461895826,37.56984579021963],[126.97288765998353,37.56984577059312],[126.9728045416676,37.569846974673005],[126.97272755828573,37.569845729602335],[126.97271967248,37.569845589021355],[126.97272026140158,37.569891515560556],[126.97272634490226,37.569907068046675],[126.97273299671203,37.56991684539303],[126.97275209648865,37.56993479782607],[126.97277092712915,37.56994652441145],[126.97280696085599,37.569964003655485],[126.97282491680889,37.56996403297442],[126.97287259154432,37.56996403846067],[126.97291493985878,37.56996417296282],[126.97296151511624,37.569964241341445],[126.97297291570267,37.56996425920491],[126.97297670681282,37.56996423710138],[126.97299180564909,37.56996428880095],[126.97304390858721,37.56996437041818],[126.97311361828274,37.56996465893225],[126.97312064231382,37.5699646781996],[126.97313190549771,37.56996467958793],[126.97325852330651,37.56996459592776],[126.9732748099991,37.56996495939917],[126.97328082336605,37.56996506105002]]]}},{"type":"Feature","id":298,"properties":{"model_ref_id":298,"source_type":"MODEL_REFERENCE","model_use":"역세권활성화 간선가로형","reference_name":"노선형 상업지역 판정용 참조도형"},"geometry":{"type":"Polygon","coordinates":[[[126.97248807730872,37.57419214061125],[126.97248795175997,37.574499518867206],[126.97248769573977,37.5751263124185],[126.97248767379473,37.575180037834336],[126.97262892924475,37.57497826384726],[126.97262963488268,37.574977255700226],[126.97262804256117,37.57462545795346],[126.97262762093361,37.574548784462074],[126.9726274204689,37.5744849950383],[126.9726271007598,37.57443607175062],[126.97262635671508,37.57431714221824],[126.9726257466513,37.574258470252126],[126.97250027023848,37.57418894528699],[126.97248807730872,37.57419214061125]]]}},{"type":"Feature","id":299,"properties":{"model_ref_id":299,"source_type":"MODEL_REFERENCE","model_use":"역세권활성화 간선가로형","reference_name":"노선형 상업지역 판정용 참조도형"},"geometry":{"type":"Polygon","coordinates":[[[126.99928804840185,37.57612993247399],[126.99929686330343,37.57602689661135],[126.99929686073365,37.57602689672228],[126.99917534927039,37.57602193742126],[126.99898645947539,37.576019606562745],[126.99885620863654,37.576017602747235],[126.99858198711878,37.57600860904773],[126.99857829401547,37.57605385610599],[126.99858256163866,37.57605583842229],[126.99857901738682,37.57607274066651],[126.99856929030426,37.57612243833531],[126.99856880018157,37.57612421517687],[126.99880554534707,37.576127943017035],[126.99928804834613,37.576129933374744],[126.99928804840185,37.57612993247399]]]}},{"type":"Feature","id":300,"properties":{"model_ref_id":300,"source_type":"MODEL_REFERENCE","model_use":"역세권활성화 간선가로형","reference_name":"노선형 상업지역 판정용 참조도형"},"geometry":{"type":"Polygon","coordinates":[[[126.99768729187788,37.57614383596212],[126.99771800813726,37.57609882440795],[126.99775684682545,37.57609945683739],[126.9977975317712,37.5761012317782],[126.99782138351975,37.57610227076308],[126.99837195641572,37.57612111527098],[126.99853158683148,37.57612362916426],[126.99854584903916,37.57607194654706],[126.99846977872497,37.57604068864447],[126.99841612165415,37.57602462208906],[126.99840990629558,37.57603324422079],[126.99838891851559,37.576033369533334],[126.99835762936557,37.57603235019008],[126.99835258235825,37.5760031222102],[126.99798468568869,37.57599587217014],[126.9979579245903,37.575995934090244],[126.99784525430671,37.575992154083714],[126.9977530846346,37.575993870864984],[126.99767883505984,37.57599376841021],[126.99763496577728,37.576039130735865],[126.99761959153645,37.57605733882979],[126.99756342745751,37.576115043984395],[126.99751384093337,37.57616523524961],[126.99755608824444,37.576165156130656],[126.99760682568117,37.57616629370991],[126.99766805795306,37.57616756943304],[126.99768729187788,37.57614383596212]]]}},{"type":"Feature","id":301,"properties":{"model_ref_id":301,"source_type":"MODEL_REFERENCE","model_use":"역세권활성화 간선가로형","reference_name":"노선형 상업지역 판정용 참조도형"},"geometry":{"type":"Polygon","coordinates":[[[126.9993408012345,37.576123311937494],[126.99930282143168,37.576128644541434],[126.99930289011996,37.57613107310683],[126.99954884408092,37.57614996023687],[126.9996807359687,37.57616197590398],[126.99970057071911,37.57613017010107],[126.99970615182713,37.576125458135245],[126.99974202797839,37.57607586021342],[126.99974657959365,37.57605618294508],[126.99962572486115,37.57604612458113],[126.99958296840502,37.57604192477249],[126.99956542201367,37.57604144673847],[126.99944142032165,37.57603084750544],[126.99938363045625,37.57602904467252],[126.99931018471369,37.576026321417764],[126.99931018452844,37.57602632142576],[126.99930642546575,37.576044763451314],[126.99930196437992,37.57606279191283],[126.9993003561132,37.576078568015426],[126.99930409081755,37.57609830859738],[126.9993408012345,37.576123311937494]]]}},{"type":"Feature","id":302,"properties":{"model_ref_id":302,"source_type":"MODEL_REFERENCE","model_use":"역세권활성화 간선가로형","reference_name":"노선형 상업지역 판정용 참조도형"},"geometry":{"type":"Polygon","coordinates":[[[126.99994872387528,37.576098822764095],[126.99996636157294,37.57608156946429],[126.99997421827112,37.57607110028501],[126.99983263609323,37.576060501005365],[126.99981630096167,37.5760600951199],[126.99977912528246,37.576058120954194],[126.99976992190359,37.57605812069978],[126.99977237772458,37.57607363563711],[126.99973671679872,37.576120539645096],[126.9997082216654,37.57616448078678],[126.99983549517256,37.57617607965102],[126.99994971757175,37.576186488107815],[127.00025434227553,37.57621474830372],[127.00025809150696,37.57621115558388],[127.00021241530786,37.57617989951653],[127.00020143494491,37.57617156519171],[127.00014800439442,37.57614047108899],[127.00007708495782,37.57608670787701],[127.00006482539774,37.576079256467295],[127.00000996756539,37.57607411948914],[126.99998059037063,37.576100778719436],[126.99996511516987,37.576110121476454],[126.99994872387528,37.576098822764095]]]}},{"type":"Feature","id":303,"properties":{"model_ref_id":303,"source_type":"MODEL_REFERENCE","model_use":"역세권활성화 간선가로형","reference_name":"노선형 상업지역 판정용 참조도형"},"geometry":{"type":"Polygon","coordinates":[[[126.99755991744797,37.57643402664092],[126.99758807313542,37.57626626554373],[126.99765006118676,37.57618977631054],[126.99761860860602,37.57618689064547],[126.99753980829836,37.5761838687203],[126.99750658303786,37.57618676832271],[126.99749216474166,37.57628883962637],[126.99746741614366,37.57647322393403],[126.99746610252336,37.57647942261152],[126.99744032714567,37.57661703701062],[126.99743486933583,37.57663571405781],[126.99743250215433,37.57665208474382],[126.99742033952667,37.576712819196636],[126.99743376535112,37.57671458575459],[126.99748152516942,37.57672557996239],[126.99750829363887,37.57673493988639],[126.99751635611304,37.5766891108458],[126.99753289529151,37.57659512954055],[126.99755991744797,37.57643402664092]]]}},{"type":"Feature","id":304,"properties":{"model_ref_id":304,"source_type":"MODEL_REFERENCE","model_use":"역세권활성화 간선가로형","reference_name":"노선형 상업지역 판정용 참조도형"},"geometry":{"type":"Polygon","coordinates":[[[126.99747874653337,37.57691424719943],[126.99749826308049,37.576791955910934],[126.99750402441164,37.57675920717687],[126.99750300865827,37.57676035878149],[126.99744433700796,37.57673554303994],[126.99741624014335,37.57673157739545],[126.99738798653871,37.57685439757548],[126.99737145392696,37.576918312269605],[126.99742361841123,37.57691719754721],[126.99747874653337,37.57691424719943]]]}},{"type":"Feature","id":305,"properties":{"model_ref_id":305,"source_type":"MODEL_REFERENCE","model_use":"역세권활성화 간선가로형","reference_name":"노선형 상업지역 판정용 참조도형"},"geometry":{"type":"Polygon","coordinates":[[[126.99782305040009,37.581906216558394],[126.9977815122405,37.58191821575281],[126.9977293885423,37.581933629166386],[126.99778327406811,37.58197901387579],[126.99781179045112,37.582002377519956],[126.99789580005569,37.58207204488357],[126.99795750847787,37.582121024757896],[126.99795756539733,37.582121070367954],[126.99796183293826,37.58212445767279],[126.99801486284854,37.58206815372781],[126.99797159804187,37.58203236905856],[126.99782305040009,37.581906216558394]]]}},{"type":"Feature","id":306,"properties":{"model_ref_id":306,"source_type":"MODEL_REFERENCE","model_use":"역세권활성화 간선가로형","reference_name":"노선형 상업지역 판정용 참조도형"},"geometry":{"type":"Polygon","coordinates":[[[126.9986794512152,37.58267003793833],[126.9987965439646,37.582725533476484],[126.99885962565928,37.58275419585571],[126.99850242110558,37.58247364495659],[126.99818636050108,37.58220999702173],[126.99804587733232,37.58209380583876],[126.99799262490133,37.5821491638288],[126.9982627793454,37.58237566308679],[126.99852616559491,37.58259748538027],[126.9986794512152,37.58267003793833]]]}},{"type":"Feature","id":307,"properties":{"model_ref_id":307,"source_type":"MODEL_REFERENCE","model_use":"역세권활성화 간선가로형","reference_name":"노선형 상업지역 판정용 참조도형"},"geometry":{"type":"Polygon","coordinates":[[[126.99771615984648,37.58233017632579],[126.99768647731075,37.58231100967902],[126.99768239672395,37.58232284990418],[126.99768114358045,37.58232649874899],[126.99767669362721,37.582336463371036],[126.99767667490964,37.58233646633525],[126.9976529350767,37.58238964591601],[126.99792058786969,37.58261644882114],[126.99799911900207,37.582548396762945],[126.99795130069623,37.582509274219625],[126.99790373151879,37.582469989491344],[126.99787835077754,37.58244856311244],[126.9978253477973,37.582404818270206],[126.99781009893523,37.58239287962863],[126.99777773315826,37.58236993116532],[126.99777773031984,37.582369928832335],[126.99773336686646,37.582347547968965],[126.9977326314672,37.58234078158613],[126.99771623725869,37.582330164033195],[126.99771615984648,37.58233017632579]]]}},{"type":"Feature","id":308,"properties":{"model_ref_id":308,"source_type":"MODEL_REFERENCE","model_use":"역세권활성화 간선가로형","reference_name":"노선형 상업지역 판정용 참조도형"},"geometry":{"type":"Polygon","coordinates":[[[126.99822779574008,37.58274343303593],[126.99820924112318,37.58272852018145],[126.99815825282978,37.58268642436399],[126.99811702305622,37.582651455672334],[126.9980294016738,37.58257342723813],[126.99801283767296,37.582588364759864],[126.99795747319654,37.582640249749055],[126.99795329573827,37.582644164590455],[126.99837616309303,37.58300248835143],[126.9983787134542,37.5830046493304],[126.99838060558936,37.58300232544966],[126.99839245936903,37.5829965776735],[126.99840506070291,37.582985198809446],[126.99840811763005,37.58298243292519],[126.99840903470584,37.582981640099995],[126.99841969995892,37.582972378458074],[126.99842566589331,37.582978847717456],[126.99848919069994,37.582964101163284],[126.99837628931637,37.582866457710026],[126.99836339509818,37.5828545832033],[126.99822779574008,37.58274343303593]]]}},{"type":"Feature","id":309,"properties":{"model_ref_id":309,"source_type":"MODEL_REFERENCE","model_use":"역세권활성화 간선가로형","reference_name":"노선형 상업지역 판정용 참조도형"},"geometry":{"type":"Polygon","coordinates":[[[126.9985313958408,37.583144766383064],[126.99853663911625,37.58313908202795],[126.99856558951198,37.5831102247855],[126.99859366811971,37.5830817549238],[126.9985892885616,37.583054402111415],[126.99858928839161,37.58305440195087],[126.9985499374808,37.58302063989365],[126.99852422809433,37.582998465830904],[126.99851159419242,37.58298704994865],[126.99846904824432,37.58299415703045],[126.99841602819986,37.5830314644887],[126.99841181890534,37.583035011116905],[126.9985313958408,37.583144766383064]]]}},{"type":"Feature","id":310,"properties":{"model_ref_id":310,"source_type":"MODEL_REFERENCE","model_use":"역세권활성화 간선가로형","reference_name":"노선형 상업지역 판정용 참조도형"},"geometry":{"type":"Polygon","coordinates":[[[126.99903511117179,37.58305086715452],[126.99907762071275,37.583089475519515],[126.99909353772362,37.58310434219859],[126.99917570411485,37.58317916217401],[126.99926770846041,37.5832633165435],[126.99936591689612,37.583352138101965],[126.99941748346161,37.58339944106662],[126.99942827354036,37.58338280933386],[126.99945087238102,37.58335425801382],[126.99947447894202,37.583322859627636],[126.99947829911484,37.5833172736184],[126.9992667417478,37.58312604342282],[126.99921172341134,37.58308227211421],[126.99914134105563,37.58301509285044],[126.9990782289546,37.58295581537015],[126.9990009308162,37.58288562652051],[126.99897161748791,37.58291032133727],[126.9989651865475,37.582918366854265],[126.99893306670138,37.58294343570852],[126.99893315689881,37.58294876476199],[126.99892987173261,37.582945929312075],[126.99892449601992,37.58295012493811],[126.99893332620255,37.582958161974375],[126.99903511117179,37.58305086715452]]]}},{"type":"Feature","id":311,"properties":{"model_ref_id":311,"source_type":"MODEL_REFERENCE","model_use":"역세권활성화 간선가로형","reference_name":"노선형 상업지역 판정용 참조도형"},"geometry":{"type":"Polygon","coordinates":[[[126.99870921172938,37.58331028341335],[126.99872456610075,37.58332413111425],[126.9988415189818,37.58342960477512],[126.9990940741293,37.58366661677421],[126.999098278867,37.583670686649306],[126.99914917738565,37.583630092034475],[126.99918211267531,37.58360504591345],[126.9990884325576,37.5835186389799],[126.99901198294164,37.58344826997698],[126.99899229604638,37.5834298172642],[126.9988528917341,37.58330073822264],[126.99882676339989,37.5832762766275],[126.99871315960127,37.58317136167869],[126.99870224590829,37.5831699016931],[126.9986796023799,37.583184253447335],[126.99865211277265,37.583207677871066],[126.99864425524267,37.58321639004126],[126.99862755436254,37.583233842533026],[126.99870921172938,37.58331028341335]]]}},{"type":"Feature","id":312,"properties":{"model_ref_id":312,"source_type":"MODEL_REFERENCE","model_use":"역세권활성화 간선가로형","reference_name":"노선형 상업지역 판정용 참조도형"},"geometry":{"type":"Polygon","coordinates":[[[126.99951932619936,37.58349298373411],[126.99958890453267,37.58355712644613],[126.99960491376402,37.58354045881091],[126.99964896451061,37.58347621827333],[126.99952161954371,37.58335643150081],[126.99950200222099,37.58333869916233],[126.9994765032949,37.58336845821128],[126.99943567612239,37.58341600160811],[126.99951932619936,37.58349298373411]]]}},{"type":"Feature","id":313,"properties":{"model_ref_id":313,"source_type":"MODEL_REFERENCE","model_use":"역세권활성화 간선가로형","reference_name":"노선형 상업지역 판정용 참조도형"},"geometry":{"type":"Polygon","coordinates":[[[126.99937306248177,37.583777337097764],[126.99936297550761,37.58376865135192],[126.99934879038874,37.58375565880019],[126.99931866539694,37.583728610481685],[126.99924158131256,37.58365898041227],[126.99920901110147,37.58362941825672],[126.99918846198595,37.58364391433194],[126.99912877317692,37.583687808040935],[126.99913336950905,37.58369098864704],[126.99912568687789,37.583697215561926],[126.99928564591042,37.583852043483475],[126.99928568126035,37.5838520777018],[126.99930789359237,37.5838313126748],[126.99934329699504,37.58380620351917],[126.99937306248177,37.583777337097764]]]}},{"type":"Feature","id":314,"properties":{"model_ref_id":314,"source_type":"MODEL_REFERENCE","model_use":"역세권활성화 간선가로형","reference_name":"노선형 상업지역 판정용 참조도형"},"geometry":{"type":"Polygon","coordinates":[[[127.00006785005921,37.584005493373986],[127.00012462497375,37.58406373403327],[127.00020654404379,37.58414738286121],[127.00029403877046,37.584095607932504],[127.00013644993857,37.58392619095998],[126.99978152500209,37.583600910461705],[126.99967973471334,37.58350516212054],[126.99966708049719,37.58352017056722],[126.99961501056241,37.58358178698703],[126.99968577787924,37.583644370982704],[126.99975283198458,37.58370472040545],[126.99976799073987,37.5837192445991],[126.99983721845801,37.583785126040986],[126.99993463558043,37.58387812763693],[127.00000227863931,37.583942738559024],[127.00006785005921,37.584005493373986]]]}},{"type":"Feature","id":315,"properties":{"model_ref_id":315,"source_type":"MODEL_REFERENCE","model_use":"역세권활성화 간선가로형","reference_name":"노선형 상업지역 판정용 참조도형"},"geometry":{"type":"Polygon","coordinates":[[[126.99977917433557,37.584284023226],[126.99982493903588,37.58420499110399],[126.99980490113829,37.58418409642181],[126.99978678747387,37.58416720257953],[126.99972773701198,37.58411151146387],[126.99965470518912,37.584043026925855],[126.99959168126568,37.58398347853845],[126.99947362625741,37.58387291597019],[126.99941105527466,37.58381758497838],[126.99939467380212,37.583804105836386],[126.9993356070787,37.583859856544194],[126.99931449157224,37.58387996571859],[126.99933008160927,37.58389481433387],[126.99972831966738,37.58427401194128],[126.99976270021338,37.58431022121107],[126.99977917433557,37.584284023226]]]}},{"type":"Feature","id":316,"properties":{"model_ref_id":316,"source_type":"MODEL_REFERENCE","model_use":"역세권활성화 간선가로형","reference_name":"노선형 상업지역 판정용 참조도형"},"geometry":{"type":"Polygon","coordinates":[[[126.99981121305981,37.584361312319515],[126.999908572852,37.584463843987756],[127.00008213505124,37.584644948267865],[127.00008514661222,37.58464600833542],[127.00011748090076,37.5846489192999],[127.0001596189046,37.584671751125434],[127.00019213418356,37.584679094887136],[127.00021443698076,37.58469774567372],[127.00022571306694,37.58470318785191],[127.00026863240134,37.5847239203775],[127.0003068083722,37.58473489518278],[127.00020939019561,37.58462801884147],[127.00014655815494,37.58455939070123],[127.00010298337101,37.58451134856017],[127.00005808406858,37.58446215401789],[127.00004722719791,37.584449963506316],[127.00000623372297,37.584405075719246],[126.99996790074941,37.5843627828045],[126.99989267267388,37.58428035031335],[126.99987084581169,37.58425634766587],[126.99986664572742,37.58425172553406],[126.9998548024324,37.58427511461375],[126.99984978615437,37.58429499006117],[126.99981121305981,37.584361312319515]]]}},{"type":"Feature","id":317,"properties":{"model_ref_id":317,"source_type":"MODEL_REFERENCE","model_use":"역세권활성화 간선가로형","reference_name":"노선형 상업지역 판정용 참조도형"},"geometry":{"type":"Polygon","coordinates":[[[127.00014869302645,37.58468623858967],[127.00010826173647,37.58467221017995],[127.00018517950848,37.58475246994531],[127.00027713416543,37.584744048431894],[127.00023315054928,37.584724361018985],[127.00021330432426,37.58471094497876],[127.00019301634951,37.58470318706827],[127.00014869302645,37.58468623858967]]]}},{"type":"Feature","id":318,"properties":{"model_ref_id":318,"source_type":"MODEL_REFERENCE","model_use":"역세권활성화 간선가로형","reference_name":"노선형 상업지역 판정용 참조도형"},"geometry":{"type":"Polygon","coordinates":[[[127.00032565007153,37.584755831193725],[127.00032551086828,37.58475580732038],[127.00029696932927,37.584750914348824],[127.00032565123323,37.584755832484525],[127.00032565007153,37.584755831193725]]]}},{"type":"Feature","id":319,"properties":{"model_ref_id":319,"source_type":"MODEL_REFERENCE","model_use":"역세권활성화 간선가로형","reference_name":"노선형 상업지역 판정용 참조도형"},"geometry":{"type":"Polygon","coordinates":[[[127.00024703420696,37.56248499399667],[127.0003359040837,37.56250580874131],[127.00041226747281,37.562523830098264],[127.00057648227863,37.56256239565266],[127.00056334862164,37.56244227257448],[127.00010929901251,37.562331752949746],[127.00011746694639,37.56239091935983],[127.00012885049334,37.56245688051457],[127.00024703420696,37.56248499399667]]]}},{"type":"Feature","id":320,"properties":{"model_ref_id":320,"source_type":"MODEL_REFERENCE","model_use":"역세권활성화 간선가로형","reference_name":"노선형 상업지역 판정용 참조도형"},"geometry":{"type":"Polygon","coordinates":[[[127.00089771403664,37.56263818348271],[127.0009276732163,37.562645211679104],[127.00095605918116,37.562651699251184],[127.00110635230573,37.5626866596874],[127.00109500106576,37.56256932505907],[127.0007883954103,37.56249705167367],[127.00063069125184,37.562458666210624],[127.00063374368236,37.56248479527539],[127.00064116639884,37.5625482876091],[127.00064462882914,37.56257789393887],[127.00066389231672,37.56258228210864],[127.00074470391652,37.562600690761826],[127.00076517524572,37.562605885985],[127.00078290266111,37.562610377050795],[127.00078839196289,37.562611773677126],[127.00080329825828,37.56261556084893],[127.00083488692358,37.562623577413994],[127.00089771403664,37.56263818348271]]]}},{"type":"Feature","id":321,"properties":{"model_ref_id":321,"source_type":"MODEL_REFERENCE","model_use":"역세권활성화 간선가로형","reference_name":"노선형 상업지역 판정용 참조도형"},"geometry":{"type":"Polygon","coordinates":[[[127.00126758070019,37.56272522443827],[127.00137594265937,37.56275000678453],[127.00151469200455,37.56272956160513],[127.00166222721208,37.56270302697251],[127.00125404834414,37.56260681549153],[127.00126758070019,37.56272522443827]]]}},{"type":"Feature","id":322,"properties":{"model_ref_id":322,"source_type":"MODEL_REFERENCE","model_use":"역세권활성화 간선가로형","reference_name":"노선형 상업지역 판정용 참조도형"},"geometry":{"type":"Polygon","coordinates":[[[127.00184795590219,37.56285840581401],[127.00185340540878,37.562859680837285],[127.00197463480727,37.562887844419876],[127.00201011226821,37.56289606837013],[127.00203923420749,37.56289525773633],[127.00208003667301,37.56288940169327],[127.0021135502015,37.562880392143406],[127.00213772615345,37.56287075182607],[127.00217273381178,37.562850209705196],[127.00219532525453,37.56283471298346],[127.00223042344084,37.5628128193735],[127.00225628584212,37.5627969532598],[127.00229307033565,37.56278289818294],[127.0023467531514,37.56274974238261],[127.00237260435267,37.56271532502992],[127.00239865936852,37.562668023634004],[127.00240187521676,37.56262621809975],[127.00226535466301,37.562626217286244],[127.00226208332681,37.56266153574808],[127.00203746994251,37.56279147364113],[127.00178327133288,37.56273155785637],[127.0017512432713,37.56274181776945],[127.00170289143324,37.56275614284197],[127.00155016661598,37.562789820263625],[127.00171865648989,37.56282849184901],[127.00184795590219,37.56285840581401]]]}},{"type":"Feature","id":323,"properties":{"model_ref_id":323,"source_type":"MODEL_REFERENCE","model_use":"역세권활성화 간선가로형","reference_name":"노선형 상업지역 판정용 참조도형"},"geometry":{"type":"Polygon","coordinates":[[[127.0104377015975,37.56433745458535],[127.01043769728095,37.56433745649113],[127.01040611601609,37.5643495206848],[127.01043770294008,37.56433745558981],[127.0104377015975,37.56433745458535]]]}},{"type":"Feature","id":324,"properties":{"model_ref_id":324,"source_type":"MODEL_REFERENCE","model_use":"역세권활성화 간선가로형","reference_name":"노선형 상업지역 판정용 참조도형"},"geometry":{"type":"Polygon","coordinates":[[[127.01235343107203,37.56468360394921],[127.01235343087616,37.56468360498929],[127.0124093550883,37.56467774418464],[127.01248291364357,37.56467233243489],[127.01249486592599,37.56467152059491],[127.01258364924594,37.56467655894627],[127.0127628845578,37.564688804874564],[127.01276286594641,37.56468880264751],[127.01258364811396,37.564676558045406],[127.012494864794,37.56467151969403],[127.0124829125116,37.564672331534],[127.01240935395634,37.56467774328373],[127.01235343107203,37.56468360394921]]]}},{"type":"Feature","id":325,"properties":{"model_ref_id":325,"source_type":"MODEL_REFERENCE","model_use":"역세권활성화 간선가로형","reference_name":"노선형 상업지역 판정용 참조도형"},"geometry":{"type":"Polygon","coordinates":[[[127.01235380282256,37.56468162289244],[127.0123538030095,37.56468162189982],[127.01225781369274,37.56468829777315],[127.0122578191511,37.56468829759735],[127.01235380282256,37.56468162289244]]]}},{"type":"Feature","id":326,"properties":{"model_ref_id":326,"source_type":"MODEL_REFERENCE","model_use":"역세권활성화 간선가로형","reference_name":"노선형 상업지역 판정용 참조도형"},"geometry":{"type":"Polygon","coordinates":[[[127.012207850219,37.56468990703761],[127.01225504309939,37.56468838701124],[127.01225503819464,37.56468838701163],[127.0122078461671,37.56468990666848],[127.012207850219,37.56468990703761]]]}},{"type":"Feature","id":327,"properties":{"model_ref_id":327,"source_type":"MODEL_REFERENCE","model_use":"역세권활성화 간선가로형","reference_name":"노선형 상업지역 판정용 참조도형"},"geometry":{"type":"Polygon","coordinates":[[[127.01159227077355,37.571713351506205],[127.01160144936361,37.57171535712836],[127.01160144943552,37.57171535689669],[127.01159227077355,37.571713351506205]]]}},{"type":"Feature","id":328,"properties":{"model_ref_id":328,"source_type":"MODEL_REFERENCE","model_use":"역세권활성화 간선가로형","reference_name":"노선형 상업지역 판정용 참조도형"},"geometry":{"type":"Polygon","coordinates":[[[127.01026239763054,37.571850918054565],[127.01026266903719,37.57184817905786],[127.01027425625757,37.57180597643109],[127.01025753210648,37.57175351337171],[127.01019777465511,37.571741093393065],[127.01013697620715,37.57172823560047],[127.01013697620631,37.57172823560028],[127.01006850207145,37.57171375550803],[127.00995230399235,37.571689264715154],[127.0098858803248,37.57167463756693],[127.00988587365315,37.57167463613288],[127.00980616583395,37.5716669649101],[127.00980006455892,37.57166687516167],[127.00979234506367,37.57167213732861],[127.00977387256297,37.57168430161828],[127.00976945818289,37.57168726609527],[127.0097614482465,37.57173561315547],[127.00975569071858,37.5717710063612],[127.00984065581638,37.57178204514347],[127.01000071786075,37.571809840064944],[127.01026294135501,37.5718548733248],[127.01026239763054,37.571850918054565]]]}},{"type":"Feature","id":329,"properties":{"model_ref_id":329,"source_type":"MODEL_REFERENCE","model_use":"역세권활성화 간선가로형","reference_name":"노선형 상업지역 판정용 참조도형"},"geometry":{"type":"Polygon","coordinates":[[[127.01061499098468,37.57183235467996],[127.0106115184401,37.571831370700004],[127.01061028188364,37.571831020630256],[127.01057121783391,37.57182232168231],[127.01054882397662,37.57181733506119],[127.01048735930024,37.571803648559566],[127.01042712400371,37.57179043045872],[127.01036688216232,37.57177721237704],[127.0103701999556,37.57179118542506],[127.01037982475911,37.57182300745121],[127.01039818948637,37.571866604744315],[127.0104176835771,37.57188983209008],[127.0107302382898,37.571960448642464],[127.01076172049397,37.57187562736486],[127.01076483243429,37.57186633805441],[127.01069535202718,37.571850513258234],[127.01061499098468,37.57183235467996]]]}},{"type":"Feature","id":330,"properties":{"model_ref_id":330,"source_type":"MODEL_REFERENCE","model_use":"역세권활성화 간선가로형","reference_name":"노선형 상업지역 판정용 참조도형"},"geometry":{"type":"Polygon","coordinates":[[[127.01075925797987,37.57192567698085],[127.01075125808563,37.57195568014711],[127.01074756705076,37.57196436376041],[127.01085102361314,37.571987737824976],[127.01085200544641,37.57197951346054],[127.01086882075553,37.571925129176805],[127.0108815630718,37.57189077395272],[127.01086052170845,37.57188629012795],[127.01086052165866,37.57188629026878],[127.01078768723629,37.57187076937954],[127.01077923429774,37.57189810567606],[127.01075925797987,37.57192567698085]]]}},{"type":"Feature","id":331,"properties":{"model_ref_id":331,"source_type":"MODEL_REFERENCE","model_use":"역세권활성화 간선가로형","reference_name":"노선형 상업지역 판정용 참조도형"},"geometry":{"type":"Polygon","coordinates":[[[127.01109770115073,37.57204234786923],[127.0110978279234,37.57202511356672],[127.01109813562404,37.57193927715499],[127.01098079329819,37.571912192630116],[127.01094022280833,37.571903735147565],[127.01090300293514,37.57189522336909],[127.0108819533186,37.57194206673439],[127.01086760353728,37.571975791378655],[127.010867717599,37.571991509507264],[127.01088328327205,37.57199502626666],[127.01109770115073,37.57204234786923]]]}},{"type":"Feature","id":332,"properties":{"model_ref_id":332,"source_type":"MODEL_REFERENCE","model_use":"역세권활성화 간선가로형","reference_name":"노선형 상업지역 판정용 참조도형"},"geometry":{"type":"Polygon","coordinates":[[[127.01275290465472,37.571988436277906],[127.01274392804285,37.57198032002174],[127.01274392786762,37.57198031998597],[127.0127529044492,37.571988436214724],[127.01275290465472,37.571988436277906]]]}},{"type":"Feature","id":333,"properties":{"model_ref_id":333,"source_type":"MODEL_REFERENCE","model_use":"역세권활성화 간선가로형","reference_name":"노선형 상업지역 판정용 참조도형"},"geometry":{"type":"Polygon","coordinates":[[[127.01128715573091,37.572084159746886],[127.01134191761653,37.57209709707487],[127.01134246472398,37.572094030613265],[127.01133830978746,37.57208846284741],[127.0113362029287,37.572075840262116],[127.0113363385218,37.57207365087054],[127.01135095484776,37.57199552584348],[127.01122627706867,37.571967162687095],[127.0111366460328,37.57194826630293],[127.01112411484922,37.571945176799424],[127.01112168624904,37.571992586547886],[127.01111845549137,37.572046928287364],[127.01128715573091,37.572084159746886]]]}},{"type":"Feature","id":334,"properties":{"model_ref_id":334,"source_type":"MODEL_REFERENCE","model_use":"역세권활성화 간선가로형","reference_name":"노선형 상업지역 판정용 참조도형"},"geometry":{"type":"Polygon","coordinates":[[[127.01170215797693,37.572089193531404],[127.01170326545798,37.572073255109345],[127.01163827752474,37.57205821349068],[127.0116218636865,37.572055376597326],[127.01152465918416,37.5720328861471],[127.01138420123361,37.57200055096787],[127.01137270025015,37.57199863269236],[127.01136971362259,37.572014445106895],[127.01136902375775,37.572020139350876],[127.01136791481058,37.57202354513453],[127.01135662422035,37.572081352824256],[127.01135722495339,37.57208846151618],[127.01135828385033,37.57210096354175],[127.01193888129048,37.57223812597706],[127.01210662090803,37.57227497544255],[127.01210779667231,37.57226245760803],[127.01210884805015,37.57225129438219],[127.01212369985282,37.57216111412805],[127.01203115919886,37.572142200627844],[127.01193344501219,37.57211917897497],[127.0119202006031,37.57211588238438],[127.01191639713541,37.5721153961411],[127.01190388869865,37.57211372125776],[127.01182297372601,37.57209707719088],[127.01179362089854,37.5720891867842],[127.01178548187985,37.572087673740675],[127.01172681064918,37.572075713055106],[127.011723823066,37.572082677852315],[127.01172136745437,37.57208919212021],[127.01171281241928,37.57211190646133],[127.01170631099743,37.572175669311086],[127.01169732308053,37.57217489512759],[127.01169605493205,37.572171921985785],[127.01169582802115,37.572167453140416],[127.01170178506132,37.572094662508924],[127.01170215797693,37.572089193531404]]]}},{"type":"Feature","id":335,"properties":{"model_ref_id":335,"source_type":"MODEL_REFERENCE","model_use":"역세권활성화 간선가로형","reference_name":"노선형 상업지역 판정용 참조도형"},"geometry":{"type":"Polygon","coordinates":[[[127.01229235652276,37.572199626944226],[127.01214456287322,37.572168104127485],[127.0121351943134,37.57220210784407],[127.01212942028225,37.5722799840458],[127.01236547501327,37.57233184063089],[127.0123899910885,37.57230839459461],[127.01245339495115,37.57223604985285],[127.01233896091269,37.5722096421824],[127.01229235652276,37.572199626944226]]]}},{"type":"Feature","id":336,"properties":{"model_ref_id":336,"source_type":"MODEL_REFERENCE","model_use":"역세권활성화 간선가로형","reference_name":"노선형 상업지역 판정용 참조도형"},"geometry":{"type":"Polygon","coordinates":[[[127.0125059654265,37.572250515391474],[127.01248976880859,37.57226525672574],[127.0124520454164,37.57230619127133],[127.01241480542723,37.572342677484556],[127.01244164793927,37.5723485742095],[127.0126095601546,37.572393038970944],[127.01260994289325,37.572386527991846],[127.0125915141154,37.57238430406332],[127.01262257420943,37.57228660826078],[127.01259448857692,37.57227517709829],[127.01256754670024,37.572267340747906],[127.01254737425722,37.572261476993056],[127.01254438565518,37.57225988249871],[127.0125059654265,37.572250515391474]]]}},{"type":"Feature","id":337,"properties":{"model_ref_id":337,"source_type":"MODEL_REFERENCE","model_use":"역세권활성화 간선가로형","reference_name":"노선형 상업지역 판정용 참조도형"},"geometry":{"type":"Polygon","coordinates":[[[127.01264602977021,37.57229552605863],[127.01262748564677,37.57236466878835],[127.01264237127742,37.57236631637219],[127.01264029491195,37.572401177797175],[127.01276790447852,37.57243496979563],[127.01298703075751,37.5725039058917],[127.01298511017401,37.57245670135828],[127.0130021048536,37.57240005529978],[127.01291942226855,37.572374456390996],[127.01280378697788,37.572340490048184],[127.01272692308595,37.57231668347354],[127.01265863995975,37.572295867404286],[127.01264602977021,37.57229552605863]]]}},{"type":"Feature","id":338,"properties":{"model_ref_id":338,"source_type":"MODEL_REFERENCE","model_use":"역세권활성화 간선가로형","reference_name":"노선형 상업지역 판정용 참조도형"},"geometry":{"type":"Polygon","coordinates":[[[127.00069563409471,37.57614840283535],[127.00058223921442,37.576136408492175],[127.00047767415728,37.57612532422138],[127.0004468831065,37.57612217012092],[127.00043242719096,37.576119854285096],[127.00033893338977,37.57610932874256],[127.00029124125237,37.57610416502927],[127.00014139537126,37.57608827717694],[127.00023972074345,37.57615579896197],[127.00025195752819,37.57616767416281],[127.00026498669646,37.57618063956632],[127.0003123721669,37.57621505809126],[127.00033392530308,37.57622213113053],[127.00033392688114,37.57622213127692],[127.00065946475334,37.576260743562145],[127.0007124528813,37.57624983545336],[127.00078798211796,37.57624297145234],[127.00079142349779,37.576242656175026],[127.00083227849974,37.57624098112334],[127.00084401997448,37.57616165909648],[127.00079606741603,37.576156036082715],[127.00078798476169,37.576155089900375],[127.00076827621733,37.57615278301524],[127.00076000109112,37.57615274681668],[127.00070703360417,37.57614889859974],[127.00069563409471,37.57614840283535]]]}},{"type":"Feature","id":339,"properties":{"model_ref_id":339,"source_type":"MODEL_REFERENCE","model_use":"역세권활성화 간선가로형","reference_name":"노선형 상업지역 판정용 참조도형"},"geometry":{"type":"Polygon","coordinates":[[[127.00149603289955,37.57623570290842],[127.00121505256753,37.57620539895955],[127.00112432068795,37.576195342591134],[127.00107300596689,37.57618949439043],[127.00099491882938,37.57618154732559],[127.0009600071721,37.57617756348535],[127.00095189029253,37.576226522574686],[127.00094207282586,37.57628501399712],[127.00146758268936,37.576345531947325],[127.00174742027059,37.57637743902569],[127.00202879512648,37.57640952652086],[127.0020253677236,37.57639997523674],[127.00201651537873,37.57638927152295],[127.00200932710378,37.57637997335112],[127.00192579566287,37.576300244909014],[127.00189521977646,37.576283234122066],[127.00184731245926,37.5762702595422],[127.00159904738734,37.57624647091539],[127.00149603289955,37.57623570290842]]]}},{"type":"Feature","id":340,"properties":{"model_ref_id":340,"source_type":"MODEL_REFERENCE","model_use":"역세권활성화 간선가로형","reference_name":"노선형 상업지역 판정용 참조도형"},"geometry":{"type":"Polygon","coordinates":[[[127.00043796891698,37.584409176461286],[127.00047324540257,37.58445036095334],[127.00052519795096,37.58450979060209],[127.0005879622146,37.584583104528285],[127.000632171274,37.58463381249751],[127.00065132666474,37.58465578774751],[127.00069219604786,37.58470319804549],[127.00070365307019,37.5847164786928],[127.00070957467022,37.58470319838961],[127.00073243451916,37.58465187911398],[127.00075934696041,37.58461682257041],[127.00076079995016,37.58461458258868],[127.00073643307132,37.58458569332484],[127.00062221501247,37.584460968611644],[127.00050081460955,37.58431926591894],[127.00048090345229,37.58431328627276],[127.00048569575097,37.58430225558493],[127.00032559918813,37.58412962006137],[127.00029827078832,37.58414735799669],[127.00024172989545,37.58418351293339],[127.00031233925499,37.584261187931105],[127.00033644177083,37.58428834397331],[127.00037154830908,37.58432985284495],[127.00043796891698,37.584409176461286]]]}},{"type":"Feature","id":341,"properties":{"model_ref_id":341,"source_type":"MODEL_REFERENCE","model_use":"역세권활성화 간선가로형","reference_name":"노선형 상업지역 판정용 참조도형"},"geometry":{"type":"Polygon","coordinates":[[[127.00088461091936,37.58493471709364],[127.00090079211688,37.58484334918084],[127.00089792799366,37.58483491597222],[127.00091062052321,37.58477510459729],[127.00084623743906,37.58470320100675],[127.00081096140231,37.58467405369811],[127.0008087647754,37.58467144939321],[127.00079688671136,37.584702163954844],[127.00079647910344,37.58470320007214],[127.00079365966182,37.58471548035287],[127.00078772690198,37.58472385032831],[127.00075768945419,37.58476623177089],[127.00075470021437,37.584777385824374],[127.00079547909701,37.58482678724585],[127.00080000790712,37.5848322711975],[127.00080885960915,37.58484298798988],[127.00088461091936,37.58493471709364]]]}},{"type":"Feature","id":342,"properties":{"model_ref_id":342,"source_type":"MODEL_REFERENCE","model_use":"역세권활성화 간선가로형","reference_name":"노선형 상업지역 판정용 참조도형"},"geometry":{"type":"Polygon","coordinates":[[[127.00098699702305,37.584858542458655],[127.0009832688515,37.58488395773672],[127.00099022025456,37.58488624634235],[127.00098961938922,37.58491617683019],[127.0009649124741,37.585030168168544],[127.00101608476339,37.58508441695679],[127.00103847860711,37.5850975716207],[127.00108384429174,37.58510208628163],[127.00109192797024,37.58510098722176],[127.00112772707807,37.58509756408935],[127.001167590801,37.58508812247591],[127.00117475846545,37.58504525404425],[127.00098699702305,37.584858542458655]]]}},{"type":"Feature","id":343,"properties":{"model_ref_id":343,"source_type":"MODEL_REFERENCE","model_use":"역세권활성화 간선가로형","reference_name":"노선형 상업지역 판정용 참조도형"},"geometry":{"type":"Polygon","coordinates":[[[127.00061358921643,37.585086652810524],[127.00059807919251,37.58506773194774],[127.00048627115244,37.584938538310894],[127.000478153909,37.58492821292415],[127.0004537567574,37.58490152541609],[127.00042881627117,37.58487240524948],[127.00036376502545,37.58479723517524],[127.00029692216549,37.58480211694411],[127.00023195798919,37.58480731190901],[127.00023195980162,37.584807314062246],[127.0005869447389,37.585229006821095],[127.00057169177573,37.58531054503195],[127.00060104265829,37.58515368533317],[127.00061358921643,37.585086652810524]]]}},{"type":"Feature","id":344,"properties":{"model_ref_id":344,"source_type":"MODEL_REFERENCE","model_use":"역세권활성화 간선가로형","reference_name":"노선형 상업지역 판정용 참조도형"},"geometry":{"type":"Polygon","coordinates":[[[127.00056173978811,37.585351954682935],[127.00056171526809,37.58535205840945],[127.00057169177573,37.58531054503195],[127.00056173978811,37.585351954682935]]]}},{"type":"Feature","id":345,"properties":{"model_ref_id":345,"source_type":"MODEL_REFERENCE","model_use":"역세권활성화 간선가로형","reference_name":"노선형 상업지역 판정용 참조도형"},"geometry":{"type":"Polygon","coordinates":[[[127.00165704441535,37.585270469193446],[127.00166381465313,37.58527684819824],[127.0016732680466,37.58528762400741],[127.00170009979412,37.58532126684114],[127.00171260995359,37.58533749359985],[127.0017344714061,37.58537764143216],[127.00174136607318,37.585391255288755],[127.00174783050097,37.58540589625531],[127.00175603831205,37.58542980830604],[127.00176585370744,37.58545966682953],[127.00177523850067,37.585512338114974],[127.00177728714623,37.58554685461085],[127.00177544080525,37.585600300616186],[127.00188208786888,37.58582539308018],[127.00188263222852,37.58576616278283],[127.00192283834801,37.585590310253636],[127.00189603158653,37.585390482045874],[127.00183907412698,37.585270588310685],[127.00172849739529,37.585158686540574],[127.00162885698406,37.585084191610775],[127.00162356909235,37.585120537009836],[127.00162326225312,37.585181551252276],[127.00163094901268,37.58521560832121],[127.0016411265995,37.58524672822998],[127.00165704441535,37.585270469193446]]]}},{"type":"Feature","id":346,"properties":{"model_ref_id":346,"source_type":"MODEL_REFERENCE","model_use":"역세권활성화 간선가로형","reference_name":"노선형 상업지역 판정용 참조도형"},"geometry":{"type":"Polygon","coordinates":[[[127.00051439607657,37.58554895166004],[127.000514396215,37.585548957702606],[127.00051451612472,37.58554845874752],[127.00051439607657,37.58554895166004]]]}},{"type":"Feature","id":347,"properties":{"model_ref_id":347,"source_type":"MODEL_REFERENCE","model_use":"역세권활성화 간선가로형","reference_name":"노선형 상업지역 판정용 참조도형"},"geometry":{"type":"Polygon","coordinates":[[[127.00065611261297,37.585462947228216],[127.00065830937967,37.58545169405497],[127.00066300832988,37.58543758483118],[127.00066626930001,37.585427385823635],[127.00068044510785,37.58539394179706],[127.00068892561646,37.58537585933375],[127.00071012092364,37.58533982062559],[127.0007217941013,37.58532267523997],[127.00073736202765,37.5853022864076],[127.00075630382197,37.585281239924264],[127.00074766614587,37.585256607012525],[127.00074243602948,37.58524060553769],[127.00072771840239,37.585223451526154],[127.00067138391684,37.585157786215625],[127.00067138085572,37.585157782448206],[127.00066834905031,37.58517876993774],[127.0006567328065,37.58518601356889],[127.00065173951629,37.58519986150342],[127.00064332658783,37.5852292061938],[127.00063117597192,37.5853061404766],[127.00062006801244,37.58534947730132],[127.00061757692373,37.585359360981144],[127.00061341011889,37.5853725422067],[127.00060602788292,37.58538793977224],[127.00058774202813,37.585428780735576],[127.00058106069766,37.5854754692864],[127.0005498755007,37.585633157832824],[127.00053395702336,37.585689687156986],[127.00058985856346,37.585793406642395],[127.00066033324053,37.585893191410946],[127.00072334723069,37.58595163808778],[127.000803531777,37.5858618221509],[127.0007763716566,37.585836495138345],[127.00076063500867,37.585817322021136],[127.00075866507008,37.58581583536916],[127.00070428877767,37.58574997280461],[127.00068119375432,37.58570813092056],[127.00067021256702,37.58568000216289],[127.00065832583029,37.58564621524294],[127.000651884764,37.58561511334678],[127.00064854571085,37.585588426305996],[127.00064607810836,37.58557183924792],[127.0006462834236,37.58552419552624],[127.00065178701489,37.58548522833136],[127.00065611261297,37.585462947228216]]]}},{"type":"Feature","id":348,"properties":{"model_ref_id":348,"source_type":"MODEL_REFERENCE","model_use":"역세권활성화 간선가로형","reference_name":"노선형 상업지역 판정용 참조도형"},"geometry":{"type":"Polygon","coordinates":[[[127.00086157345943,37.586031747707544],[127.00101400853858,37.58608185381228],[127.00127619722129,37.58613518691101],[127.00128934214453,37.58613772497678],[127.00126892951585,37.586097715123664],[127.00122217265238,37.58601020241098],[127.00118398449946,37.586002237170725],[127.00117078333123,37.586001390043165],[127.0011442111583,37.5860001192406],[127.00108352668204,37.5859911354994],[127.00107086901278,37.58598836027654],[127.00100204442953,37.58597099726104],[127.0009588749286,37.58595631957499],[127.00093910743742,37.58594508402801],[127.00093195192811,37.58595051679852],[127.00087604327216,37.58601173724988],[127.00086592127535,37.58602305334897],[127.00085931472744,37.586030438658405],[127.00086157345943,37.586031747707544]]]}},{"type":"Feature","id":349,"properties":{"model_ref_id":349,"source_type":"MODEL_REFERENCE","model_use":"역세권활성화 간선가로형","reference_name":"노선형 상업지역 판정용 참조도형"},"geometry":{"type":"Polygon","coordinates":[[[127.00246128060553,37.586505176285314],[127.00225451197086,37.58628303895598],[127.00217875866707,37.58619817530423],[127.00207373919609,37.58607517296447],[127.00195649591969,37.58595545345462],[127.00198014310217,37.58599678706763],[127.00203542591812,37.586101607342236],[127.00210559716905,37.58619797653336],[127.0021796630816,37.586313932972615],[127.00226228863247,37.5864204651894],[127.00234296724972,37.586506590182694],[127.00246128060553,37.586505176285314]]]}},{"type":"Feature","id":350,"properties":{"model_ref_id":350,"source_type":"MODEL_REFERENCE","model_use":"역세권활성화 간선가로형","reference_name":"노선형 상업지역 판정용 참조도형"},"geometry":{"type":"Polygon","coordinates":[[[127.00220803925663,37.58700100999101],[127.0022689969765,37.58695535785136],[127.00223540515057,37.586926670489305],[127.00212027379546,37.58682926492139],[127.00209237693392,37.58680555096063],[127.00205455090794,37.586772872179885],[127.00202222730788,37.5867434369551],[127.00200762226393,37.586729633845636],[127.00196496198816,37.586688774113185],[127.0019511721321,37.586675556639705],[127.00189510710622,37.58661619967889],[127.0018547340051,37.58657329470788],[127.00184522379304,37.58656380731361],[127.00181624034728,37.586532281796096],[127.00179832950482,37.5865122528678],[127.00175771878794,37.58646751887494],[127.00175463921713,37.5864692036704],[127.00167979208938,37.5863815556889],[127.00163827583455,37.58633328980956],[127.00159365752513,37.58628141185627],[127.00157400330109,37.586258418653905],[127.00155866261373,37.58623972226671],[127.00152064493929,37.586192141131995],[127.00146319961202,37.586120764895796],[127.00142553300842,37.58607437302525],[127.00136314933779,37.586102545741134],[127.00136314664793,37.58610254393347],[127.00139249420441,37.58615764096385],[127.00139249459882,37.586157641725755],[127.00142445588442,37.58614637016946],[127.00145397086415,37.58619091492555],[127.00145566847783,37.58622193562336],[127.00151972559438,37.58630431288936],[127.00156078861296,37.5863662646615],[127.00166556931286,37.58652069356221],[127.00171394662578,37.58657523031455],[127.00173419085222,37.58659782706858],[127.00175209038203,37.58661751363457],[127.00178718646488,37.586651904342375],[127.00196259380535,37.586821497158994],[127.00209281675791,37.58694230140035],[127.0022137677068,37.58704129275515],[127.00234399164687,37.587140698489186],[127.0024623510026,37.58721871427009],[127.00251157913793,37.587136671985355],[127.00243922099084,37.58708507353472],[127.00238693661443,37.587046420403006],[127.00235975283725,37.58702618428509],[127.00232622885277,37.5869999566194],[127.0022815868534,37.58696495334801],[127.00227908469058,37.58696676429766],[127.00223686487384,37.58700162285533],[127.00227277780095,37.587023354681975],[127.00225016756629,37.587055744690154],[127.0022326526258,37.58704721231075],[127.00224580889883,37.587029598281035],[127.00220803925663,37.58700100999101]]]}},{"type":"Feature","id":351,"properties":{"model_ref_id":351,"source_type":"MODEL_REFERENCE","model_use":"역세권활성화 간선가로형","reference_name":"노선형 상업지역 판정용 참조도형"},"geometry":{"type":"Polygon","coordinates":[[[127.00299320352507,37.58697110043772],[127.00284625653201,37.58688305762401],[127.00264900686028,37.586765442571256],[127.00255439018704,37.586709122086674],[127.00256102476735,37.5867157713313],[127.00254468722835,37.58672516846451],[127.00257054628983,37.586744683753246],[127.0026152109441,37.58677839851825],[127.00265313913766,37.586806680347124],[127.0027185568626,37.58685194567629],[127.00276708242015,37.586885218914425],[127.00284083320263,37.58693422325265],[127.00285730656346,37.58694529629825],[127.00297269947956,37.58702287062111],[127.00304093674907,37.58706149556407],[127.00308768503747,37.58708869607799],[127.00313626751635,37.587117121901734],[127.00315086151339,37.58712489732834],[127.0032067127324,37.58715389073192],[127.00323107759878,37.587166198053225],[127.00331608296665,37.587209075423544],[127.0033371192096,37.587220535811355],[127.00339035518499,37.58724661897549],[127.00347759116059,37.58728897365508],[127.0034978348758,37.58729441548465],[127.00358011191616,37.58733317520547],[127.00359416253586,37.58733950000507],[127.00358935071927,37.58734272552851],[127.00358588621026,37.587344941950214],[127.00368981102406,37.58738814331298],[127.00377262031655,37.5874183345964],[127.00383334039803,37.587442138039094],[127.00406930324698,37.58752884722713],[127.0041268976084,37.58748192288179],[127.00411633430633,37.5874904462294],[127.00395629710374,37.58743098394242],[127.00372522581591,37.58734717654853],[127.00364112589834,37.58731475081291],[127.00362466369242,37.58730756019111],[127.00361814223855,37.58730785754597],[127.00353200440564,37.58726757521502],[127.00346878235199,37.58723402304472],[127.00329406154611,37.587146727800906],[127.00318677464739,37.5870870832449],[127.00312140172885,37.58704898996141],[127.00305419472417,37.58700857211862],[127.00299320352507,37.58697110043772]]]}},{"type":"Feature","id":352,"properties":{"model_ref_id":352,"source_type":"MODEL_REFERENCE","model_use":"역세권활성화 간선가로형","reference_name":"노선형 상업지역 판정용 참조도형"},"geometry":{"type":"Polygon","coordinates":[[[127.00265833372724,37.5872315455248],[127.00263370854607,37.587216039612954],[127.00262999495692,37.58721361596952],[127.00254471832379,37.58715965607566],[127.00250627994458,37.5872100295841],[127.00250186434968,37.587214399306994],[127.00249156653156,37.587239194028555],[127.00258388904969,37.58730391106489],[127.0025838913937,37.58730391180701],[127.00264838123843,37.58732448136343],[127.00267300653653,37.58732399491425],[127.0026720780296,37.58734541115604],[127.00263747618408,37.58733842654285],[127.0026742404461,37.58736210628312],[127.00285063666067,37.58745971864048],[127.00300013551089,37.58753886551471],[127.00308456045225,37.58752796785574],[127.00309552283689,37.587589364770864],[127.00313132156833,37.58760831703417],[127.00334853486889,37.58770107233392],[127.00348679875785,37.58776201403127],[127.00354217611621,37.5877801396802],[127.00354218009292,37.587780140981515],[127.00352400295036,37.587756580987936],[127.00350317038824,37.58775535574184],[127.00351801342875,37.58773129056453],[127.00353053546712,37.58771090138456],[127.00355355245667,37.587674556557786],[127.00345887789749,37.58763633673463],[127.00340898164569,37.58761623608568],[127.00335273375921,37.58759363972398],[127.00332098677816,37.587580755820674],[127.00307982782189,37.587470125078],[127.0029802735398,37.58742085149118],[127.0028769265434,37.58736302573267],[127.0028400622309,37.58734145626552],[127.0027900191876,37.587312048251974],[127.00275145663392,37.58728943361899],[127.00270865970622,37.587262711403255],[127.00267435425577,37.5872410328728],[127.00265833372724,37.5872315455248]]]}},{"type":"Feature","id":353,"properties":{"model_ref_id":353,"source_type":"MODEL_REFERENCE","model_use":"역세권활성화 간선가로형","reference_name":"노선형 상업지역 판정용 참조도형"},"geometry":{"type":"Polygon","coordinates":[[[127.00391106782584,37.58777026971473],[127.00390391427189,37.587761884825305],[127.00390391421726,37.587761884900104],[127.00391106782584,37.58777026971473]]]}},{"type":"Feature","id":354,"properties":{"model_ref_id":354,"source_type":"MODEL_REFERENCE","model_use":"역세권활성화 간선가로형","reference_name":"노선형 상업지역 판정용 참조도형"},"geometry":{"type":"Polygon","coordinates":[[[127.00516910023968,37.58792518977495],[127.00533306336177,37.587984348917196],[127.00536074700315,37.58793450768635],[127.00496467810626,37.58779464340267],[127.0044432266279,37.58761817532635],[127.00424373157134,37.58755165383052],[127.00422871927185,37.58758175073546],[127.00439489223318,37.5876423662458],[127.00451762384697,37.5876869631758],[127.00500309451255,37.58786449377837],[127.00516910023968,37.58792518977495]]]}},{"type":"Feature","id":355,"properties":{"model_ref_id":355,"source_type":"MODEL_REFERENCE","model_use":"역세권활성화 간선가로형","reference_name":"노선형 상업지역 판정용 참조도형"},"geometry":{"type":"Polygon","coordinates":[[[127.00383351489725,37.58788128365107],[127.00383268352898,37.58790199148655],[127.00387472759304,37.587917016146505],[127.00387711645514,37.587908673075034],[127.00388369376844,37.58783740568293],[127.00387540561753,37.58780092605082],[127.00367527648609,37.58772754175378],[127.00367738242943,37.587732767413854],[127.00370666132227,37.58774457006156],[127.00369121826776,37.587768193786694],[127.00375937732059,37.58780537674541],[127.0037495386321,37.58782336933222],[127.00373474078253,37.58783094664384],[127.00371815390479,37.58782303615514],[127.00366973465968,37.58784376068112],[127.00370728129866,37.587857178237236],[127.00370082002684,37.58784352448928],[127.00376080442912,37.58786029133494],[127.00383351489725,37.58788128365107]]]}},{"type":"Feature","id":356,"properties":{"model_ref_id":356,"source_type":"MODEL_REFERENCE","model_use":"역세권활성화 간선가로형","reference_name":"노선형 상업지역 판정용 참조도형"},"geometry":{"type":"Polygon","coordinates":[[[127.00409568987887,37.587978497100735],[127.0040956918009,37.587978497846784],[127.00420275903545,37.58792098233035],[127.00395771646816,37.58783194902252],[127.0039854587557,37.587935711501125],[127.00409568987887,37.587978497100735]]]}},{"type":"Feature","id":357,"properties":{"model_ref_id":357,"source_type":"MODEL_REFERENCE","model_use":"역세권활성화 간선가로형","reference_name":"노선형 상업지역 판정용 참조도형"},"geometry":{"type":"Polygon","coordinates":[[[127.00450373947342,37.588082780922264],[127.00436838305902,37.58803613890412],[127.00434160616462,37.588026471710904],[127.00424788143975,37.58799337979352],[127.00423859729041,37.587990469729924],[127.00419254547691,37.58801403978859],[127.00452880574433,37.58813246992153],[127.00453001899042,37.5881302170734],[127.00450373947342,37.588082780922264]]]}},{"type":"Feature","id":358,"properties":{"model_ref_id":358,"source_type":"MODEL_REFERENCE","model_use":"역세권활성화 간선가로형","reference_name":"노선형 상업지역 판정용 참조도형"},"geometry":{"type":"Polygon","coordinates":[[[127.00572511805017,37.58812853486268],[127.00586752286253,37.58818039508479],[127.00597097441383,37.588218143529154],[127.00623568422864,37.58819180107782],[127.00624602126774,37.58819077368279],[127.0063125366908,37.58814621850631],[127.00635392863728,37.58811832270773],[127.00599462507022,37.588158345945885],[127.00542560688517,37.58795741155733],[127.00539802846218,37.58800782974442],[127.00539803502326,37.58800783211582],[127.00567146678257,37.58810897911135],[127.00572511805017,37.58812853486268]]]}},{"type":"Feature","id":359,"properties":{"model_ref_id":359,"source_type":"MODEL_REFERENCE","model_use":"역세권활성화 간선가로형","reference_name":"노선형 상업지역 판정용 참조도형"},"geometry":{"type":"Polygon","coordinates":[[[127.00490462297961,37.588173683925156],[127.00482896801509,37.5881457998345],[127.00465685941974,37.58808289605018],[127.0046568183413,37.58808288140341],[127.0046117160587,37.58816140926669],[127.00488116661452,37.58825083592041],[127.00524636522746,37.588378903643516],[127.00558507089404,37.588496492437585],[127.00561325318624,37.58866020309825],[127.0056731602135,37.588612968002394],[127.0056737922376,37.58861243651304],[127.00564789616149,37.588490048174215],[127.0056379083807,37.58844279211284],[127.00558458042386,37.58842351235142],[127.00554854158617,37.5884097732126],[127.00537288789604,37.5883451136437],[127.00524649759849,37.58829891393592],[127.00523257124748,37.58829413901344],[127.00514191407947,37.5882608044863],[127.00500265070349,37.58820985659261],[127.0049914643521,37.58820573930977],[127.00498016477829,37.588201522920166],[127.00490462297961,37.588173683925156]]]}},{"type":"Feature","id":360,"properties":{"model_ref_id":360,"source_type":"MODEL_REFERENCE","model_use":"역세권활성화 간선가로형","reference_name":"노선형 상업지역 판정용 참조도형"},"geometry":{"type":"Polygon","coordinates":[[[127.00679558714155,37.58850405987052],[127.00674864465859,37.588483471599794],[127.0067634480838,37.588549662974984],[127.00676345566086,37.58854966624685],[127.00684907132369,37.5885866358922],[127.00688091810717,37.588600384255415],[127.00690750071279,37.58856472268965],[127.00688546678838,37.58854344336821],[127.00679558714155,37.58850405987052]]]}},{"type":"Feature","id":361,"properties":{"model_ref_id":361,"source_type":"MODEL_REFERENCE","model_use":"역세권활성화 간선가로형","reference_name":"노선형 상업지역 판정용 참조도형"},"geometry":{"type":"Polygon","coordinates":[[[127.00660801245361,37.588845540375345],[127.00658095295415,37.58883355839955],[127.00644870230015,37.58877506106551],[127.00644398084975,37.58877297093356],[127.00637808214763,37.58874478160784],[127.00623987124246,37.58876812700032],[127.00641677733046,37.588830103610306],[127.00656444494933,37.588898763404245],[127.00660801245361,37.588845540375345]]]}},{"type":"Feature","id":362,"properties":{"model_ref_id":362,"source_type":"MODEL_REFERENCE","model_use":"역세권활성화 간선가로형","reference_name":"노선형 상업지역 판정용 참조도형"},"geometry":{"type":"Polygon","coordinates":[[[127.00745596342014,37.5888547281604],[127.00745802147917,37.588855670030554],[127.00763261745331,37.588935476046245],[127.00770685552769,37.58896843389988],[127.00772171447264,37.58897502546452],[127.00775479954011,37.58898951138104],[127.00781494428117,37.589015836016856],[127.00790251293908,37.589054592499636],[127.00798832422093,37.58909197758989],[127.0080290621556,37.5890336434144],[127.00801803314765,37.589028937751586],[127.00769717520036,37.58889249868431],[127.00741646791374,37.58877308393593],[127.00723736908414,37.58869549914405],[127.00695615915565,37.588574308015886],[127.00692406085768,37.588618930243264],[127.0069240904995,37.588618942983196],[127.00702666045069,37.58866398844797],[127.00708310286464,37.58868906974689],[127.00709517257782,37.588693997680735],[127.00714871646608,37.58871741223897],[127.00715330212896,37.58872063757941],[127.00716650409143,37.58872594387711],[127.00721177132891,37.58874623230315],[127.00725496658634,37.58876575495476],[127.00733371092814,37.588800997234856],[127.00743467716696,37.58884615164756],[127.00745596125718,37.58885473149454],[127.00745596342014,37.5888547281604]]]}},{"type":"Feature","id":363,"properties":{"model_ref_id":363,"source_type":"MODEL_REFERENCE","model_use":"역세권활성화 간선가로형","reference_name":"노선형 상업지역 판정용 참조도형"},"geometry":{"type":"Polygon","coordinates":[[[127.00695311558752,37.58907550270359],[127.00699465984658,37.58901386618221],[127.00691146074196,37.58897722685839],[127.00689305183947,37.58896912699337],[127.00680077368195,37.58892877518091],[127.00671139927474,37.58888987310882],[127.00669027780741,37.58888069347261],[127.00664565824385,37.58893578915328],[127.00695311558752,37.58907550270359]]]}},{"type":"Feature","id":364,"properties":{"model_ref_id":364,"source_type":"MODEL_REFERENCE","model_use":"역세권활성화 간선가로형","reference_name":"노선형 상업지역 판정용 참조도형"},"geometry":{"type":"Polygon","coordinates":[[[127.00780338669804,37.58937161618874],[127.00767898295278,37.58931658776763],[127.00756481735576,37.5892657139947],[127.00733759622118,37.58916418231047],[127.00724190673579,37.5891220021353],[127.00722844699973,37.58911608303924],[127.00713487770531,37.5890750197625],[127.00703248142398,37.589030148381454],[127.00702722332876,37.58902784825956],[127.00702720986234,37.589027842464155],[127.00698587532119,37.58908981454163],[127.00762132368028,37.58936256780722],[127.00779888680547,37.58943964789514],[127.00783447619315,37.58938538020233],[127.00780338669804,37.58937161618874]]]}},{"type":"Feature","id":365,"properties":{"model_ref_id":365,"source_type":"MODEL_REFERENCE","model_use":"역세권활성화 간선가로형","reference_name":"노선형 상업지역 판정용 참조도형"},"geometry":{"type":"Polygon","coordinates":[[[127.00861427476332,37.58936773183838],[127.00870015715837,37.589405586829216],[127.00870073450649,37.589404415530645],[127.00870478800375,37.58940596501762],[127.00881904431421,37.58945776693],[127.00881935095128,37.58945787379166],[127.0088515414492,37.589473360015546],[127.00891560517157,37.58950065646413],[127.00900990061984,37.58954190749505],[127.00901354100719,37.58954353897869],[127.0090804977411,37.58957299663876],[127.00910063457401,37.58958257095965],[127.00910115699054,37.58958280508628],[127.00910237308257,37.58958073491443],[127.00910243938159,37.58958076455761],[127.00910244101864,37.58958076194023],[127.00910949888478,37.589583920957175],[127.00919136976765,37.58962052648821],[127.0092336488784,37.589639318668866],[127.00928173327594,37.58966092909286],[127.00928262511276,37.58965975762841],[127.00928316305658,37.589659047468466],[127.00928427252283,37.58965758782614],[127.00928427585723,37.58965758930723],[127.00928428384441,37.58965757881577],[127.00944871609778,37.589730625582206],[127.00948443411677,37.58967722025301],[127.00922236629437,37.58955856644446],[127.00912026929878,37.5895131435584],[127.00893771471678,37.58943501103663],[127.00883326166442,37.589386615694075],[127.00859678779307,37.58928037477653],[127.0083250447643,37.589159927451824],[127.00806623389937,37.58904950318718],[127.0080252495475,37.58910793426483],[127.00811318070689,37.589146285135506],[127.00820158749501,37.58918468997829],[127.00830949192,37.589231743270766],[127.00830947305361,37.589231776018465],[127.00830948060027,37.58923177931038],[127.00833889678732,37.58924511246198],[127.00839883880637,37.58927221116199],[127.00851037866704,37.589321614884206],[127.00851315178382,37.589317804392785],[127.00861608615068,37.5893653441622],[127.00861427476332,37.58936773183838]]]}},{"type":"Feature","id":366,"properties":{"model_ref_id":366,"source_type":"MODEL_REFERENCE","model_use":"역세권활성화 간선가로형","reference_name":"노선형 상업지역 판정용 참조도형"},"geometry":{"type":"Polygon","coordinates":[[[127.00785858165858,37.589465561313204],[127.00786677389674,37.589469117543864],[127.00796677654803,37.589514116340354],[127.00798248839185,37.58952087712059],[127.00796672899251,37.58951408841203],[127.00786672747168,37.58946906168516],[127.00788029063517,37.58945436618552],[127.0080426458729,37.58952624841584],[127.00813322706716,37.58956624794539],[127.00822238174041,37.58960616637981],[127.00833957146683,37.58965845391286],[127.00836481755113,37.58962044053406],[127.0082479449454,37.58956892785242],[127.00815855255732,37.58952934280901],[127.00806929613148,37.589489757691865],[127.00791117561033,37.5894198034151],[127.00789439957154,37.58941261604718],[127.00785858165858,37.589465561313204]]]}},{"type":"Feature","id":367,"properties":{"model_ref_id":367,"source_type":"MODEL_REFERENCE","model_use":"역세권활성화 간선가로형","reference_name":"노선형 상업지역 판정용 참조도형"},"geometry":{"type":"Polygon","coordinates":[[[127.00815014452107,37.58959426761602],[127.00812200089398,37.58958177592309],[127.00815016829986,37.58959429554531],[127.00822062252887,37.58962558448208],[127.00815014452107,37.58959426761602]]]}},{"type":"Feature","id":368,"properties":{"model_ref_id":368,"source_type":"MODEL_REFERENCE","model_use":"역세권활성화 간선가로형","reference_name":"노선형 상업지역 판정용 참조도형"},"geometry":{"type":"Polygon","coordinates":[[[127.00836762090513,37.58969059559716],[127.00836763162086,37.58969060042917],[127.00845843967288,37.58973112226483],[127.0085221660505,37.58975946994207],[127.00845841589263,37.58973107631607],[127.00836763048727,37.58969058150873],[127.00836762090513,37.58969059559716]]]}},{"type":"Feature","id":369,"properties":{"model_ref_id":369,"source_type":"MODEL_REFERENCE","model_use":"역세권활성화 간선가로형","reference_name":"노선형 상업지역 판정용 참조도형"},"geometry":{"type":"Polygon","coordinates":[[[127.00850051996844,37.58968036736008],[127.00850047971066,37.58968034951078],[127.00847473042798,37.589717930303784],[127.00864265755776,37.58979184765818],[127.00870437771013,37.58981862176421],[127.00875893067354,37.58984302661444],[127.00876597352098,37.589847486111694],[127.00881003780893,37.58981735527773],[127.0088012061329,37.589814229317156],[127.00873082399166,37.58978270752815],[127.00866808478749,37.58975512260465],[127.00850051996844,37.58968036736008]]]}},{"type":"Feature","id":370,"properties":{"model_ref_id":370,"source_type":"MODEL_REFERENCE","model_use":"역세권활성화 간선가로형","reference_name":"노선형 상업지역 판정용 참조도형"},"geometry":{"type":"Polygon","coordinates":[[[127.00863413317528,37.58980983157379],[127.00860149301086,37.58979510993558],[127.0086341569536,37.5898098504932],[127.0087067016004,37.58984227723849],[127.00863413317528,37.58980983157379]]]}},{"type":"Feature","id":371,"properties":{"model_ref_id":371,"source_type":"MODEL_REFERENCE","model_use":"역세권활성화 간선가로형","reference_name":"노선형 상업지역 판정용 참조도형"},"geometry":{"type":"Polygon","coordinates":[[[127.00974982018178,37.58986703054431],[127.00991113667138,37.58994126181015],[127.00991115447053,37.589941269937],[127.00994732490211,37.5898860121044],[127.00962485674421,37.589742144979226],[127.00960590009319,37.58973324749025],[127.00959863324601,37.5897441547182],[127.00956915333754,37.589783862432064],[127.00957141227538,37.58978487966643],[127.0096105494772,37.589802483340314],[127.00974982018178,37.58986703054431]]]}},{"type":"Feature","id":372,"properties":{"model_ref_id":372,"source_type":"MODEL_REFERENCE","model_use":"역세권활성화 간선가로형","reference_name":"노선형 상업지역 판정용 참조도형"},"geometry":{"type":"Polygon","coordinates":[[[127.00903442763301,37.589987287372765],[127.00910699532653,37.59001895302373],[127.00910702193208,37.59001896467066],[127.00914437648049,37.58996550037293],[127.00914436501482,37.58996549520155],[127.00906652093518,37.58993137918397],[127.00892631119821,37.589870047711095],[127.00885646115002,37.589839138635476],[127.0088179217299,37.58986344890162],[127.0087915432275,37.58987997294727],[127.00892750382408,37.58994004497007],[127.00894182672542,37.58991934842539],[127.00896970332556,37.58993106874546],[127.00895561222426,37.58995246418707],[127.00903442763301,37.589987287372765]]]}},{"type":"Feature","id":373,"properties":{"model_ref_id":373,"source_type":"MODEL_REFERENCE","model_use":"역세권활성화 간선가로형","reference_name":"노선형 상업지역 판정용 참조도형"},"geometry":{"type":"Polygon","coordinates":[[[127.00932728480328,37.590046555554004],[127.00922448512566,37.590001566169484],[127.00918801999613,37.59005332923094],[127.009188019286,37.59005333027264],[127.00918802112848,37.590053331032834],[127.0092907627232,37.59009676928163],[127.00929076298137,37.590096768968586],[127.00929713675653,37.59008801112981],[127.00938203523336,37.59012536112465],[127.00942044792343,37.590076039547625],[127.0093352549595,37.59003700476786],[127.00932728480328,37.590046555554004]]]}},{"type":"Feature","id":374,"properties":{"model_ref_id":374,"source_type":"MODEL_REFERENCE","model_use":"역세권활성화 간선가로형","reference_name":"노선형 상업지역 판정용 참조도형"},"geometry":{"type":"Polygon","coordinates":[[[127.01058767391592,37.59018308879368],[127.01043532351302,37.59010827315964],[127.0102674061959,37.59003271767874],[127.01000723675338,37.58991288570487],[127.00997049105256,37.58996833271378],[127.01014571241896,37.590048329096405],[127.01017814301139,37.59006313609729],[127.01023257026891,37.590087966844656],[127.01029734481016,37.590117551771726],[127.01032304021979,37.590129280123996],[127.01036156468699,37.59014630460488],[127.01041447258447,37.59016967427658],[127.01047019696527,37.59019756793213],[127.01049746996516,37.59021121313265],[127.01054238450007,37.59023384316672],[127.01068110850848,37.59030371816782],[127.01072847464009,37.590256071176896],[127.01058767391592,37.59018308879368]]]}},{"type":"Feature","id":375,"properties":{"model_ref_id":375,"source_type":"MODEL_REFERENCE","model_use":"역세권활성화 간선가로형","reference_name":"노선형 상업지역 판정용 참조도형"},"geometry":{"type":"Polygon","coordinates":[[[127.00980399060096,37.59028928856634],[127.00982513825605,37.590260284888586],[127.00973592523471,37.59021925046031],[127.00964514978884,37.590177873680325],[127.0095804396614,37.590148505418426],[127.00949315183969,37.59010891226319],[127.00945836808204,37.59009313804418],[127.00942195968872,37.59014498226199],[127.00943396185279,37.590149864910316],[127.00953249320237,37.590193592977684],[127.00954389529376,37.59019847564778],[127.00960985087616,37.59022739337142],[127.00970216618373,37.590268454749165],[127.00979102812394,37.59030809270765],[127.00980399060096,37.59028928856634]]]}},{"type":"Feature","id":376,"properties":{"model_ref_id":376,"source_type":"MODEL_REFERENCE","model_use":"역세권활성화 간선가로형","reference_name":"노선형 상업지역 판정용 참조도형"},"geometry":{"type":"Polygon","coordinates":[[[127.01021462434794,37.59044256563079],[127.01016189326674,37.59041691799698],[127.01012257993403,37.59039782865084],[127.01009874512636,37.59038649578259],[127.01003259646332,37.59035469521654],[127.01001142259157,37.59034483076609],[127.00994322471892,37.59031385016024],[127.00985520053565,37.590274050092056],[127.00985371725571,37.590273581669386],[127.00982008258701,37.59032038938434],[127.00990809546053,37.5903599372054],[127.00990928431621,37.59035993713622],[127.00991322472983,37.59036218034066],[127.0100009658189,37.59040017842681],[127.01000636682559,37.590402349463794],[127.01006800873027,37.590429303054144],[127.01009114151871,37.59044024855017],[127.01013217584809,37.590459022461175],[127.01012461227506,37.5904707222659],[127.01016393921907,37.590488050941694],[127.01032508899581,37.59057636392077],[127.0108812791184,37.590867208829],[127.01105860619683,37.59095853468776],[127.01110372393282,37.59090319599622],[127.01106916563239,37.59088478237499],[127.01104500203894,37.59087219736259],[127.01095345443446,37.59082410936427],[127.01091144563014,37.59080217337438],[127.01083040605354,37.590759661628816],[127.01070594252515,37.59069473633827],[127.01062137040203,37.590650584898945],[127.01059707115097,37.590638603457904],[127.01059059446295,37.590636315389816],[127.01039564532856,37.590534165872256],[127.01029107708261,37.59047936588645],[127.01021462434794,37.59044256563079]]]}},{"type":"Feature","id":377,"properties":{"model_ref_id":377,"source_type":"MODEL_REFERENCE","model_use":"역세권활성화 간선가로형","reference_name":"노선형 상업지역 판정용 참조도형"},"geometry":{"type":"Polygon","coordinates":[[[127.01134971473759,37.59065259090487],[127.01135467123174,37.59065496833094],[127.0113622237709,37.5906589681383],[127.01142529031075,37.590691964762506],[127.01142781055874,37.59069327777632],[127.01146080778426,37.590651681249206],[127.01151219246994,37.590680580926765],[127.01151403813994,37.59068150880097],[127.01154583361955,37.59069860706478],[127.01154705643472,37.59069848984958],[127.01155028359045,37.59070066097248],[127.0115568284085,37.590704354507686],[127.01159162462093,37.59072366894685],[127.01166341375124,37.59076305445484],[127.01163369629289,37.59079865423791],[127.01175067609525,37.59085907421485],[127.01187926225842,37.590924475611395],[127.0119468618884,37.59095958161692],[127.01195475223113,37.59096368304995],[127.01195511652111,37.590963869645904],[127.01196268546443,37.59096782138093],[127.01204391335374,37.591010200170274],[127.01211007486128,37.59104271137682],[127.01213435183456,37.59105463844867],[127.01213437411369,37.591054650725006],[127.01213438580434,37.591054656465616],[127.01213529170155,37.59105515633724],[127.01222032970028,37.59110201419049],[127.0122766050109,37.59113299167644],[127.01230797051838,37.59115022050663],[127.01233035354477,37.591123358744646],[127.01235023629798,37.591099487943225],[127.01211040739034,37.590974490248634],[127.0120658288691,37.590950797961725],[127.01193299492073,37.59088118141576],[127.01183230928689,37.59083152618564],[127.01170237547043,37.59076200736921],[127.01150512724871,37.59066066172466],[127.01124622255048,37.59052356926792],[127.01088408803834,37.59033673117154],[127.01080479090818,37.590295628678],[127.01075753679278,37.59034352297273],[127.01090043374596,37.59041823160152],[127.01101601979094,37.59047951734153],[127.01101908829494,37.59048063434613],[127.01108489817119,37.59051574096887],[127.01108740060909,37.59051736255765],[127.01114238553589,37.59054565849647],[127.01131097528406,37.59063238389771],[127.01131586331594,37.59063495474003],[127.01134971473759,37.59065259090487]]]}},{"type":"Feature","id":378,"properties":{"model_ref_id":378,"source_type":"MODEL_REFERENCE","model_use":"역세권활성화 간선가로형","reference_name":"노선형 상업지역 판정용 참조도형"},"geometry":{"type":"Polygon","coordinates":[[[127.01116336536118,37.590930862337885],[127.01111612363684,37.59098815684677],[127.01164174520787,37.59125885575286],[127.01204981856922,37.59146628803994],[127.0120927242156,37.591413510912126],[127.01199937908892,37.591365143568105],[127.01197165743773,37.59135087284112],[127.01197154646039,37.59135083815817],[127.0119471367305,37.59133824990634],[127.01192119184233,37.591324893811894],[127.01177483864248,37.59124924966979],[127.01170059963678,37.59121077428893],[127.01162862159717,37.59117349721808],[127.0115210537932,37.59111754269436],[127.01148332199477,37.5910979247141],[127.01140897982152,37.59105988039483],[127.01140553166604,37.591058314280026],[127.0113346257427,37.59102070348054],[127.01129035520414,37.590997258658795],[127.011249418715,37.590975615521785],[127.01116336536118,37.590930862337885]]]}},{"type":"Feature","id":379,"properties":{"model_ref_id":379,"source_type":"MODEL_REFERENCE","model_use":"역세권활성화 간선가로형","reference_name":"노선형 상업지역 판정용 참조도형"},"geometry":{"type":"Polygon","coordinates":[[[127.01311417947863,37.59154139295847],[127.01321848276312,37.59153322724772],[127.01325475722209,37.59153037200795],[127.01327100175314,37.591516822864186],[127.0132851912454,37.59150497875851],[127.01330394905067,37.59148961715461],[127.01339935580506,37.59141143832986],[127.01327825276843,37.59138713385893],[127.01324728484366,37.59138092166974],[127.0131910911054,37.591428423642654],[127.01300175606075,37.59143905238431],[127.01242904502024,37.59114056247907],[127.01238550407047,37.591191804985456],[127.01238554821722,37.59119182866309],[127.01248337587977,37.59124213502758],[127.01261494708599,37.591309766225336],[127.01264149448627,37.59127826590296],[127.01265796979581,37.5912857606927],[127.01270100964815,37.59130699321261],[127.01267257177108,37.59134143989825],[127.01278249927329,37.591401751305085],[127.0128031946013,37.59141261387097],[127.01290672804106,37.591466926691595],[127.01298138062941,37.59150519814798],[127.01305918603458,37.59154505560678],[127.01311417947863,37.59154139295847]]]}},{"type":"Feature","id":380,"properties":{"model_ref_id":380,"source_type":"MODEL_REFERENCE","model_use":"역세권활성화 간선가로형","reference_name":"노선형 상업지역 판정용 참조도형"},"geometry":{"type":"Polygon","coordinates":[[[127.01255143150244,37.59169773216672],[127.0125761355395,37.591667662805165],[127.01247292101183,37.59161338897843],[127.01227178421406,37.59150801757206],[127.01224959847409,37.59149640358522],[127.01217147081003,37.59145552543002],[127.01212824550421,37.591506818827625],[127.01253046826005,37.591722497553],[127.01255143150244,37.59169773216672]]]}},{"type":"Feature","id":381,"properties":{"model_ref_id":381,"source_type":"MODEL_REFERENCE","model_use":"역세권활성화 간선가로형","reference_name":"노선형 상업지역 판정용 참조도형"},"geometry":{"type":"Polygon","coordinates":[[[127.01295447675248,37.592006081022475],[127.01300835472225,37.591938804974525],[127.01299490875682,37.591888984607856],[127.0129918908348,37.591887362559675],[127.01292957164625,37.59185391252032],[127.01286348820483,37.59182146069015],[127.01282389045997,37.59180204305972],[127.01274506732008,37.59175947141973],[127.01271521936022,37.591743362361356],[127.0126060502628,37.59168489783727],[127.01260602672487,37.59168488427398],[127.0125650457436,37.59173249977997],[127.01256010789164,37.59173839072695],[127.0127612604246,37.591846251077015],[127.01286278054882,37.59193257520845],[127.01295447675248,37.592006081022475]]]}},{"type":"Feature","id":382,"properties":{"model_ref_id":382,"source_type":"MODEL_REFERENCE","model_use":"역세권활성화 간선가로형","reference_name":"노선형 상업지역 판정용 참조도형"},"geometry":{"type":"Polygon","coordinates":[[[127.01314064671166,37.59203000988019],[127.01314060567698,37.5920300592743],[127.01315555941086,37.592012150013595],[127.01314064671166,37.59203000988019]]]}},{"type":"Feature","id":383,"properties":{"model_ref_id":383,"source_type":"MODEL_REFERENCE","model_use":"역세권활성화 간선가로형","reference_name":"노선형 상업지역 판정용 참조도형"},"geometry":{"type":"Polygon","coordinates":[[[127.02117804822727,37.51078157619843],[127.02125356323252,37.51062317057952],[127.02129225889553,37.5105419944378],[127.02116091331047,37.510502261778754],[127.02104213519354,37.51075156700698],[127.02086582183902,37.51081793452676],[127.02104882625768,37.51087323563928],[127.02115196834428,37.51083627928733],[127.02117804822727,37.51078157619843]]]}},{"type":"Feature","id":384,"properties":{"model_ref_id":384,"source_type":"MODEL_REFERENCE","model_use":"역세권활성화 간선가로형","reference_name":"노선형 상업지역 판정용 참조도형"},"geometry":{"type":"Polygon","coordinates":[[[127.02081698447725,37.511537291139035],[127.0208325013831,37.511504801955944],[127.02084618614441,37.51147612396045],[127.02085360545851,37.5114606175531],[127.02087866392928,37.51140816101533],[127.02097425762256,37.511208054755734],[127.0209279781694,37.51112580141786],[127.02076214618043,37.5110756822308],[127.02083075122003,37.51121155428191],[127.02080274865283,37.511268366796116],[127.02052369780833,37.51185072613266],[127.02041819730287,37.512073606867396],[127.02054274799434,37.51211136156632],[127.02059848759355,37.51199467514736],[127.02061506882417,37.511959971695646],[127.02065453225426,37.51187734895167],[127.02068997258547,37.5118031632377],[127.0207105202134,37.511760135359246],[127.0207488292505,37.511679959949106],[127.02081698447725,37.511537291139035]]]}},{"type":"Feature","id":385,"properties":{"model_ref_id":385,"source_type":"MODEL_REFERENCE","model_use":"역세권활성화 간선가로형","reference_name":"노선형 상업지역 판정용 참조도형"},"geometry":{"type":"Polygon","coordinates":[[[127.02032366099749,37.512599279641506],[127.02036582616394,37.51249692106049],[127.02036610411531,37.512496286774216],[127.02041941030966,37.51237446871722],[127.02043681951997,37.51233491271536],[127.0205115453451,37.51217407505735],[127.02051866819518,37.51216191064488],[127.02039425475891,37.5121241877704],[127.02028165510755,37.512362064264856],[127.02019530339965,37.512561375844996],[127.02032366099749,37.512599279641506]]]}},{"type":"Feature","id":386,"properties":{"model_ref_id":386,"source_type":"MODEL_REFERENCE","model_use":"역세권활성화 간선가로형","reference_name":"노선형 상업지역 판정용 참조도형"},"geometry":{"type":"Polygon","coordinates":[[[127.02116877952362,37.5120680196258],[127.0210978977431,37.51221606306365],[127.02104261651306,37.51233139815966],[127.02102736635588,37.512364286599784],[127.02097162233525,37.51248448707325],[127.02094935247719,37.51253530625832],[127.02090402244026,37.512638566515186],[127.02089959271986,37.51264931487088],[127.02087454007206,37.5127101185425],[127.02086988275599,37.5127214266631],[127.0208692525085,37.51272293374596],[127.02086880605465,37.51272401710453],[127.02086862799102,37.512724463186935],[127.02086475065711,37.51273386109196],[127.02086434122855,37.512734851208286],[127.02086141027235,37.51274196329303],[127.02085870581777,37.512748536123205],[127.02085808119668,37.51275006188834],[127.0208578033288,37.5127507295067],[127.02084682223824,37.51277741762545],[127.02084642660762,37.512778444813044],[127.02084048078277,37.512793627381136],[127.02081426715316,37.51286067395175],[127.0209525185074,37.512900834539316],[127.02095452841583,37.512895611146796],[127.02098007481791,37.51282947464616],[127.02101188690025,37.51275221897636],[127.02101398720545,37.512747119056556],[127.02104315297441,37.5126764770425],[127.0210868877721,37.51257681192469],[127.02108803065423,37.512574207890545],[127.02110984822048,37.5125242897383],[127.02116487988123,37.51240575614029],[127.0211801638857,37.512372732529066],[127.02123544610937,37.51225757756726],[127.0213062151191,37.51210970909974],[127.02116877952362,37.5120680196258]]]}},{"type":"Feature","id":387,"properties":{"model_ref_id":387,"source_type":"MODEL_REFERENCE","model_use":"역세권활성화 간선가로형","reference_name":"노선형 상업지역 판정용 참조도형"},"geometry":{"type":"Polygon","coordinates":[[[127.02023453001597,37.5128258515327],[127.02023526301248,37.51282381911255],[127.02029867834246,37.512659829785925],[127.02030240877312,37.512650729247355],[127.02017526518492,37.51261318324743],[127.02008562879578,37.512852465239405],[127.02002263415224,37.51302888803932],[127.01976634155521,37.513860931170086],[127.01989832961861,37.5138859539182],[127.01990173854944,37.51387462299862],[127.02001214439592,37.513507522117855],[127.02006831674643,37.51332091914243],[127.02012008220103,37.5131544088347],[127.02014108334602,37.513091958222184],[127.02017580636931,37.51298870881559],[127.02017996703682,37.51297716977289],[127.02022634452358,37.51284851292669],[127.02023453001597,37.5128258515327]]]}},{"type":"Feature","id":388,"properties":{"model_ref_id":388,"source_type":"MODEL_REFERENCE","model_use":"역세권활성화 간선가로형","reference_name":"노선형 상업지역 판정용 참조도형"},"geometry":{"type":"Polygon","coordinates":[[[127.02074915857617,37.51303484498338],[127.02072327383222,37.51310629731974],[127.02071072773273,37.513143780355435],[127.02067467163799,37.513251003478615],[127.02067026348752,37.51326397838338],[127.02062211588857,37.51341877552925],[127.02062098565392,37.513422379654806],[127.02056055472288,37.51362466761927],[127.02056056539857,37.51362466974358],[127.02054588184596,37.513673819985804],[127.02053986566769,37.513693963551354],[127.02053984883692,37.51369402196066],[127.02053958889161,37.513694895958764],[127.02053940963461,37.51369549045585],[127.02053902718055,37.513696771000696],[127.0205387355357,37.51369774841182],[127.020538628221,37.5136981126328],[127.02053712444597,37.513703147776816],[127.02053609652457,37.51370659272591],[127.02053226519615,37.51371944900162],[127.0206637048602,37.51374627458453],[127.0206919583628,37.51365149064763],[127.02076452577005,37.51344783817624],[127.02081708235633,37.5132800840827],[127.02085279808574,37.51317403225416],[127.02086489203182,37.51313799085482],[127.02089043754381,37.513067439528484],[127.02092061720728,37.512983462752295],[127.02093260053626,37.51295257573013],[127.02079425943542,37.512912393753254],[127.0207799036014,37.51294951667385],[127.02074915857617,37.51303484498338]]]}},{"type":"Feature","id":389,"properties":{"model_ref_id":389,"source_type":"MODEL_REFERENCE","model_use":"역세권활성화 간선가로형","reference_name":"노선형 상업지역 판정용 참조도형"},"geometry":{"type":"Polygon","coordinates":[[[127.02045339266316,37.513983451411114],[127.02045018930689,37.513994174492694],[127.02045015574318,37.513994289887876],[127.02045012913933,37.51399437590079],[127.02044915274539,37.51399764433198],[127.02044826829409,37.51400061511055],[127.02044733037788,37.514003744617945],[127.02043112766461,37.51405798236092],[127.02042830876756,37.51406743541226],[127.02037712135076,37.514238811085804],[127.02032116415418,37.514426125928615],[127.02028533603544,37.51454607985277],[127.02026519538991,37.51461353984944],[127.02039664374786,37.51464034424743],[127.02039664653094,37.51464033494013],[127.02045259236546,37.514452924565276],[127.02050853794158,37.51426560515783],[127.02055973638707,37.51409422942652],[127.02059962245688,37.51396090412629],[127.02064800464983,37.51379887369003],[127.02051655539,37.513772069101066],[127.02046761748161,37.5139358761799],[127.02046329431327,37.51395033025092],[127.02045541121899,37.51397670180309],[127.02045502614777,37.51397798634579],[127.02045339266316,37.513983451411114]]]}},{"type":"Feature","id":390,"properties":{"model_ref_id":390,"source_type":"MODEL_REFERENCE","model_use":"역세권활성화 간선가로형","reference_name":"노선형 상업지역 판정용 참조도형"},"geometry":{"type":"Polygon","coordinates":[[[127.01973139254324,37.51444495133627],[127.01976914293768,37.514318627312164],[127.01987482073567,37.51396488392976],[127.0197420741637,37.51393971324363],[127.01970164187225,37.51407097294309],[127.0195426493319,37.514611453628866],[127.01951456345654,37.514705129870464],[127.01964628423542,37.514730126398874],[127.01973139254324,37.51444495133627]]]}},{"type":"Feature","id":391,"properties":{"model_ref_id":391,"source_type":"MODEL_REFERENCE","model_use":"역세권활성화 간선가로형","reference_name":"노선형 상업지역 판정용 참조도형"},"geometry":{"type":"Polygon","coordinates":[[[127.01943876616784,37.5154241872771],[127.0195059160619,37.515199475773684],[127.01952886261897,37.51512275101322],[127.01954115802666,37.515081616980815],[127.01956895135666,37.514988634678424],[127.01957644055953,37.51496357346654],[127.01963034747527,37.51478319689784],[127.0194985764632,37.51475845199017],[127.0193738538449,37.51517444211357],[127.01931153622662,37.51538308139401],[127.01943876616784,37.5154241872771]]]}},{"type":"Feature","id":392,"properties":{"model_ref_id":392,"source_type":"MODEL_REFERENCE","model_use":"역세권활성화 간선가로형","reference_name":"노선형 상업지역 판정용 참조도형"},"geometry":{"type":"Polygon","coordinates":[[[127.02022617137881,37.51474409263534],[127.02022340765465,37.51475333069678],[127.02022273260499,37.51475560499125],[127.02021380377607,37.51478555516825],[127.02020788133473,37.51480531472058],[127.02020772310445,37.51480585533705],[127.02020752139236,37.514806504727254],[127.02020605931293,37.514811408836394],[127.02020586951859,37.514812054411564],[127.02020546263594,37.51481342397418],[127.02020532700902,37.51481388349829],[127.02020513486632,37.51481451421862],[127.0202048131528,37.514815588708274],[127.02019522384889,37.51484775314687],[127.0201951345601,37.51484805138727],[127.02019269284263,37.51485623136405],[127.0201869833073,37.51487537866951],[127.0201240289639,37.51508612913999],[127.02008797419194,37.515206956982894],[127.02000201858746,37.51549453802741],[127.02000137547246,37.515496691483506],[127.0199811710087,37.51556430549907],[127.01998117064355,37.51556430672146],[127.02010571566693,37.51561427341343],[127.02011317190285,37.51558933308147],[127.0202199699743,37.515232012378924],[127.02025603471513,37.51511113944537],[127.02031898871664,37.51490042494507],[127.02034577510105,37.51481059240933],[127.02038091494362,37.514692945105566],[127.02038091930156,37.51469293053152],[127.02024948520906,37.51466615990535],[127.02023568733654,37.5147122844497],[127.02022635081812,37.51474349283904],[127.02022625893109,37.51474380152067],[127.02022617137881,37.51474409263534]]]}},{"type":"Feature","id":393,"properties":{"model_ref_id":393,"source_type":"MODEL_REFERENCE","model_use":"역세권활성화 간선가로형","reference_name":"노선형 상업지역 판정용 참조도형"},"geometry":{"type":"Polygon","coordinates":[[[127.01918345620781,37.51581167564926],[127.0190783548764,37.51587387532686],[127.01907835369809,37.51587387977425],[127.01920416649857,37.51591444772428],[127.01930460081071,37.51587316864042],[127.01936292394656,37.51567800638442],[127.01938485156549,37.51560466284847],[127.01941762992048,37.5154951881442],[127.01934353689909,37.515471241099235],[127.01929033902243,37.515454049324],[127.01923558561629,37.51563736228471],[127.01918345620781,37.51581167564926]]]}},{"type":"Feature","id":394,"properties":{"model_ref_id":394,"source_type":"MODEL_REFERENCE","model_use":"역세권활성화 간선가로형","reference_name":"노선형 상업지역 판정용 참조도형"},"geometry":{"type":"Polygon","coordinates":[[[127.0199355029013,37.51571729906956],[127.02016962442616,37.516127755900406],[127.02018384911794,37.51613371786276],[127.0202132898936,37.51614603963316],[127.02035412814469,37.51620503384056],[127.02044621047814,37.516243672727185],[127.02044975123606,37.51624514982703],[127.02073433598424,37.51636436241659],[127.0208063841772,37.51625511426822],[127.02051825898491,37.51613430095447],[127.0204261563929,37.516095681047055],[127.02028534995144,37.516036640969276],[127.0202608826036,37.51602638137504],[127.02007824823649,37.51570628649488],[127.02008956319311,37.5156683451172],[127.02008956342794,37.51566834433021],[127.01996501948771,37.51561837301006],[127.0199601165597,37.51563479198507],[127.01995050144538,37.51566700371831],[127.0199355029013,37.51571729906956]]]}},{"type":"Feature","id":395,"properties":{"model_ref_id":395,"source_type":"MODEL_REFERENCE","model_use":"역세권활성화 간선가로형","reference_name":"노선형 상업지역 판정용 참조도형"},"geometry":{"type":"Polygon","coordinates":[[[127.01904368194883,37.51624456532175],[127.01920545277605,37.51610933145225],[127.01903088634684,37.5160530457866],[127.01904368194883,37.51624456532175]]]}},{"type":"Feature","id":396,"properties":{"model_ref_id":396,"source_type":"MODEL_REFERENCE","model_use":"역세권활성화 간선가로형","reference_name":"노선형 상업지역 판정용 참조도형"},"geometry":{"type":"Polygon","coordinates":[[[127.02111169276905,37.51638313053371],[127.02086648396201,37.516280316230194],[127.02079440468312,37.51638958108912],[127.02073433598424,37.51636436241659],[127.02079440468525,37.516389590098996],[127.02091637478928,37.516440702816304],[127.0210404491673,37.51649269805555],[127.02119602106492,37.516557894880535],[127.02127790884184,37.516592211678294],[127.02134965331024,37.51648290928806],[127.0213496526911,37.516482909028475],[127.02111169276905,37.51638313053371]]]}},{"type":"Feature","id":397,"properties":{"model_ref_id":397,"source_type":"MODEL_REFERENCE","model_use":"역세권활성화 간선가로형","reference_name":"노선형 상업지역 판정용 참조도형"},"geometry":{"type":"Polygon","coordinates":[[[127.02005245703303,37.516699720566535],[127.02029014009409,37.51679934423225],[127.02034576151642,37.51671067001141],[127.0201255742107,37.51661837253205],[127.02005298477448,37.51658794471789],[127.02005298482058,37.516587944580856],[127.02004374370985,37.516584070895924],[127.01972914940681,37.51669788835411],[127.01972296014746,37.516700128872074],[127.01968357821788,37.516714396552764],[127.01963192003537,37.51673311348875],[127.0195644316949,37.516958914243055],[127.01970751633908,37.51698602685651],[127.01976155392717,37.51680490751083],[127.01993817813045,37.51674104460882],[127.02005245703303,37.516699720566535]]]}},{"type":"Feature","id":398,"properties":{"model_ref_id":398,"source_type":"MODEL_REFERENCE","model_use":"역세권활성화 간선가로형","reference_name":"노선형 상업지역 판정용 참조도형"},"geometry":{"type":"Polygon","coordinates":[[[127.02092973360936,37.51706728323331],[127.02098740280455,37.51697942929431],[127.0208042427073,37.51690271076456],[127.02068556385304,37.51685300298634],[127.0204258306776,37.51674421107376],[127.02037022218195,37.51683284050617],[127.02062789673073,37.516940821956084],[127.02074656437667,37.516990538803036],[127.02092972576604,37.517067279945586],[127.02092973360936,37.51706728323331]]]}},{"type":"Feature","id":399,"properties":{"model_ref_id":399,"source_type":"MODEL_REFERENCE","model_use":"역세권활성화 간선가로형","reference_name":"노선형 상업지역 판정용 참조도형"},"geometry":{"type":"Polygon","coordinates":[[[127.01900496627965,37.51640747014802],[127.01885064368663,37.516917647573955],[127.0186857721138,37.51747071444232],[127.01866469490328,37.51754467984995],[127.01879686027921,37.517572412284686],[127.0188576728352,37.517369051005396],[127.01888016661209,37.517293815432126],[127.01897748838927,37.51696818500298],[127.01898596579478,37.5169395324154],[127.01905175071644,37.51671941195069],[127.019091538003,37.516586420598735],[127.01916647780229,37.51633557509161],[127.01911670371419,37.51631404824436],[127.01900496627965,37.51640747014802]]]}},{"type":"Feature","id":400,"properties":{"model_ref_id":400,"source_type":"MODEL_REFERENCE","model_use":"역세권활성화 간선가로형","reference_name":"노선형 상업지역 판정용 참조도형"},"geometry":{"type":"Polygon","coordinates":[[[127.01940474721725,37.517942517913866],[127.01940594763703,37.5179385813282],[127.01945399927757,37.51778059531121],[127.01951515742395,37.51761812952884],[127.01959256313538,37.517364040793396],[127.01963190837705,37.51723487763726],[127.01968649131226,37.51705614171868],[127.01968649497641,37.517056129499416],[127.01954340937542,37.51702901436077],[127.01954340918059,37.51702901501029],[127.01954053087519,37.51703845541945],[127.01948917527525,37.517206975964676],[127.01944997561044,37.51733564260889],[127.01937218624089,37.51759089448162],[127.01932869001277,37.51773363042073],[127.01932164095764,37.51775677437593],[127.01932120464633,37.51775820520606],[127.01932033767646,37.517761053350725],[127.01927405020236,37.5179131015563],[127.01924906952989,37.51799491475486],[127.01938107684262,37.518019944804394],[127.01940474721725,37.517942517913866]]]}},{"type":"Feature","id":401,"properties":{"model_ref_id":401,"source_type":"MODEL_REFERENCE","model_use":"역세권활성화 간선가로형","reference_name":"노선형 상업지역 판정용 참조도형"},"geometry":{"type":"Polygon","coordinates":[[[127.01857531002742,37.518313955277854],[127.01864426233074,37.518083022811894],[127.01869252878633,37.517921829560585],[127.018737969039,37.51776955644847],[127.01878114844791,37.517625032118936],[127.01864966320534,37.51759742989123],[127.01863204819855,37.517659245321354],[127.01847003245399,37.51819898491917],[127.01844285318714,37.518288850245526],[127.01857531002742,37.518313955277854]]]}},{"type":"Feature","id":402,"properties":{"model_ref_id":402,"source_type":"MODEL_REFERENCE","model_use":"역세권활성화 간선가로형","reference_name":"노선형 상업지역 판정용 참조도형"},"geometry":{"type":"Polygon","coordinates":[[[127.01916273844671,37.518764623978946],[127.01916360654207,37.51876166771716],[127.0191736664037,37.51872697828588],[127.0192151946647,37.51858538225973],[127.01921605371274,37.51858245392934],[127.01926933828031,37.5184007541702],[127.01927019619471,37.51839783394841],[127.01936537990952,37.51807254593083],[127.01936538032686,37.518072544532295],[127.01923335792759,37.518047534645405],[127.01913795884491,37.51837325506188],[127.0191295757606,37.518401874836286],[127.01908392917065,37.518557874967684],[127.01904154162074,37.518702399277444],[127.01903878360105,37.51871181498104],[127.0190313798968,37.51873708871144],[127.01899814794459,37.51885054567817],[127.01897801656679,37.51891927579818],[127.01895744431302,37.51898949561267],[127.01894715930507,37.51902460551061],[127.01907973608161,37.51904975218452],[127.0190806399277,37.519044679496744],[127.0191100173838,37.51894432340757],[127.01916273844671,37.518764623978946]]]}},{"type":"Feature","id":403,"properties":{"model_ref_id":403,"source_type":"MODEL_REFERENCE","model_use":"역세권활성화 간선가로형","reference_name":"노선형 상업지역 판정용 참조도형"},"geometry":{"type":"Polygon","coordinates":[[[127.01827380763359,37.518847776201525],[127.01837872697308,37.51886642733481],[127.01852983918218,37.51836093003491],[127.01842695566066,37.51834141360569],[127.01827380763359,37.518847776201525]]]}},{"type":"Feature","id":404,"properties":{"model_ref_id":404,"source_type":"MODEL_REFERENCE","model_use":"역세권활성화 간선가로형","reference_name":"노선형 상업지역 판정용 참조도형"},"geometry":{"type":"Polygon","coordinates":[[[127.01389551294909,37.572334482469],[127.01389547253918,37.57233447000446],[127.01389546993313,37.57233447526514],[127.01390727676838,37.57233710504104],[127.01390728764963,37.57233710508748],[127.01389551294909,37.572334482469]]]}},{"type":"Feature","id":405,"properties":{"model_ref_id":405,"source_type":"MODEL_REFERENCE","model_use":"역세권활성화 간선가로형","reference_name":"노선형 상업지역 판정용 참조도형"},"geometry":{"type":"Polygon","coordinates":[[[127.01339865125301,37.572521049838606],[127.01338910156221,37.572551143414536],[127.013365340879,37.572547145143204],[127.01338168229294,37.57251614098439],[127.01333687670397,37.572500999424165],[127.01322074285598,37.572466267700754],[127.01321098482975,37.57246316016025],[127.013131788777,37.572439038707536],[127.01302663557718,37.572406792558965],[127.01300627837992,37.57245911419993],[127.01300407499883,37.572488873761856],[127.013002020929,37.57250862170956],[127.01353766572662,37.57267713070199],[127.01356161701946,37.572569922610654],[127.01350441603212,37.57255324154218],[127.01339865125301,37.572521049838606]]]}},{"type":"Feature","id":406,"properties":{"model_ref_id":406,"source_type":"MODEL_REFERENCE","model_use":"역세권활성화 간선가로형","reference_name":"노선형 상업지역 판정용 참조도형"},"geometry":{"type":"Polygon","coordinates":[[[127.01385452889478,37.57266374223483],[127.01376995496094,37.572635585312405],[127.01369580715024,37.57261144576015],[127.01363016115045,37.57259179228015],[127.01362119037567,37.5726326615454],[127.01360652613498,37.572698793329835],[127.0138658865726,37.57278038442322],[127.01385353542494,37.57276048056574],[127.01382338519981,37.57272111049091],[127.01385452889478,37.57266374223483]]]}},{"type":"Feature","id":407,"properties":{"model_ref_id":407,"source_type":"MODEL_REFERENCE","model_use":"역세권활성화 간선가로형","reference_name":"노선형 상업지역 판정용 참조도형"},"geometry":{"type":"Polygon","coordinates":[[[127.01525953960852,37.572749261343],[127.01525974100458,37.57274915700895],[127.01509214383832,37.57269906602656],[127.01509210147623,37.572699053364936],[127.01509210082193,37.57269905792214],[127.01518446343307,37.572727888831295],[127.01525953960852,37.572749261343]]]}},{"type":"Feature","id":408,"properties":{"model_ref_id":408,"source_type":"MODEL_REFERENCE","model_use":"역세권활성화 간선가로형","reference_name":"노선형 상업지역 판정용 참조도형"},"geometry":{"type":"Polygon","coordinates":[[[127.01384787097066,37.57272886569081],[127.01390599489024,37.57279300186083],[127.01424223667364,37.572898777463784],[127.01427741697988,37.57284539439375],[127.01430787153915,37.57279909012114],[127.01424627781681,37.572780265499176],[127.01417173356539,37.57275645063691],[127.0141071851946,37.57273587831935],[127.01399963151033,37.572704606322596],[127.01394452466434,37.57268920466513],[127.01387602569125,37.57266774962524],[127.01384787097066,37.57272886569081]]]}},{"type":"Feature","id":409,"properties":{"model_ref_id":409,"source_type":"MODEL_REFERENCE","model_use":"역세권활성화 간선가로형","reference_name":"노선형 상업지역 판정용 참조도형"},"geometry":{"type":"Polygon","coordinates":[[[127.01442733482753,37.572836469333716],[127.01436860501934,37.57281811300906],[127.0143224295281,37.57280410719009],[127.01430385758393,37.572829399476284],[127.01426878925523,37.572907130373615],[127.01471421477059,37.573047215369996],[127.01474624798253,37.572987136076],[127.0147688129362,37.57294418411379],[127.01476968372685,37.57293886824453],[127.0147338774929,37.572927897858975],[127.01471706687784,37.57292329551462],[127.01463523260513,37.57290087818566],[127.01457393297832,37.57288171133362],[127.01442733482753,37.572836469333716]]]}},{"type":"Feature","id":410,"properties":{"model_ref_id":410,"source_type":"MODEL_REFERENCE","model_use":"역세권활성화 간선가로형","reference_name":"노선형 상업지역 판정용 참조도형"},"geometry":{"type":"Polygon","coordinates":[[[127.01507713339365,37.57303389069754],[127.01507682277803,37.57303380007223],[127.01499810610211,37.57301083363838],[127.01493783671704,37.57299369407655],[127.01478789845928,37.5729463715977],[127.01478471823981,37.572950471373716],[127.0147538013361,37.57300656946783],[127.01473400475952,37.57305343921127],[127.01492566436207,37.573113714862934],[127.01494944651056,37.57310868499709],[127.01502068501426,37.573126526204376],[127.01507009432763,37.57304543297026],[127.01507321777112,37.5730403060751],[127.01507713238439,37.57303389235104],[127.01507713339365,37.57303389069754]]]}},{"type":"Feature","id":411,"properties":{"model_ref_id":411,"source_type":"MODEL_REFERENCE","model_use":"역세권활성화 간선가로형","reference_name":"노선형 상업지역 판정용 참조도형"},"geometry":{"type":"Polygon","coordinates":[[[127.0150892699488,37.57304454805407],[127.01508785491122,37.57304416978684],[127.01507321777112,37.5730403060751],[127.0150892699488,37.57304454805407]]]}},{"type":"Feature","id":412,"properties":{"model_ref_id":412,"source_type":"MODEL_REFERENCE","model_use":"역세권활성화 간선가로형","reference_name":"노선형 상업지역 판정용 참조도형"},"geometry":{"type":"Polygon","coordinates":[[[127.01505150890031,37.57312653208186],[127.01504436480548,37.57313402027986],[127.01524288044288,37.573196845383805],[127.01524537149348,37.57319135573435],[127.01527654237806,37.573098083048095],[127.01527838907022,37.57309256383051],[127.01527842054983,37.57309246974735],[127.01521562552513,37.57307423057922],[127.01509212154413,37.5730383580296],[127.0150892699488,37.57304454805407],[127.01505150890031,37.57312653208186]]]}},{"type":"Feature","id":413,"properties":{"model_ref_id":413,"source_type":"MODEL_REFERENCE","model_use":"역세권활성화 간선가로형","reference_name":"노선형 상업지역 판정용 참조도형"},"geometry":{"type":"Polygon","coordinates":[[[127.0154770770638,37.573374233204525],[127.01547707706376,37.57337423320353],[127.01547566580791,37.57334904826109],[127.01547138334713,37.57325957238149],[127.01547048892363,37.573245500067316],[127.01547044133653,37.573244752259384],[127.01547039960018,37.57324390241008],[127.01546932822859,37.57322210984622],[127.01545137135739,37.57320038910572],[127.01539539493804,37.57312944352449],[127.01537399723968,37.573122838539646],[127.0152968502922,37.573099026970404],[127.01529558312632,37.57310301844383],[127.01526374599621,37.57320344877031],[127.01535796547981,37.57323326664259],[127.0153602185922,37.57337350395521],[127.01544103391478,37.57339412090176],[127.01547710766067,37.57337478012585],[127.0154770770638,37.573374233204525]]]}},{"type":"Feature","id":414,"properties":{"model_ref_id":414,"source_type":"MODEL_REFERENCE","model_use":"역세권활성화 간선가로형","reference_name":"노선형 상업지역 판정용 참조도형"},"geometry":{"type":"Polygon","coordinates":[[[127.01648062208496,37.573528015313045],[127.0164794632116,37.57352445817442],[127.01648883834108,37.57341226043177],[127.01640301890447,37.573391501118394],[127.01637972168103,37.57338623211897],[127.01626623507885,37.573358206388995],[127.01611499502505,37.57331979643717],[127.0161126970804,37.573319715603425],[127.0160084596344,37.57329536459944],[127.01599039726983,37.57329083441363],[127.01586151807508,37.57336972051544],[127.01585492978026,37.573373752706026],[127.0158502107181,37.57337664126983],[127.01585025939501,37.573376650274355],[127.01594836933761,37.57340029932341],[127.01612895179113,37.573445634775],[127.01632432919848,37.57348900414959],[127.01646464653555,37.57352402648886],[127.01648059244214,37.57352800790717],[127.01648062208496,37.573528015313045]]]}},{"type":"Feature","id":415,"properties":{"model_ref_id":415,"source_type":"MODEL_REFERENCE","model_use":"역세권활성화 간선가로형","reference_name":"노선형 상업지역 판정용 참조도형"},"geometry":{"type":"Polygon","coordinates":[[[127.01656842824589,37.573550314311476],[127.01666133849632,37.573574078902766],[127.01666779706356,37.57355141192558],[127.01669349242675,37.57354710227197],[127.01671015557348,37.57354857795081],[127.0167852884338,37.57356356153432],[127.01678838852543,37.57355508295127],[127.01689560390118,37.57358041498431],[127.01693360731132,37.57359400630632],[127.0169623434619,37.57356679332408],[127.01696234346345,37.5735668016208],[127.0169647996321,37.57356447635014],[127.01699322778143,37.57353755496895],[127.01693915227075,37.573523829633615],[127.01693900517226,37.573523793198255],[127.0169198397249,37.573519047288414],[127.01680747333407,37.573490733633975],[127.01671477166988,37.573467255859036],[127.01667821475141,37.57345826740619],[127.01665384813806,37.57345227573081],[127.01665384812775,37.57345227572826],[127.01664166350179,37.5734492798424],[127.01663858440428,37.57344877564831],[127.01656014570796,37.57343059477159],[127.0165579494524,37.57342948591668],[127.01654803777645,37.573517242507364],[127.01655642590205,37.57351774609608],[127.01656548375207,37.57352848474064],[127.01656842824589,37.573550314311476]]]}},{"type":"Feature","id":416,"properties":{"model_ref_id":416,"source_type":"MODEL_REFERENCE","model_use":"역세권활성화 간선가로형","reference_name":"노선형 상업지역 판정용 참조도형"},"geometry":{"type":"Polygon","coordinates":[[[127.01685975068358,37.573624828492235],[127.01690033351736,37.57363494719454],[127.01692109029074,37.5736090090962],[127.01683936794612,37.573587350107694],[127.0168149838731,37.57358182093815],[127.01677120887923,37.57357658233425],[127.01669981250097,37.573566679836865],[127.01668363954741,37.573579783054235],[127.01685975068358,37.573624828492235]]]}},{"type":"Feature","id":417,"properties":{"model_ref_id":417,"source_type":"MODEL_REFERENCE","model_use":"역세권활성화 간선가로형","reference_name":"노선형 상업지역 판정용 참조도형"},"geometry":{"type":"Polygon","coordinates":[[[127.01816599647476,37.57389050249829],[127.01805553204312,37.573852719102625],[127.01801024605975,37.57383723028682],[127.01796721090656,37.57382304453379],[127.01796721090318,37.57382304453266],[127.01792417496152,37.57380885939952],[127.01772543097182,37.57373968992745],[127.01766812324112,37.57371903667007],[127.01766738853969,37.57371883764452],[127.01766727287095,37.57371880580917],[127.0176517597002,37.573714594248734],[127.01763196664864,37.57370922136368],[127.01750586615778,37.57367386350705],[127.01749973048203,37.573672387552506],[127.01748372669086,37.57366805399584],[127.01748372340909,37.573668053107376],[127.01748372329504,37.57366805489724],[127.01748192492093,37.57367577651595],[127.01747258396868,37.573723926029885],[127.01748912254139,37.573724833996586],[127.01749459096806,37.573729527432945],[127.0174946099624,37.573782524257545],[127.0175908814807,37.57380466634514],[127.01759595298377,37.57380556669991],[127.01767840005151,37.57382615290786],[127.01769827987626,37.57383648468156],[127.01802921101054,37.57397045488829],[127.01819679072175,37.57402197855519],[127.01837922419784,37.5740819602564],[127.01855475206347,37.574138491829665],[127.01872501536555,37.574197454416584],[127.01875630036719,37.574119850924184],[127.01876278311224,37.57410272243226],[127.01876574779705,37.57409726209891],[127.01870421639896,37.57407569406215],[127.018683707073,37.574068505610256],[127.0186535371635,37.57405799505526],[127.0186300340741,37.57404980746572],[127.01859022455226,37.57403603448031],[127.01855041391303,37.574022261481595],[127.01848733571379,37.5740004381069],[127.0184707960748,37.573994716344295],[127.01846359835426,37.57399233148997],[127.01845100970303,37.573988160695784],[127.01843046695475,37.57398135497628],[127.01843046693796,37.57398135497075],[127.01841783035178,37.57397716864459],[127.0184167476377,37.573976809956385],[127.0183745597151,37.573962834193495],[127.01830735945028,37.57393820110128],[127.01825066420639,37.57391946803649],[127.01816599647476,37.57389050249829]]]}},{"type":"Feature","id":418,"properties":{"model_ref_id":418,"source_type":"MODEL_REFERENCE","model_use":"역세권활성화 간선가로형","reference_name":"노선형 상업지역 판정용 참조도형"},"geometry":{"type":"Polygon","coordinates":[[[127.0187814866608,37.574217010485725],[127.01888358761109,37.5742523680578],[127.01909594373444,37.574325210622625],[127.01932838401962,37.5744074022065],[127.01935755481361,37.57441776578662],[127.01935696875056,37.57441511064702],[127.01933905368027,37.574383921197736],[127.01933187427801,37.57437238964602],[127.01931145831016,37.57434489455505],[127.01928495418662,37.57427445959566],[127.01929980708114,37.57427931383266],[127.01920552745706,37.57424848623777],[127.01916308543908,37.574232923108795],[127.0191323379252,37.574221710104105],[127.01906064295245,37.57419618698518],[127.01894226101471,37.5741546669152],[127.0189383866603,37.57419417540708],[127.01893711994218,37.57419944631026],[127.01894121797504,37.57420037376765],[127.01893093906097,37.57425192922303],[127.01889952510643,37.57424737448902],[127.01888537093394,37.574227653939175],[127.01889480836896,37.57421143503341],[127.01890744382185,37.57416913232803],[127.01891398209224,37.57414708447004],[127.01881989586836,37.5741192658135],[127.0187814866608,37.574217010485725]]]}},{"type":"Feature","id":419,"properties":{"model_ref_id":419,"source_type":"MODEL_REFERENCE","model_use":"역세권활성화 간선가로형","reference_name":"노선형 상업지역 판정용 참조도형"},"geometry":{"type":"Polygon","coordinates":[[[127.01936670220343,37.57435517611832],[127.01936924909576,37.57435467121732],[127.01939087065101,37.574407970195544],[127.01949923183444,37.57438360165074],[127.01950662174123,37.574425640342156],[127.01952831509453,37.57444464799],[127.01955335311509,37.574436157259775],[127.01959043340223,37.57441758287156],[127.01959107132129,37.574384498800285],[127.01958771950214,37.57437955289053],[127.01953992289684,37.57436368431467],[127.01932688658073,37.57428877038896],[127.01936271742183,37.574354545983404],[127.01936670220343,37.57435517611832]]]}},{"type":"Feature","id":420,"properties":{"model_ref_id":420,"source_type":"MODEL_REFERENCE","model_use":"역세권활성화 간선가로형","reference_name":"노선형 상업지역 판정용 참조도형"},"geometry":{"type":"Polygon","coordinates":[[[127.01939257146522,37.574420826943054],[127.01937592248481,37.5744242913094],[127.01946347635155,37.57445539670841],[127.01949236487594,37.57446558243651],[127.01948174605731,37.57440019112726],[127.01939543512712,37.57441943903731],[127.01939257146522,37.574420826943054]]]}},{"type":"Feature","id":421,"properties":{"model_ref_id":421,"source_type":"MODEL_REFERENCE","model_use":"역세권활성화 간선가로형","reference_name":"노선형 상업지역 판정용 참조도형"},"geometry":{"type":"Polygon","coordinates":[[[127.0197788724163,37.57444414421976],[127.01962049338623,37.57439055826639],[127.01962187531322,37.57439454941322],[127.01961661701132,37.574419390167456],[127.01960558188098,37.57442792399601],[127.01949793018659,37.57446754469348],[127.01962174269768,37.57451119929812],[127.01970418178202,37.57454076685938],[127.01983620598914,37.574584869133695],[127.01989598590254,37.57460517740435],[127.01991045248121,37.574577371404146],[127.01992560405242,37.5745509344885],[127.01994282581312,37.57451845169942],[127.01995227394619,37.57450227850961],[127.01983054081775,37.57446110233369],[127.0197788724163,37.57444414421976]]]}},{"type":"Feature","id":422,"properties":{"model_ref_id":422,"source_type":"MODEL_REFERENCE","model_use":"역세권활성화 간선가로형","reference_name":"노선형 상업지역 판정용 참조도형"},"geometry":{"type":"Polygon","coordinates":[[[127.02046902054023,37.57480126533356],[127.02049214100994,37.574805721276824],[127.02050329174672,37.5748076837639],[127.02055171832168,37.57482951078427],[127.02059180045639,37.57484315122372],[127.02061652529225,37.57485067973648],[127.0206168350801,37.574850792120934],[127.0206883088063,37.574872606806636],[127.02071490982361,37.574857701699976],[127.02073167907584,37.57482761547165],[127.02073547416197,37.574791855013245],[127.0207479663366,37.57476993230065],[127.02063920709504,37.574738963867524],[127.0205981456989,37.57472404074563],[127.02057477908856,37.57471554797868],[127.02054414438436,37.57470441641402],[127.02050192837777,37.574689484419956],[127.02043328932818,37.57466578076298],[127.02030163811533,37.5746213637595],[127.02017074548942,37.57457689243999],[127.02011159365495,37.57455674608893],[127.02004184547891,37.574533006325],[127.02003372839538,37.57453029554429],[127.01997764733778,37.57462323967735],[127.01997371130302,37.57463158200552],[127.01999121199876,37.574637527270994],[127.0202448233464,37.57472225476752],[127.02036977336375,37.574767294493554],[127.02046902054023,37.57480126533356]]]}},{"type":"Feature","id":423,"properties":{"model_ref_id":423,"source_type":"MODEL_REFERENCE","model_use":"역세권활성화 간선가로형","reference_name":"노선형 상업지역 판정용 참조도형"},"geometry":{"type":"Polygon","coordinates":[[[127.02077248236833,37.574851710560196],[127.02080734695541,37.57489397028169],[127.02085767023469,37.5749169106532],[127.02085906915396,37.57492472479864],[127.02098619847702,37.57496352589991],[127.02098966908235,37.57496458503904],[127.02108130035263,37.57487666596012],[127.02105364166722,37.57486799603615],[127.02093682252043,37.57483137767562],[127.02092989401311,37.57482880192345],[127.02078259706326,37.57478097311385],[127.02077481360749,37.57480103009455],[127.02077248236833,37.574851710560196]]]}},{"type":"Feature","id":424,"properties":{"model_ref_id":424,"source_type":"MODEL_REFERENCE","model_use":"역세권활성화 간선가로형","reference_name":"노선형 상업지역 판정용 참조도형"},"geometry":{"type":"Polygon","coordinates":[[[127.02076197231108,37.574878309062825],[127.02073244282232,37.574886077038855],[127.0207789524598,37.57490027231612],[127.02076197231108,37.574878309062825]]]}},{"type":"Feature","id":425,"properties":{"model_ref_id":425,"source_type":"MODEL_REFERENCE","model_use":"역세권활성화 간선가로형","reference_name":"노선형 상업지역 판정용 참조도형"},"geometry":{"type":"Polygon","coordinates":[[[127.01561397411812,37.58951808045824],[127.01566838365657,37.5895527172371],[127.01568661503067,37.58956720300436],[127.01574593687674,37.58951929520826],[127.01583621873138,37.58944635678055],[127.01591515787794,37.58938080510509],[127.01594036893019,37.589359860606514],[127.01599483268893,37.589315166153405],[127.01601108916377,37.589301829899796],[127.01610208458379,37.58922730901813],[127.01616700849002,37.58917450452811],[127.01623546431433,37.589118690341884],[127.01630828981735,37.58905947893869],[127.01631918023813,37.58905063011371],[127.01638970745873,37.58899288751169],[127.01651149470422,37.58889299097476],[127.01643738072033,37.58883434698339],[127.01640997712015,37.58881272662636],[127.01609775503063,37.589065738081686],[127.01582730704477,37.58929467997185],[127.01560411713776,37.58947224067024],[127.01542819362233,37.589616442702585],[127.01525745837941,37.589656257576344],[127.01496093283171,37.58973421455232],[127.01515237451864,37.58979576126132],[127.01515238599934,37.58979573792433],[127.01526328989382,37.58976886869532],[127.01532275792694,37.58975444653911],[127.0155092178559,37.58970805367654],[127.01560434645127,37.58963074872641],[127.01567446777406,37.589576592491234],[127.01568479237733,37.589568617734386],[127.01561048732482,37.589520918908924],[127.01561397411812,37.58951808045824]]]}},{"type":"Feature","id":426,"properties":{"model_ref_id":426,"source_type":"MODEL_REFERENCE","model_use":"역세권활성화 간선가로형","reference_name":"노선형 상업지역 판정용 참조도형"},"geometry":{"type":"Polygon","coordinates":[[[127.01608097218578,37.58956606180413],[127.01622214128643,37.58945173910039],[127.01629754824816,37.58939050922912],[127.01636446460778,37.58933618175606],[127.01644489750815,37.58926984267902],[127.01658076727314,37.589158800601844],[127.01659444810808,37.58914784699708],[127.0165807661406,37.58915879880003],[127.01644489637583,37.58926984177818],[127.01636446347537,37.58933618085521],[127.01629754711576,37.58939050832825],[127.01622214015406,37.58945173819956],[127.0160809710534,37.58956606090329],[127.01597324288086,37.5896525936295],[127.01596776450519,37.589657048726195],[127.01597324401327,37.58965259453034],[127.01608097218578,37.58956606180413]]]}},{"type":"Feature","id":427,"properties":{"model_ref_id":427,"source_type":"MODEL_REFERENCE","model_use":"역세권활성화 간선가로형","reference_name":"노선형 상업지역 판정용 참조도형"},"geometry":{"type":"Polygon","coordinates":[[[127.015836047981,37.58976507850771],[127.0158380961273,37.58976337688668],[127.01583606949022,37.589765059584856],[127.01575420531307,37.58983211311742],[127.01573377543622,37.58984884697938],[127.01573377563977,37.58984884864101],[127.015836047981,37.58976507850771]]]}},{"type":"Feature","id":428,"properties":{"model_ref_id":428,"source_type":"MODEL_REFERENCE","model_use":"역세권활성화 간선가로형","reference_name":"노선형 상업지역 판정용 참조도형"},"geometry":{"type":"Polygon","coordinates":[[[127.01507211947703,37.59006224626759],[127.015099119726,37.59003961996778],[127.01508940907914,37.58992371921508],[127.01499850789922,37.5898911941614],[127.01499574528715,37.589891473744295],[127.014940559234,37.589872814262925],[127.01494055824818,37.5898728209778],[127.0149610151051,37.58999819083339],[127.01489682476071,37.59004578692924],[127.01442806635295,37.59042701873482],[127.01456619642421,37.590472214461485],[127.01459488677679,37.590448280410165],[127.01463207324228,37.59041722135866],[127.01475885602294,37.59031400070332],[127.014762185466,37.59031125356354],[127.01478129531716,37.59029593504779],[127.01484601841479,37.59024343130976],[127.01489582954444,37.59020296074661],[127.01494057008878,37.59016763792809],[127.01495444958563,37.59015651846612],[127.0150163527936,37.59010848109297],[127.01506965164707,37.59006504855904],[127.01507211947703,37.59006224626759]]]}},{"type":"Feature","id":429,"properties":{"model_ref_id":429,"source_type":"MODEL_REFERENCE","model_use":"역세권활성화 간선가로형","reference_name":"노선형 상업지역 판정용 참조도형"},"geometry":{"type":"Polygon","coordinates":[[[127.01563393307985,37.5901114870386],[127.01552768837479,37.590137349482895],[127.01552128587923,37.59013897022728],[127.01539787117673,37.59017032991029],[127.01531455204784,37.59019130314326],[127.01530852976309,37.59019282762706],[127.01528541366143,37.590211515251106],[127.01527714824117,37.59021846369306],[127.01525509513691,37.59023655760446],[127.01522326061101,37.59026176123371],[127.01521308309387,37.59026997919796],[127.01520702629242,37.59027424144576],[127.01520127532753,37.59027931454141],[127.01519067893749,37.590287910957436],[127.01517464846842,37.59030074252525],[127.01515694251854,37.590315078895145],[127.01514400263954,37.59032530631662],[127.01512959102466,37.59033666911899],[127.01510756036812,37.59035397914977],[127.01499540515752,37.59044431175679],[127.01499198453361,37.59044711593538],[127.01494847794288,37.59048015728477],[127.01494067740879,37.59048611542172],[127.01484991690951,37.590559617264205],[127.01484990366902,37.590559627738536],[127.0149406372206,37.59058926832883],[127.01499342486362,37.59060650994915],[127.01499343778406,37.59060649959235],[127.01521578208323,37.59042814731006],[127.01538235743722,37.59028823434374],[127.01554480456838,37.59024634882473],[127.01581602266968,37.59017880954095],[127.01586897554694,37.59016702892345],[127.01586897428676,37.59016701564159],[127.01586555373174,37.590165955330164],[127.01585383436425,37.590162001311846],[127.01582500596867,37.59015292258491],[127.01578788907482,37.590140871520674],[127.01573797718963,37.59012474940366],[127.01568863140912,37.590108410970245],[127.01568713685276,37.59010841113038],[127.0156693203497,37.59010290037327],[127.01564709697593,37.59010828320119],[127.01564659134935,37.59010840645774],[127.01563393307985,37.5901114870386]]]}},{"type":"Feature","id":430,"properties":{"model_ref_id":430,"source_type":"MODEL_REFERENCE","model_use":"역세권활성화 간선가로형","reference_name":"노선형 상업지역 판정용 참조도형"},"geometry":{"type":"Polygon","coordinates":[[[127.01418466981143,37.59077853385853],[127.01418489057261,37.590778349137345],[127.01418907958126,37.590774986696594],[127.01428940721688,37.590694241994974],[127.01432239611593,37.590667974759164],[127.01450594932693,37.59052059572707],[127.0145143459831,37.59051382664993],[127.01450747285301,37.5905112325029],[127.01437607197116,37.59046872287131],[127.01404989780954,37.590730340612645],[127.01397528744887,37.590790258842766],[127.0140860342268,37.590857572359134],[127.01418398488157,37.59077907901452],[127.01418466981143,37.59077853385853]]]}},{"type":"Feature","id":431,"properties":{"model_ref_id":431,"source_type":"MODEL_REFERENCE","model_use":"역세권활성화 간선가로형","reference_name":"노선형 상업지역 판정용 참조도형"},"geometry":{"type":"Polygon","coordinates":[[[127.01444221278368,37.59104023957746],[127.01473277006251,37.59081232695369],[127.01494068000127,37.59064878920433],[127.0149406466958,37.5906487778846],[127.01491141033938,37.590637969099866],[127.01479801463462,37.59060067626947],[127.01479799854593,37.59060068899694],[127.01471694021818,37.590668387470615],[127.01467241469724,37.59070558421701],[127.01464897326848,37.59072460834167],[127.01450028903035,37.5908453336337],[127.01436693104606,37.59095350138359],[127.01432804949047,37.59098505577762],[127.01430644963814,37.59100271251393],[127.01420294430041,37.59108740399781],[127.0143702174279,37.59107846506705],[127.01439885233334,37.59107582316851],[127.01444221278368,37.59104023957746]]]}},{"type":"Feature","id":432,"properties":{"model_ref_id":432,"source_type":"MODEL_REFERENCE","model_use":"역세권활성화 간선가로형","reference_name":"노선형 상업지역 판정용 참조도형"},"geometry":{"type":"Polygon","coordinates":[[[127.01403522497961,37.590899571657204],[127.01403799202669,37.59089729846373],[127.0140651127893,37.59087493614869],[127.01396662318686,37.59079721694543],[127.01357472503304,37.59111194080946],[127.0136271807359,37.5911154200608],[127.01375648544798,37.591123787481514],[127.01382414118301,37.591069542485315],[127.01394256100056,37.5909737396974],[127.01396102157908,37.59095896568497],[127.01398886470875,37.590936669203806],[127.01403522497961,37.590899571657204]]]}},{"type":"Feature","id":433,"properties":{"model_ref_id":433,"source_type":"MODEL_REFERENCE","model_use":"역세권활성화 간선가로형","reference_name":"노선형 상업지역 판정용 참조도형"},"geometry":{"type":"Polygon","coordinates":[[[127.01387338926781,37.591425802417724],[127.0137867710409,37.59142326056984],[127.01377735161593,37.59143004578587],[127.01378677104103,37.59142326147084],[127.01387338926781,37.591425802417724]]]}},{"type":"Feature","id":434,"properties":{"model_ref_id":434,"source_type":"MODEL_REFERENCE","model_use":"역세권활성화 간선가로형","reference_name":"노선형 상업지역 판정용 참조도형"},"geometry":{"type":"Polygon","coordinates":[[[127.01387444232408,37.59142618073153],[127.01396349606756,37.59142885743634],[127.01396350031709,37.59142885417424],[127.01387444232408,37.59142618073153]]]}},{"type":"Feature","id":435,"properties":{"model_ref_id":435,"source_type":"MODEL_REFERENCE","model_use":"역세권활성화 간선가로형","reference_name":"노선형 상업지역 판정용 참조도형"},"geometry":{"type":"Polygon","coordinates":[[[127.01363151647276,37.59154800097301],[127.0137222520414,37.59147431000207],[127.01372225204125,37.591474310002184],[127.01363151647276,37.59154800097301]]]}},{"type":"Feature","id":436,"properties":{"model_ref_id":436,"source_type":"MODEL_REFERENCE","model_use":"역세권활성화 간선가로형","reference_name":"노선형 상업지역 판정용 참조도형"},"geometry":{"type":"Polygon","coordinates":[[[127.01981155461777,37.59493905349841],[127.01986892609231,37.59499063129063],[127.01988409963577,37.59497981602423],[127.01973314563944,37.594844031389485],[127.0194280192268,37.59457979874212],[127.01916097992141,37.59434476205028],[127.0191511084875,37.59435192487054],[127.0193502174784,37.59452894847763],[127.01962082445151,37.59477066086265],[127.01981155461777,37.59493905349841]]]}},{"type":"Feature","id":437,"properties":{"model_ref_id":437,"source_type":"MODEL_REFERENCE","model_use":"역세권활성화 간선가로형","reference_name":"노선형 상업지역 판정용 참조도형"},"geometry":{"type":"Polygon","coordinates":[[[127.01941864752847,37.59506733567514],[127.01936505630572,37.59502115903304],[127.0193260520528,37.594987404823485],[127.01922282199592,37.59489654650881],[127.01909699779863,37.5947833920036],[127.01892338240972,37.59463192526055],[127.01884988662273,37.59456784535764],[127.01884988205295,37.594567848649746],[127.01874479715981,37.594643337501836],[127.01899875469574,37.59486613481278],[127.01915468045617,37.595000997953356],[127.01935349552612,37.59517226433422],[127.01951035270947,37.595309444181105],[127.01970761757545,37.59548327705511],[127.01974693888255,37.59551512102035],[127.01980072299745,37.595561835001895],[127.01982225574318,37.595547562613596],[127.01989946725358,37.595490582858524],[127.01991477929137,37.595504113339594],[127.01983906855997,37.59543718157441],[127.01976297287082,37.595369781306516],[127.01967770384162,37.59529475100979],[127.01956570768682,37.59519885777541],[127.01941864752847,37.59506733567514]]]}},{"type":"Feature","id":438,"properties":{"model_ref_id":438,"source_type":"MODEL_REFERENCE","model_use":"역세권활성화 간선가로형","reference_name":"노선형 상업지역 판정용 참조도형"},"geometry":{"type":"Polygon","coordinates":[[[127.0202299847619,37.595312249929535],[127.02025110743993,37.5953049932243],[127.02024799876594,37.59530219330622],[127.02002851176114,37.59510991252753],[127.01997457986283,37.59506120356601],[127.01990626973166,37.594999758189914],[127.01989175831524,37.595010205771864],[127.01989179503396,37.59501023725052],[127.01993502939108,37.59504849747049],[127.01994943002585,37.59506122428996],[127.01995247585563,37.595064009028505],[127.01995977019027,37.59507063801481],[127.0199825925011,37.59509083500437],[127.02001480041724,37.595119282855734],[127.020029813272,37.595132697407905],[127.0201305434067,37.59522233359456],[127.02013934652317,37.59523013006088],[127.02020270141874,37.5952870355627],[127.0202299847619,37.595312249929535]]]}},{"type":"Feature","id":439,"properties":{"model_ref_id":439,"source_type":"MODEL_REFERENCE","model_use":"역세권활성화 간선가로형","reference_name":"노선형 상업지역 판정용 참조도형"},"geometry":{"type":"Polygon","coordinates":[[[127.02052703944452,37.59556381303415],[127.02060305665808,37.59563078935984],[127.02066369366563,37.59568344240507],[127.02066401743222,37.59568373058211],[127.02066421464303,37.595683901825346],[127.02074643901506,37.595758355236136],[127.02082921920424,37.5958330872659],[127.02084348657162,37.59582273772113],[127.02060101632888,37.59561201421168],[127.02048302279775,37.595511469826306],[127.0204832634817,37.59551366214227],[127.02048489100373,37.59552846000595],[127.02052703944452,37.59556381303415]]]}},{"type":"Feature","id":440,"properties":{"model_ref_id":440,"source_type":"MODEL_REFERENCE","model_use":"역세권활성화 간선가로형","reference_name":"노선형 상업지역 판정용 참조도형"},"geometry":{"type":"Polygon","coordinates":[[[127.0203995357083,37.596033006402635],[127.02040042939248,37.59602932127709],[127.02040124380927,37.596025618143685],[127.02040195631434,37.596021906015466],[127.02040256690553,37.59601817588272],[127.02040309823357,37.596014445761654],[127.0204035276499,37.59601070664577],[127.02040386647562,37.59600694952369],[127.02040411471714,37.59600320142472],[127.02040427236815,37.5959994353195],[127.0204043281116,37.59599567823908],[127.02040429326672,37.5959919121622],[127.02040416783548,37.59598814609862],[127.02040394049679,37.595984389059815],[127.02040362256975,37.595980623024566],[127.0204032140585,37.595976866012386],[127.02040270363989,37.595973118025],[127.02040210263714,37.59596937906065],[127.02040141104817,37.595965640109654],[127.02039974479673,37.59595819828828],[127.02039875881101,37.595954495419605],[127.02039769356453,37.59595080157235],[127.02039652641488,37.59594713476935],[127.02039526868123,37.595943476989426],[127.02039392036568,37.59593983724235],[127.02039248146814,37.595936215528084],[127.0203909519908,37.59593262085638],[127.02038932060829,37.5959290442192],[127.0203875986439,37.59592548561484],[127.02038579742512,37.595921963061144],[127.02038389430122,37.59591845854194],[127.0203819005996,37.59591499007506],[127.02037982764156,37.5959115486491],[127.02037766410373,37.59590813426567],[127.02037539866504,37.59590475593625],[127.02037305396988,37.59590140464774],[127.02037184744607,37.59589974188482],[127.0203717081865,37.59589961944464],[127.02037174005012,37.59589959387776],[127.02029537222137,37.595834662674314],[127.02028857300161,37.595828941881805],[127.02027924477416,37.595821141372184],[127.0202294111427,37.595776332784936],[127.02019714550725,37.595747354341285],[127.0199906642545,37.595567597991334],[127.01989468556292,37.59563687457455],[127.0198905536955,37.59563985691579],[127.0199566860751,37.595697295648925],[127.02009604565481,37.59581590808399],[127.02017560790982,37.59588718993682],[127.02023365198403,37.59594067247548],[127.02027480807766,37.59597720738003],[127.02028165084523,37.59597183179391],[127.02038682309947,37.5960664312429],[127.02038738199683,37.59606534423772],[127.02038909100126,37.596061839187804],[127.02039070941291,37.59605830712183],[127.02039223723386,37.59605475704963],[127.02039368578527,37.59605117995979],[127.02039503242275,37.59604758486541],[127.0203962997928,37.59604397176309],[127.02039746524679,37.596040331646456],[127.02039855143343,37.59603667352193],[127.0203995357083,37.596033006402635]]]}},{"type":"Feature","id":441,"properties":{"model_ref_id":441,"source_type":"MODEL_REFERENCE","model_use":"역세권활성화 간선가로형","reference_name":"노선형 상업지역 판정용 참조도형"},"geometry":{"type":"Polygon","coordinates":[[[127.02087578934994,37.59587344453091],[127.0209318970537,37.59592450339192],[127.02099721174949,37.59598007471809],[127.02101110325341,37.59596986074193],[127.020889713808,37.59586297025832],[127.02087645730457,37.595872948892854],[127.02087645285604,37.59587294513909],[127.02087578934994,37.59587344453091]]]}},{"type":"Feature","id":442,"properties":{"model_ref_id":442,"source_type":"MODEL_REFERENCE","model_use":"역세권활성화 간선가로형","reference_name":"노선형 상업지역 판정용 참조도형"},"geometry":{"type":"Polygon","coordinates":[[[127.02061703231716,37.596124080964564],[127.02061563930455,37.59612303603922],[127.02061421232841,37.59612201814817],[127.02061276270987,37.59612101828006],[127.02061129045117,37.596120045444565],[127.02060978422894,37.596119099643374],[127.02060825536648,37.59611818087486],[127.02060670386379,37.596117289138974],[127.02060512971876,37.59611641542602],[127.02060353293562,37.59611557775543],[127.0206019135123,37.596114767117484],[127.02060027144654,37.59611397450244],[127.0205986067428,37.59611321792976],[127.02059691939873,37.596112488389736],[127.02059522073775,37.59611178588069],[127.02059349943659,37.59611111040427],[127.02059176682057,37.59611047096857],[127.02059001156223,37.59610984955574],[127.02058824498904,37.5961092641836],[127.02058645577566,37.59610870584414],[127.02058465524748,37.596108183545375],[127.02058284340227,37.59610768827758],[127.02058102024232,37.59610722905046],[127.02057918576331,37.59610678784455],[127.02057733997152,37.59610639168913],[127.02057547153743,37.59610601355654],[127.02057361443725,37.5961056804711],[127.02057173469467,37.59610536540852],[127.02056984363935,37.596105095396375],[127.02056795258834,37.59610484340378],[127.02056606154781,37.59610463645997],[127.02056415919037,37.59610445654707],[127.02056224551596,37.59610430366516],[127.02056034317339,37.596104186820575],[127.0205584295159,37.59610410601672],[127.02055650454143,37.59610405224379],[127.02055459089664,37.59610402549847],[127.02055373741771,37.59610403366178],[127.02052698941527,37.59612426552372],[127.02048536193796,37.596154011654086],[127.020556116075,37.596219668312955],[127.02067355659882,37.59632334691746],[127.02078137150616,37.59641765759589],[127.02080598567068,37.596440750767776],[127.0208239702948,37.59642858904025],[127.02088841245221,37.59638515224684],[127.02089406839542,37.596381366220584],[127.02089399733826,37.596381296123816],[127.02087694481597,37.59636236729334],[127.02075096920134,37.596239881477295],[127.02062105286076,37.59612735091066],[127.02061975041752,37.59612623389372],[127.02061840268748,37.59612514391283],[127.02061703231716,37.596124080964564]]]}},{"type":"Feature","id":443,"properties":{"model_ref_id":443,"source_type":"MODEL_REFERENCE","model_use":"역세권활성화 간선가로형","reference_name":"노선형 상업지역 판정용 참조도형"},"geometry":{"type":"Polygon","coordinates":[[[127.02087750933603,37.59636291617375],[127.02087750657945,37.59636291349356],[127.02089410718528,37.59638134025505],[127.02087750933603,37.59636291617375]]]}},{"type":"Feature","id":444,"properties":{"model_ref_id":444,"source_type":"MODEL_REFERENCE","model_use":"역세권활성화 간선가로형","reference_name":"노선형 상업지역 판정용 참조도형"},"geometry":{"type":"Polygon","coordinates":[[[127.02094164191529,37.59660047328693],[127.02102907377298,37.59654501018322],[127.02102901441764,37.59654491908287],[127.02101491274986,37.59652329058788],[127.02097188461389,37.59646943045144],[127.02092153631558,37.596408477039056],[127.02091744039822,37.596411095977146],[127.02085276059303,37.59645515449586],[127.02083620768732,37.596466425197164],[127.02084060168698,37.59646990261218],[127.02088386866151,37.59652854604446],[127.02094095207076,37.596599620841054],[127.02094164191529,37.59660047328693]]]}},{"type":"Feature","id":445,"properties":{"model_ref_id":445,"source_type":"MODEL_REFERENCE","model_use":"역세권활성화 간선가로형","reference_name":"노선형 상업지역 판정용 참조도형"},"geometry":{"type":"Polygon","coordinates":[[[127.0210291321937,37.59654497312347],[127.02101502939314,37.596523342826735],[127.02102912660122,37.596544976671126],[127.0210291321937,37.59654497312347]]]}},{"type":"Feature","id":446,"properties":{"model_ref_id":446,"source_type":"MODEL_REFERENCE","model_use":"역세권활성화 간선가로형","reference_name":"노선형 상업지역 판정용 참조도형"},"geometry":{"type":"Polygon","coordinates":[[[127.02108700846871,37.59674297188501],[127.02108833305205,37.59674191754007],[127.02108964630547,37.59674083616753],[127.0210909142609,37.59673973678238],[127.02109215956291,37.596738610371396],[127.0210933708925,37.59673747495581],[127.0210945595688,37.59673631251438],[127.02109571427044,37.59673513205862],[127.02109683499535,37.59673392457878],[127.02109792174782,37.596732708094315],[127.02109897452573,37.59673147359554],[127.02110000465026,37.59673021207091],[127.021100989479,37.59672894154343],[127.02110195165653,37.596727652999924],[127.02110286853605,37.59672634644377],[127.02110375144319,37.596725030883036],[127.02110461169916,37.59672369730625],[127.02110542665712,37.596722345716884],[127.0211062076427,37.59672098512292],[127.02110694333031,37.596719606516345],[127.02110765637111,37.59671822791326],[127.02110832411172,37.596716822287796],[127.02110895788215,37.59671541666752],[127.02110954635461,37.59671399303467],[127.02111010085682,37.59671256940698],[127.02111062138448,37.59671112776497],[127.02111109661857,37.59670968612992],[127.02111153787803,37.596708226480544],[127.02111194516732,37.59670676683632],[127.02111230716085,37.596705298189285],[127.02111263518415,37.59670382954744],[127.02111291790953,37.59670234289301],[127.02111316666685,37.59670086525356],[127.02111337012842,37.59669937861127],[127.02111353961764,37.59669788296441],[127.02111366381544,37.596696396334266],[127.02111375404088,37.59669490069957],[127.02111379897272,37.59669340507176],[127.02111380993439,37.596691909449184],[127.02111377560252,37.59669041383355],[127.02111370730044,37.59668891822306],[127.02111359370477,37.59668742261958],[127.02111344613895,37.596685927021255],[127.02111325328173,37.59668444043965],[127.02111302645436,37.596682953863215],[127.02111275433562,37.59668147630351],[127.0211124482467,37.59667999874901],[127.02111209686642,37.59667853021118],[127.02111171151596,37.59667706167857],[127.02111128087628,37.596675611172394],[127.02111081626651,37.59667416067145],[127.02111031768871,37.59667271918542],[127.02110977381959,37.59667128671613],[127.02110919598246,37.5966698632618],[127.02110858417738,37.59666844882242],[127.02110792708096,37.596667043399734],[127.02110774023842,37.5966666682889],[127.02110053305438,37.59665359655673],[127.02105835167612,37.59658995262003],[127.0210500904671,37.596577268900944],[127.02096775734299,37.59663030493222],[127.02096645994057,37.59663114108347],[127.02098738831268,37.596657002386394],[127.02101751812158,37.596701594333865],[127.0210536946478,37.596760414001764],[127.02106739911308,37.59675448035058],[127.02106904083047,37.59675375030892],[127.02107065989446,37.59675299324139],[127.02107226763073,37.59675221815608],[127.02107384138802,37.59675140703687],[127.02107540381535,37.59675056889005],[127.02107694358932,37.59674970371739],[127.02107844938871,37.596748820530365],[127.02107994385597,37.59674790130602],[127.02108140434864,37.5967469640673],[127.0210828421879,37.59674599980277],[127.021084257376,37.596745017522096],[127.02108564991076,37.59674400821562],[127.02108700846871,37.59674297188501]]]}},{"type":"Feature","id":447,"properties":{"model_ref_id":447,"source_type":"MODEL_REFERENCE","model_use":"역세권활성화 간선가로형","reference_name":"노선형 상업지역 판정용 참조도형"},"geometry":{"type":"Polygon","coordinates":[[[127.0240236247968,37.50481387389586],[127.02406486891373,37.504727362447994],[127.02412304454892,37.50460534893054],[127.02412296146194,37.504605201780045],[127.02410875769458,37.50463494902383],[127.02405536175938,37.50454039055475],[127.02381710808127,37.504468839987645],[127.0238823792827,37.504606508874815],[127.0239586466254,37.50462956075255],[127.02358918529582,37.50540515116145],[127.02369421097491,37.50550479353233],[127.02380624671517,37.505269804557926],[127.02382030764839,37.50524031266304],[127.02387669820979,37.50512203870263],[127.02393243302467,37.50500514334453],[127.02394046940465,37.50498829339804],[127.02394850578106,37.50497144345094],[127.02400421776066,37.504854575089766],[127.0240236247968,37.50481387389586]]]}},{"type":"Feature","id":448,"properties":{"model_ref_id":448,"source_type":"MODEL_REFERENCE","model_use":"역세권활성화 간선가로형","reference_name":"노선형 상업지역 판정용 참조도형"},"geometry":{"type":"Polygon","coordinates":[[[127.02306224478774,37.50683016920038],[127.02306684530133,37.506820518813825],[127.02325176916938,37.506432701056035],[127.02334044378266,37.506246739445615],[127.02337911233155,37.50616564365354],[127.02344541722874,37.50602660037969],[127.02351536150054,37.505879898015316],[127.02357963132445,37.505745116697256],[127.02363441760615,37.5056302218561],[127.02352942308191,37.50553060515566],[127.02295762405224,37.50673091384947],[127.02306224478774,37.50683016920038]]]}},{"type":"Feature","id":449,"properties":{"model_ref_id":449,"source_type":"MODEL_REFERENCE","model_use":"역세권활성화 간선가로형","reference_name":"노선형 상업지역 판정용 참조도형"},"geometry":{"type":"Polygon","coordinates":[[[127.02372131513637,37.506716458765275],[127.02372107857974,37.50671695128161],[127.02371796806072,37.506723469897594],[127.02371006840167,37.506740057671536],[127.02370100559843,37.50675904344392],[127.02369719285169,37.50676704458524],[127.02367398836986,37.506815738159794],[127.0236521096001,37.506861597985335],[127.02365190173938,37.50686203490001],[127.02365151713485,37.506862839843784],[127.02364575387415,37.506874920134536],[127.02364515102991,37.50687618273303],[127.0236039531095,37.50696262981837],[127.0235128480679,37.50715365559052],[127.02348638683543,37.507209170185924],[127.02348638513571,37.507209173751335],[127.023586326295,37.507304005676104],[127.02361326012331,37.50724750330921],[127.02373111878825,37.50700032306269],[127.02373113235265,37.5070002960306],[127.0238012341418,37.5068534583453],[127.02383718965054,37.50677775982084],[127.02391420519811,37.506616495989434],[127.02392195239776,37.50660026778332],[127.02398785083211,37.50646186849546],[127.02406979843148,37.50629039095268],[127.02415041966876,37.50612118768501],[127.02415042086326,37.50612118517789],[127.02405151398135,37.50602406143241],[127.02394255234678,37.50625266204284],[127.02386071759378,37.50642413497365],[127.02379504611082,37.506561907963324],[127.02378702083935,37.50657875789343],[127.02373459545468,37.506688624381546],[127.02373425735944,37.50668933668849],[127.0237313072113,37.50669551799922],[127.02372998473214,37.506698293281204],[127.02372896743809,37.506700419796665],[127.02372833659851,37.50670174087729],[127.02372331105079,37.506712272762094],[127.02372131513637,37.506716458765275]]]}},{"type":"Feature","id":450,"properties":{"model_ref_id":450,"source_type":"MODEL_REFERENCE","model_use":"역세권활성화 간선가로형","reference_name":"노선형 상업지역 판정용 참조도형"},"geometry":{"type":"Polygon","coordinates":[[[127.02297796585258,37.507006849641286],[127.02302080618,37.5069170136665],[127.02302539540166,37.50690739031332],[127.02292082576287,37.5068081586384],[127.0225741935158,37.507535780095544],[127.0227067468808,37.5075755280948],[127.02284009615482,37.50729591953063],[127.02290881071495,37.507151839645],[127.02297796585258,37.507006849641286]]]}},{"type":"Feature","id":451,"properties":{"model_ref_id":451,"source_type":"MODEL_REFERENCE","model_use":"역세권활성화 간선가로형","reference_name":"노선형 상업지역 판정용 참조도형"},"geometry":{"type":"Polygon","coordinates":[[[127.02327235569634,37.50765805335628],[127.02327214092924,37.50765850388816],[127.02326974458524,37.507663549843855],[127.02326952981564,37.507663991365824],[127.02326884029877,37.50766543306827],[127.02326321114595,37.50767727304365],[127.02323572091929,37.507734941120724],[127.02322428171433,37.50775892743533],[127.02321986200619,37.5077681453203],[127.02321661789397,37.50777499340005],[127.02321450412155,37.507779408613054],[127.02321084176566,37.50778709468496],[127.02320436481821,37.50780068272306],[127.02320353966176,37.50780243078491],[127.02320325706803,37.507803007466876],[127.023194360469,37.50782164070832],[127.02318412294196,37.5078431448019],[127.02318401837087,37.50784336610026],[127.02318379229996,37.50784384366361],[127.02318348710293,37.507844483418694],[127.02317550677253,37.50786124319692],[127.02315861918905,37.507896645978946],[127.02315844022394,37.50789701689664],[127.02315411629786,37.50790608040072],[127.02315401861878,37.50790628735742],[127.02315261532404,37.50790922663391],[127.0231098655233,37.50799883556878],[127.02310604489274,37.50800684511948],[127.02310384216076,37.50801146202751],[127.0230972631007,37.508025290780694],[127.02309415460164,37.50803182348718],[127.02307812602398,37.508065442150325],[127.02307163772568,37.5080790572121],[127.02305524739306,37.508113369695636],[127.02304210122848,37.50814097826069],[127.02304166038587,37.508141906355185],[127.02304119693531,37.50814287950303],[127.02303773801103,37.508150142069255],[127.02303091059007,37.50816447797814],[127.02303085214251,37.50816459657149],[127.02302607261376,37.50817463295577],[127.0230257335008,37.50817533578545],[127.02302533786423,37.50817613773362],[127.0230245126995,37.50817788579408],[127.02298813738673,37.50825417877759],[127.02298756089925,37.508255395211634],[127.02297497985788,37.508281769316625],[127.02297048097564,37.508291203442404],[127.02296952939409,37.508293193495874],[127.02296681426728,37.50829888440379],[127.02296598209216,37.50830063756801],[127.02296463694594,37.508303448884114],[127.02295992198528,37.50831333062799],[127.02292723511684,37.50838184222831],[127.02292717520679,37.50838196747606],[127.02292562351045,37.50838521858105],[127.02287991530086,37.50848113839416],[127.02286901845083,37.5085039893327],[127.02286025801214,37.508522361990956],[127.02279963564692,37.50864945679834],[127.02279763004803,37.50865363881001],[127.02279472571315,37.50865973035009],[127.02279456021971,37.50866008032022],[127.02279223163177,37.50866497308569],[127.022790942992,37.50866766726147],[127.02279040040705,37.50866880259968],[127.02279039496416,37.50866881364347],[127.02279007372604,37.50866948740675],[127.02278439844308,37.50868139054819],[127.02291120385179,37.50871982720471],[127.02291120565413,37.50871982342164],[127.02299507971694,37.50854392700989],[127.02310189993992,37.50832010297399],[127.0231517264593,37.50821535439844],[127.02315306255163,37.50821255299258],[127.02320486490758,37.50810405503621],[127.02322092849766,37.50807043635013],[127.02330251669066,37.50789945048762],[127.02336267408508,37.50777307717909],[127.02339013030044,37.50771541718764],[127.02341771204097,37.50765785717745],[127.02344516814755,37.507600107974056],[127.02354031715686,37.50740051542288],[127.02344038320588,37.50730568057512],[127.0234403819502,37.507305683209545],[127.02331821408983,37.50756192785484],[127.02331396395863,37.50757079432832],[127.0233136135485,37.50757152419054],[127.02331336487164,37.507572046807574],[127.02331316141,37.50757247931779],[127.02331244928959,37.5075739750838],[127.02330853827675,37.507582183776016],[127.02330818035401,37.5075828886625],[127.02330811839835,37.50758301893548],[127.02330767921,37.507583985903864],[127.02330705750782,37.507585256406806],[127.0233050233586,37.50758952714918],[127.02329069003744,37.50761966803088],[127.02328447547903,37.507632639956995],[127.02328341055197,37.50763487799367],[127.02328121765929,37.5076394463899],[127.02328024556249,37.50764150982409],[127.02327951083304,37.507643050643274],[127.0232730791186,37.507656521548995],[127.02327268350201,37.50765737755745],[127.02327235569634,37.50765805335628]]]}},{"type":"Feature","id":452,"properties":{"model_ref_id":452,"source_type":"MODEL_REFERENCE","model_use":"역세권활성화 간선가로형","reference_name":"노선형 상업지역 판정용 참조도형"},"geometry":{"type":"Polygon","coordinates":[[[127.02229008769818,37.5084496472949],[127.02233313313612,37.508359352053205],[127.02240700419979,37.508204387682355],[127.02245374571744,37.50810633426167],[127.02249141013503,37.50802732023816],[127.02255055170214,37.507903253146964],[127.02261721006808,37.50776339942959],[127.0226252018205,37.50774663067699],[127.0226826699966,37.507626077653086],[127.02255011345987,37.50758632637184],[127.0221579938182,37.508409411619844],[127.02229008769818,37.5084496472949]]]}},{"type":"Feature","id":453,"properties":{"model_ref_id":453,"source_type":"MODEL_REFERENCE","model_use":"역세권활성화 간선가로형","reference_name":"노선형 상업지역 판정용 참조도형"},"geometry":{"type":"Polygon","coordinates":[[[127.02217467380191,37.50869149178571],[127.02221858992998,37.50859938545836],[127.02226589715194,37.50850019677921],[127.02213389619308,37.508459993411215],[127.02194102480475,37.508864834008726],[127.02207342324571,37.50890379040935],[127.02210492775082,37.50883773374908],[127.02213376444199,37.508777272659145],[127.02217467380191,37.50869149178571]]]}},{"type":"Feature","id":454,"properties":{"model_ref_id":454,"source_type":"MODEL_REFERENCE","model_use":"역세권활성화 간선가로형","reference_name":"노선형 상업지역 판정용 참조도형"},"geometry":{"type":"Polygon","coordinates":[[[127.02178106287934,37.50951686173284],[127.02182123826923,37.50943262180189],[127.02189673927006,37.50927430583662],[127.0219047652547,37.509257456042526],[127.02195616541728,37.509149680410154],[127.02197624162235,37.50910758294072],[127.02201520703214,37.50902588392375],[127.02206140698762,37.50892901105595],[127.0219290004889,37.50889007311318],[127.02164905729941,37.50947767021389],[127.02178106287934,37.50951686173284]]]}},{"type":"Feature","id":455,"properties":{"model_ref_id":455,"source_type":"MODEL_REFERENCE","model_use":"역세권활성화 간선가로형","reference_name":"노선형 상업지역 판정용 참조도형"},"geometry":{"type":"Polygon","coordinates":[[[127.02268475444085,37.50889045475938],[127.02259397254356,37.50908084000346],[127.02259354299066,37.50908173205467],[127.02258981268423,37.50908956227526],[127.02258929269705,37.50909063453942],[127.02256287531475,37.50914605880336],[127.02255801460312,37.50915625881336],[127.0224950060708,37.50928838136901],[127.0224825151223,37.509314593223905],[127.02246382954053,37.50935376233183],[127.02244806036899,37.50938675016628],[127.02243460856178,37.5094150524702],[127.02241394472266,37.509458393477814],[127.02231194811118,37.50967230441123],[127.02243870406892,37.50971071821081],[127.02254778681947,37.50948212154013],[127.02256145227217,37.509453486723054],[127.0225907285631,37.50939212356435],[127.02259834407221,37.50937614685072],[127.02268457418567,37.50919519663611],[127.02272072418594,37.50911938132059],[127.02281149449544,37.50892898697239],[127.02283998138108,37.50886932765076],[127.02286836529707,37.50880965932903],[127.0228871180365,37.5087703831687],[127.02276033076328,37.50873194299518],[127.02275869313269,37.50873538205269],[127.02274767186404,37.508758485277056],[127.02274429410579,37.50876550142198],[127.02274335926303,37.50876745906085],[127.0227431842276,37.50876789236187],[127.0227415903821,37.5087712353008],[127.02271319503892,37.50883078646567],[127.0226963522215,37.50886604500992],[127.02269612730127,37.50886650219139],[127.02269610465423,37.50886654966644],[127.02269566268018,37.508867477698836],[127.02269389927324,37.5088711810613],[127.02269325494863,37.50887252364366],[127.02268656305846,37.508886634260826],[127.02268619003239,37.50888742719407],[127.02268475444085,37.50889045475938]]]}},{"type":"Feature","id":456,"properties":{"model_ref_id":456,"source_type":"MODEL_REFERENCE","model_use":"역세권활성화 간선가로형","reference_name":"노선형 상업지역 판정용 참조도형"},"geometry":{"type":"Polygon","coordinates":[[[127.02175698474798,37.50956741108593],[127.02162498628545,37.50952819469284],[127.02118501261657,37.510451679154045],[127.02131645075669,37.5104914451702],[127.02140429841823,37.51030717913064],[127.02145233127409,37.510206440990814],[127.02168729360102,37.50971358069296],[127.02175698474798,37.50956741108593]]]}},{"type":"Feature","id":457,"properties":{"model_ref_id":457,"source_type":"MODEL_REFERENCE","model_use":"역세권활성화 간선가로형","reference_name":"노선형 상업지역 판정용 참조도형"},"geometry":{"type":"Polygon","coordinates":[[[127.02210544081639,37.5104099610556],[127.0221701025492,37.51027444173366],[127.02224246098649,37.51012233389923],[127.02232012087332,37.509959422282826],[127.02241462246563,37.509761280045595],[127.02241462770198,37.50976126905072],[127.02228781336918,37.509722836621634],[127.02222470449968,37.50985515686794],[127.02220098763567,37.50990488910008],[127.02219335560493,37.5099209976724],[127.02218814431752,37.50993181796946],[127.02218611409444,37.509936074208966],[127.02215699615594,37.509997150403784],[127.0221156502366,37.510083891194135],[127.02204318978384,37.51023598995843],[127.02197852898581,37.51037150921166],[127.02184660672488,37.51064822425216],[127.02197351805607,37.510686678116755],[127.02197351895633,37.510686676235856],[127.02210544081639,37.5104099610556]]]}},{"type":"Feature","id":458,"properties":{"model_ref_id":458,"source_type":"MODEL_REFERENCE","model_use":"역세권활성화 간선가로형","reference_name":"노선형 상업지역 판정용 참조도형"},"geometry":{"type":"Polygon","coordinates":[[[127.02191055327305,37.510818492101926],[127.02194932747308,37.5107372166263],[127.02194933333604,37.510737204377484],[127.0218225282746,37.51069877360885],[127.02178375395691,37.51078004904341],[127.0217290639066,37.51089455548453],[127.02172788597633,37.51089702438274],[127.02172169901297,37.510909984296646],[127.02172022267969,37.51091322629115],[127.02168178838245,37.510993689843744],[127.02171369547379,37.51105053877578],[127.02172795434545,37.5110759429061],[127.0218857317577,37.511124221904026],[127.02182203928238,37.51100411910219],[127.02184702215439,37.51095153336748],[127.0218485030383,37.510948415707276],[127.02191055327305,37.510818492101926]]]}},{"type":"Feature","id":459,"properties":{"model_ref_id":459,"source_type":"MODEL_REFERENCE","model_use":"역세권활성화 간선가로형","reference_name":"노선형 상업지역 판정용 참조도형"},"geometry":{"type":"Polygon","coordinates":[[[127.02163314750103,37.51142536165948],[127.02176690430824,37.51137741887444],[127.02160767439604,37.511328689665284],[127.02150441923047,37.51136546604558],[127.02141850243886,37.51154522687774],[127.0213054548895,37.511781754184746],[127.02119285885423,37.51201747041401],[127.02133030619267,37.51205915384],[127.02144289968739,37.511823430644085],[127.021555734335,37.511587336616664],[127.02163314750103,37.51142536165948]]]}},{"type":"Feature","id":460,"properties":{"model_ref_id":460,"source_type":"MODEL_REFERENCE","model_use":"역세권활성화 간선가로형","reference_name":"노선형 상업지역 판정용 참조도형"},"geometry":{"type":"Polygon","coordinates":[[[127.02197997914593,37.51674719953593],[127.02180752423624,37.51667489283134],[127.02167800545845,37.51662058551951],[127.02140974204622,37.51650810305766],[127.02140974203607,37.51650810305342],[127.02133797469097,37.51661743497229],[127.02141512654013,37.516649770229066],[127.02160629748931,37.51672984981818],[127.02171654669048,37.51677602522874],[127.02171717220419,37.51677628725763],[127.02173585937624,37.51678411395333],[127.02194374931149,37.51687123350457],[127.0219437540045,37.51687123547093],[127.02197997914593,37.51674719953593]]]}},{"type":"Feature","id":461,"properties":{"model_ref_id":461,"source_type":"MODEL_REFERENCE","model_use":"역세권활성화 간선가로형","reference_name":"노선형 상업지역 판정용 참조도형"},"geometry":{"type":"Polygon","coordinates":[[[127.02197474562062,37.51688422079711],[127.0219747690826,37.51688423064762],[127.0220109948261,37.51676020505635],[127.02201098964132,37.51676020288248],[127.02201097117474,37.51676019513904],[127.02197474562062,37.51688422079711]]]}},{"type":"Feature","id":462,"properties":{"model_ref_id":462,"source_type":"MODEL_REFERENCE","model_use":"역세권활성화 간선가로형","reference_name":"노선형 상업지역 판정용 참조도형"},"geometry":{"type":"Polygon","coordinates":[[[127.02223842677179,37.5168555637222],[127.02206270383815,37.51678188561538],[127.02202644387938,37.51690592632637],[127.02216345182231,37.51696337770407],[127.02216649664884,37.516964653465095],[127.02216787325274,37.516965224604675],[127.02232701830147,37.51703183584981],[127.02239002932481,37.517058224512816],[127.02246335086832,37.51694987034749],[127.02239696532737,37.51692203712165],[127.02223842677179,37.5168555637222]]]}},{"type":"Feature","id":463,"properties":{"model_ref_id":463,"source_type":"MODEL_REFERENCE","model_use":"역세권활성화 간선가로형","reference_name":"노선형 상업지역 판정용 참조도형"},"geometry":{"type":"Polygon","coordinates":[[[127.02263242066967,37.51702075927661],[127.02250341518678,37.51696666854953],[127.02243007586931,37.51707506643409],[127.02248732772077,37.51709902061784],[127.02256073625689,37.51712973492578],[127.02278563097511,37.51722394095945],[127.02304389861365,37.51733219633911],[127.02321104687852,37.517263364334674],[127.02311369673079,37.51722254858363],[127.0228578491296,37.517115276828136],[127.02263242066967,37.51702075927661]]]}},{"type":"Feature","id":464,"properties":{"model_ref_id":464,"source_type":"MODEL_REFERENCE","model_use":"역세권활성화 간선가로형","reference_name":"노선형 상업지역 판정용 참조도형"},"geometry":{"type":"Polygon","coordinates":[[[127.02132721891762,37.517121877543204],[127.02123411693506,37.517082852081174],[127.02122459677136,37.5170788596489],[127.02122417211042,37.51707868293597],[127.02122042764731,37.51707711332789],[127.02120679723542,37.51707140471998],[127.02117031159402,37.51705610560858],[127.02108751827411,37.51702140011309],[127.02102984276314,37.517109247024514],[127.02116115822382,37.517174457815415],[127.02117135079214,37.51717869089803],[127.02129732708877,37.517231541508025],[127.02164810681637,37.51737856415479],[127.0217996728764,37.517442140967646],[127.021959327684,37.51750898687874],[127.02210926525845,37.5175719058321],[127.0221802063674,37.517599834014426],[127.02227027926108,37.51763929169512],[127.0223484486497,37.517672165026546],[127.0224474005848,37.51771358527488],[127.02244740225348,37.51771358597292],[127.02251030129706,37.51761780883597],[127.02224151269282,37.51750513916152],[127.02223860534649,37.5175039232995],[127.02223637406888,37.51750298525066],[127.02217148751176,37.51747578730507],[127.02202134646753,37.51741285044257],[127.02188334408316,37.517355002038514],[127.02187846835709,37.517352957571994],[127.02186163522762,37.51734590551443],[127.02171004670717,37.51728240987253],[127.02140975957909,37.517156488037486],[127.02136014966945,37.51713569360653],[127.02133418743105,37.517124804677344],[127.02132721891762,37.517121877543204]]]}},{"type":"Feature","id":465,"properties":{"model_ref_id":465,"source_type":"MODEL_REFERENCE","model_use":"역세권활성화 간선가로형","reference_name":"노선형 상업지역 판정용 참조도형"},"geometry":{"type":"Polygon","coordinates":[[[127.02390683358017,37.517693974172424],[127.0240251663538,37.51774359407554],[127.02427133060746,37.51784680697942],[127.02434299139361,37.517737949134876],[127.02434298949757,37.51773794833989],[127.02409483671958,37.51763390883032],[127.02397428677482,37.517583366776705],[127.02363250530057,37.51744006965667],[127.02351383728123,37.51739031697036],[127.02328466380482,37.51729423089397],[127.02328464022688,37.51729422100813],[127.02311720467172,37.51736290761437],[127.02341257894308,37.51748674297546],[127.02344606569118,37.51750078270666],[127.02345846216046,37.51750598107073],[127.02356431640149,37.51755036254282],[127.02390683358017,37.517693974172424]]]}},{"type":"Feature","id":466,"properties":{"model_ref_id":466,"source_type":"MODEL_REFERENCE","model_use":"역세권활성화 간선가로형","reference_name":"노선형 상업지역 판정용 참조도형"},"geometry":{"type":"Polygon","coordinates":[[[127.0231428287341,37.51800503787431],[127.02324909025394,37.51804936243797],[127.02325842679595,37.51798916074041],[127.02320603310262,37.51790934210703],[127.02314719547535,37.51788468307089],[127.02304788090545,37.51784305624405],[127.02304385536688,37.51784136593016],[127.02296697224833,37.517809138691874],[127.02279162516011,37.51773563846566],[127.02261041844838,37.51765968826024],[127.02254751690482,37.517755464365266],[127.02254751782888,37.51775546475179],[127.02272871339733,37.517831415955285],[127.02290402783993,37.51790489825937],[127.02298467525968,37.51793875192801],[127.02308421616823,37.51798044273907],[127.0231428287341,37.51800503787431]]]}},{"type":"Feature","id":467,"properties":{"model_ref_id":467,"source_type":"MODEL_REFERENCE","model_use":"역세권활성화 간선가로형","reference_name":"노선형 상업지역 판정용 참조도형"},"geometry":{"type":"Polygon","coordinates":[[[127.02342132649501,37.51804139007835],[127.02340969545946,37.51811635690938],[127.02353221386518,37.518168140885436],[127.0237062730201,37.518241071708346],[127.02395588097889,37.518345740655505],[127.02399798489178,37.518363392851576],[127.02401908459626,37.518250044458995],[127.02376952325021,37.518145393655224],[127.02359711592828,37.51807316450692],[127.02347143073911,37.51802047848486],[127.02342132649501,37.51804139007835]]]}},{"type":"Feature","id":468,"properties":{"model_ref_id":468,"source_type":"MODEL_REFERENCE","model_use":"역세권활성화 간선가로형","reference_name":"노선형 상업지역 판정용 참조도형"},"geometry":{"type":"Polygon","coordinates":[[[127.02416991304108,37.565234129796494],[127.02416991288676,37.56523413073873],[127.02417259465211,37.5652340443401],[127.02416992307326,37.56523412983592],[127.02416992313417,37.56523412947134],[127.02416991304108,37.565234129796494]]]}},{"type":"Feature","id":469,"properties":{"model_ref_id":469,"source_type":"MODEL_REFERENCE","model_use":"역세권활성화 간선가로형","reference_name":"노선형 상업지역 판정용 참조도형"},"geometry":{"type":"Polygon","coordinates":[[[127.02404114327815,37.56524289323327],[127.02407975806592,37.56523936892711],[127.0241704086001,37.56523109537597],[127.02417040891675,37.56523109344197],[127.02404114214605,37.565242892332485],[127.0240348021916,37.56524336956611],[127.02404114327815,37.56524289323327]]]}},{"type":"Feature","id":470,"properties":{"model_ref_id":470,"source_type":"MODEL_REFERENCE","model_use":"역세권활성화 간선가로형","reference_name":"노선형 상업지역 판정용 참조도형"},"geometry":{"type":"Polygon","coordinates":[[[127.02383021986525,37.56532069921887],[127.02383361435518,37.565317882600944],[127.02383904286721,37.565313350177355],[127.02383451679603,37.56531712722813],[127.0238336132231,37.56531788170018],[127.02383305385514,37.56531834582386],[127.02383021986525,37.56532069921887]]]}},{"type":"Feature","id":471,"properties":{"model_ref_id":471,"source_type":"MODEL_REFERENCE","model_use":"역세권활성화 간선가로형","reference_name":"노선형 상업지역 판정용 참조도형"},"geometry":{"type":"Polygon","coordinates":[[[127.0237289215035,37.565465499747745],[127.02373292952063,37.565420768928796],[127.02373298533855,37.56542015120856],[127.02373298481135,37.56542015174693],[127.02372533435842,37.56550549403401],[127.02372533555254,37.565505494243176],[127.0237289215035,37.565465499747745]]]}},{"type":"Feature","id":472,"properties":{"model_ref_id":472,"source_type":"MODEL_REFERENCE","model_use":"역세권활성화 간선가로형","reference_name":"노선형 상업지역 판정용 참조도형"},"geometry":{"type":"Polygon","coordinates":[[[127.02373180890514,37.56550662973081],[127.02373179895675,37.56550696318063],[127.0237318100851,37.56550662993761],[127.02373180890514,37.56550662973081]]]}},{"type":"Feature","id":473,"properties":{"model_ref_id":473,"source_type":"MODEL_REFERENCE","model_use":"역세권활성화 간선가로형","reference_name":"노선형 상업지역 판정용 참조도형"},"geometry":{"type":"Polygon","coordinates":[[[127.02356530338915,37.565807891270154],[127.02355790695032,37.5659948461565],[127.02355847948809,37.566060176203],[127.02356169706184,37.56619506153519],[127.02356330607506,37.56622955241021],[127.02356339237669,37.56622719923848],[127.0235667704359,37.56608544552739],[127.02356683575121,37.5660827046918],[127.02356860361022,37.565996466063226],[127.02357106487193,37.56590523706128],[127.02357113296954,37.56590237945862],[127.02357201979014,37.56586516547834],[127.02357210834955,37.56586622577992],[127.02357211515492,37.56586630725919],[127.02357246925017,37.56585318235004],[127.02357300926305,37.565837523640305],[127.02357300027924,37.56583752339261],[127.02357266868673,37.56583751425198],[127.02357369351607,37.56577742763602],[127.02357455939627,37.56577738380295],[127.02357456498525,37.56577716619988],[127.02357490454575,37.56575242524185],[127.02357624419999,37.56565481558401],[127.02357626278614,37.56565345217092],[127.02357757387192,37.56558474755354],[127.02357888495037,37.56551603405347],[127.02358121834449,37.56539873489506],[127.0235843854951,37.56526754245748],[127.02358626853425,37.56519967884997],[127.02358625933242,37.56519967931803],[127.02358232956026,37.56519987911876],[127.02358151211033,37.56527318310042],[127.02358123661826,37.565300401793515],[127.02358023314153,37.565396987162785],[127.02357788398447,37.56552802121685],[127.02357341089697,37.56577869806871],[127.02356935229368,37.565779112942415],[127.02356874063979,37.565794628228936],[127.02356530338915,37.565807891270154]]]}},{"type":"Feature","id":474,"properties":{"model_ref_id":474,"source_type":"MODEL_REFERENCE","model_use":"역세권활성화 간선가로형","reference_name":"노선형 상업지역 판정용 참조도형"},"geometry":{"type":"Polygon","coordinates":[[[127.02372196229207,37.565775521282696],[127.02372185948144,37.56577427563774],[127.0237217410587,37.565772977976586],[127.02372172977208,37.56577297729846],[127.02372172973998,37.56577297797859],[127.02372196229207,37.565775521282696]]]}},{"type":"Feature","id":475,"properties":{"model_ref_id":475,"source_type":"MODEL_REFERENCE","model_use":"역세권활성화 간선가로형","reference_name":"노선형 상업지역 판정용 참조도형"},"geometry":{"type":"Polygon","coordinates":[[[127.02372162810664,37.56604196986703],[127.02372206899406,37.56605844480439],[127.02372225630556,37.56606269032459],[127.02372207012621,37.56605844570517],[127.02372175218474,37.56604658164063],[127.02372162810664,37.56604196986703]]]}},{"type":"Feature","id":476,"properties":{"model_ref_id":476,"source_type":"MODEL_REFERENCE","model_use":"역세권활성화 간선가로형","reference_name":"노선형 상업지역 판정용 참조도형"},"geometry":{"type":"Polygon","coordinates":[[[127.02372124471283,37.56634812931274],[127.02372124172848,37.56634142881288],[127.02372124358074,37.56634812841199],[127.02372149726979,37.56640598036618],[127.02372148598944,37.56640598437046],[127.02372172000653,37.56643034108417],[127.02372149840191,37.56640598126698],[127.02372136545453,37.56637545154458],[127.02372124471283,37.56634812931274]]]}},{"type":"Feature","id":477,"properties":{"model_ref_id":477,"source_type":"MODEL_REFERENCE","model_use":"역세권활성화 간선가로형","reference_name":"노선형 상업지역 판정용 참조도형"},"geometry":{"type":"Polygon","coordinates":[[[127.02372152845389,37.56647783360538],[127.02372151097555,37.56647851079788],[127.02372152958354,37.56647782549636],[127.02372154959627,37.56647751507181],[127.02372152845389,37.56647783360538]]]}},{"type":"Feature","id":478,"properties":{"model_ref_id":478,"source_type":"MODEL_REFERENCE","model_use":"역세권활성화 간선가로형","reference_name":"노선형 상업지역 판정용 참조도형"},"geometry":{"type":"Polygon","coordinates":[[[127.0235369035634,37.566712454252],[127.02353251665465,37.566833295496075],[127.02353251254573,37.56683340863375],[127.02355383431521,37.566639634539754],[127.02355382199697,37.56663966547419],[127.02353734770892,37.56668103696443],[127.02353401084362,37.5666807448034],[127.02352560744536,37.566712816605055],[127.0235369035634,37.566712454252]]]}},{"type":"Feature","id":479,"properties":{"model_ref_id":479,"source_type":"MODEL_REFERENCE","model_use":"역세권활성화 간선가로형","reference_name":"노선형 상업지역 판정용 참조도형"},"geometry":{"type":"Polygon","coordinates":[[[127.02372097639093,37.566773679854805],[127.02371790824793,37.566822947809186],[127.02371761828022,37.5668276221796],[127.02371568208771,37.566866166488516],[127.02371471399314,37.56688544765265],[127.02371345003596,37.56689904367811],[127.02371208605587,37.56691801355571],[127.02371504426634,37.566950455247905],[127.02371497697848,37.566948278421194],[127.02371356080819,37.56690258631623],[127.02371345116805,37.5668990445789],[127.02371418246106,37.566891190599],[127.02371418922719,37.56689109959874],[127.02371471512527,37.56688544855346],[127.02371733348174,37.56683329841016],[127.02371761940738,37.56682760506075],[127.02371781097669,37.56682452457292],[127.02371782788254,37.56682426238449],[127.02372097752307,37.566773680755595],[127.02372242601604,37.566739766673166],[127.02372368782348,37.56671022418347],[127.02371916955693,37.56657999716776],[127.02372033528192,37.5665287259686],[127.02372025580895,37.56653218313953],[127.02371916842483,37.56657999626695],[127.02372368669135,37.56671022328269],[127.02372097639093,37.566773679854805]]]}},{"type":"Feature","id":480,"properties":{"model_ref_id":480,"source_type":"MODEL_REFERENCE","model_use":"역세권활성화 간선가로형","reference_name":"노선형 상업지역 판정용 참조도형"},"geometry":{"type":"Polygon","coordinates":[[[127.02371330512202,37.56700551828695],[127.0237132197184,37.567007656983485],[127.02371276670569,37.56701904508654],[127.02371322085084,37.56700765878525],[127.02371330512202,37.56700551828695]]]}},{"type":"Feature","id":481,"properties":{"model_ref_id":481,"source_type":"MODEL_REFERENCE","model_use":"역세권활성화 간선가로형","reference_name":"노선형 상업지역 판정용 참조도형"},"geometry":{"type":"Polygon","coordinates":[[[127.02370746837333,37.567166663121654],[127.02370742217333,37.56717912009693],[127.02370748082193,37.56716665501066],[127.0237075676978,37.56716154553213],[127.02370784826262,37.567144635871344],[127.02370799155855,37.5671407438875],[127.02370787870807,37.56714377642708],[127.02370784713023,37.567144634069564],[127.02370747968978,37.56716665410989],[127.02370746849459,37.56716665606546],[127.02370746837333,37.567166663121654]]]}},{"type":"Feature","id":482,"properties":{"model_ref_id":482,"source_type":"MODEL_REFERENCE","model_use":"역세권활성화 간선가로형","reference_name":"노선형 상업지역 판정용 참조도형"},"geometry":{"type":"Polygon","coordinates":[[[127.02369659480314,37.56738208412427],[127.02369665136472,37.567381568803825],[127.02370003771973,37.56732319185142],[127.023700069263,37.56732264945534],[127.02370375977173,37.56725901522485],[127.0237058460963,37.567222955246145],[127.02370565088292,37.567226308368596],[127.02370375863961,37.56725901432406],[127.02369665023231,37.56738156700207],[127.02369659364017,37.567382084217186],[127.02369659480314,37.56738208412427]]]}},{"type":"Feature","id":483,"properties":{"model_ref_id":483,"source_type":"MODEL_REFERENCE","model_use":"역세권활성화 간선가로형","reference_name":"노선형 상업지역 판정용 참조도형"},"geometry":{"type":"Polygon","coordinates":[[[127.02369236444055,37.56763176897123],[127.0236923058954,37.56763531102974],[127.02369230663125,37.567635311505676],[127.02369230702506,37.56763530292071],[127.02369236444055,37.56763176897123]]]}},{"type":"Feature","id":484,"properties":{"model_ref_id":484,"source_type":"MODEL_REFERENCE","model_use":"역세권활성화 간선가로형","reference_name":"노선형 상업지역 판정용 참조도형"},"geometry":{"type":"Polygon","coordinates":[[[127.02350991604872,37.567692870426875],[127.02350991617188,37.56769286139282],[127.02350991604631,37.56769286141705],[127.02350982609585,37.56769505982614],[127.02350982767503,37.56769505925503],[127.02350991604872,37.567692870426875]]]}},{"type":"Feature","id":485,"properties":{"model_ref_id":485,"source_type":"MODEL_REFERENCE","model_use":"역세권활성화 간선가로형","reference_name":"노선형 상업지역 판정용 참조도형"},"geometry":{"type":"Polygon","coordinates":[[[127.02350981821155,37.56769506261703],[127.0235087287473,37.56772205250403],[127.02350872762506,37.567722087642494],[127.02350871645197,37.56772254584349],[127.02350982609585,37.56769505982614],[127.02350981821155,37.56769506261703]]]}},{"type":"Feature","id":486,"properties":{"model_ref_id":486,"source_type":"MODEL_REFERENCE","model_use":"역세권활성화 간선가로형","reference_name":"노선형 상업지역 판정용 참조도형"},"geometry":{"type":"Polygon","coordinates":[[[127.0236712847956,37.56811741336849],[127.02367237441803,37.568084425458686],[127.02367227319047,37.56808745446212],[127.02367128366319,37.56811741156671],[127.02366954648768,37.56815954623911],[127.02366937142264,37.56816382115502],[127.0236712847956,37.56811741336849]]]}},{"type":"Feature","id":487,"properties":{"model_ref_id":487,"source_type":"MODEL_REFERENCE","model_use":"역세권활성화 간선가로형","reference_name":"노선형 상업지역 판정용 참조도형"},"geometry":{"type":"Polygon","coordinates":[[[127.02366434952825,37.56825261576732],[127.02366454370859,37.56824975803522],[127.02366434839834,37.56825262297536],[127.02366512467225,37.56827647180267],[127.02366445135314,37.56828783024715],[127.0236651258044,37.56827647270344],[127.02366434952825,37.56825261576732]]]}},{"type":"Feature","id":488,"properties":{"model_ref_id":488,"source_type":"MODEL_REFERENCE","model_use":"역세권활성화 간선가로형","reference_name":"노선형 상업지역 판정용 참조도형"},"geometry":{"type":"Polygon","coordinates":[[[127.02365442962682,37.56851068002555],[127.0236545493053,37.56850669317059],[127.02365821053255,37.56844324546259],[127.02365909558819,37.56841003515505],[127.02366441022316,37.56834958832419],[127.0236615993004,37.56833585786739],[127.02366204741853,37.568328311711284],[127.023661598168,37.568335856065616],[127.02366133993003,37.56834347840853],[127.02365909445604,37.5684100342543],[127.02365820940034,37.56844324456183],[127.0236552555282,37.56844475872543],[127.02365525542466,37.56844476778969],[127.02365525553066,37.56844476773523],[127.02365511189824,37.568457525648626],[127.0236549018533,37.568475734507516],[127.02365472501327,37.56849121338868],[127.02365454817566,37.56850670127962],[127.02365442962682,37.56851068002555]]]}},{"type":"Feature","id":489,"properties":{"model_ref_id":489,"source_type":"MODEL_REFERENCE","model_use":"역세권활성화 간선가로형","reference_name":"노선형 상업지역 판정용 참조도형"},"geometry":{"type":"Polygon","coordinates":[[[127.02365068002709,37.56862818071416],[127.02365130694139,37.56861144176417],[127.02365224139639,37.5685820888541],[127.02365215331824,37.56858481908521],[127.02365130580924,37.56861144086339],[127.02365073822098,37.56862659533463],[127.02365068002709,37.56862818071416]]]}},{"type":"Feature","id":490,"properties":{"model_ref_id":490,"source_type":"MODEL_REFERENCE","model_use":"역세권활성화 간선가로형","reference_name":"노선형 상업지역 판정용 참조도형"},"geometry":{"type":"Polygon","coordinates":[[[127.02364767936926,37.5687190366213],[127.02364728107821,37.56873138603997],[127.02364768050141,37.568719037522065],[127.02364792081475,37.56871156821692],[127.02364767936926,37.5687190366213]]]}},{"type":"Feature","id":491,"properties":{"model_ref_id":491,"source_type":"MODEL_REFERENCE","model_use":"역세권활성화 간선가로형","reference_name":"노선형 상업지역 판정용 참조도형"},"geometry":{"type":"Polygon","coordinates":[[[127.0236441527916,37.568860464186955],[127.02364415268494,37.56886046644399],[127.02364415279409,37.56886047319677],[127.02364392293454,37.56886532952313],[127.0236380871095,37.568988855000924],[127.0236306813074,37.56914226627982],[127.02362726970962,37.5692147056868],[127.0236269030326,37.56922251637422],[127.02363068243955,37.56914226718061],[127.02363808824171,37.568988855901715],[127.02364415392375,37.56886046508776],[127.0236441147313,37.56885811755613],[127.0236441483374,37.56886019738044],[127.0236441527916,37.568860464186955]]]}},{"type":"Feature","id":492,"properties":{"model_ref_id":492,"source_type":"MODEL_REFERENCE","model_use":"역세권활성화 간선가로형","reference_name":"노선형 상업지역 판정용 참조도형"},"geometry":{"type":"Polygon","coordinates":[[[127.02361890257963,37.56938932446601],[127.02361838031723,37.56940004800897],[127.02361811988868,37.56940559267906],[127.02361838144938,37.56940004890974],[127.02361890257963,37.56938932446601]]]}},{"type":"Feature","id":493,"properties":{"model_ref_id":493,"source_type":"MODEL_REFERENCE","model_use":"역세권활성화 간선가로형","reference_name":"노선형 상업지역 판정용 참조도형"},"geometry":{"type":"Polygon","coordinates":[[[127.02360174890845,37.569758217740365],[127.02360147968655,37.56976422008222],[127.02360175004087,37.56975821954212],[127.02360608551028,37.569676507953716],[127.02361137066102,37.56954953183213],[127.02361198204737,37.56953645240674],[127.02361153191497,37.56954605699542],[127.0236113695288,37.56954953093137],[127.02360872695567,37.56961301899255],[127.02360608438055,37.569676516062756],[127.02360174890845,37.569758217740365]]]}},{"type":"Feature","id":494,"properties":{"model_ref_id":494,"source_type":"MODEL_REFERENCE","model_use":"역세권활성화 간선가로형","reference_name":"노선형 상업지역 판정용 참조도형"},"geometry":{"type":"Polygon","coordinates":[[[127.02359921750836,37.56981441234171],[127.02359917523744,37.56981599626921],[127.0235992186381,37.5698144042327],[127.02359948190629,37.56980856097756],[127.02359930604088,37.5698124470089],[127.02359921750836,37.56981441234171]]]}},{"type":"Feature","id":495,"properties":{"model_ref_id":495,"source_type":"MODEL_REFERENCE","model_use":"역세권활성화 간선가로형","reference_name":"노선형 상업지역 판정용 참조도형"},"geometry":{"type":"Polygon","coordinates":[[[127.02359483976012,37.56990297228874],[127.02359662161047,37.569871038652884],[127.02359638582058,37.56987524265844],[127.02359483862772,37.569902970487],[127.02359298975247,37.56995503668258],[127.02359279277391,37.569960616990635],[127.02359483976012,37.56990297228874]]]}},{"type":"Feature","id":496,"properties":{"model_ref_id":496,"source_type":"MODEL_REFERENCE","model_use":"역세권활성화 간선가로형","reference_name":"노선형 상업지역 판정용 참조도형"},"geometry":{"type":"Polygon","coordinates":[[[127.02357856692969,37.570356277765775],[127.0235789112256,37.57034830271987],[127.02358089758567,37.57028576441503],[127.02358429174356,37.570197296545494],[127.02358516253705,37.57017312236559],[127.02358448176614,37.57019198898157],[127.02358429061141,37.57019729564471],[127.02358089645342,37.570285763514256],[127.0235789100981,37.570348318937725],[127.02357856692969,37.570356277765775]]]}},{"type":"Feature","id":497,"properties":{"model_ref_id":497,"source_type":"MODEL_REFERENCE","model_use":"역세권활성화 간선가로형","reference_name":"노선형 상업지역 판정용 참조도형"},"geometry":{"type":"Polygon","coordinates":[[[127.02343752725952,37.570285790173685],[127.02343348584871,37.57036325177147],[127.0234334723557,37.570363675867085],[127.02343753631453,37.57028578837017],[127.02343803663469,37.570265273841514],[127.02343802651261,37.57026528557249],[127.02343752725952,37.570285790173685]]]}},{"type":"Feature","id":498,"properties":{"model_ref_id":498,"source_type":"MODEL_REFERENCE","model_use":"역세권활성화 간선가로형","reference_name":"노선형 상업지역 판정용 참조도형"},"geometry":{"type":"Polygon","coordinates":[[[127.02356029984352,37.57075936399494],[127.02355993487897,37.57076734123302],[127.02355655371625,37.57084148350189],[127.02355196801841,37.570948578000156],[127.02355196916326,37.57094857895461],[127.02355655484845,37.57084148440265],[127.02356029984352,37.57075936399494]]]}},{"type":"Feature","id":499,"properties":{"model_ref_id":499,"source_type":"MODEL_REFERENCE","model_use":"역세권활성화 간선가로형","reference_name":"노선형 상업지역 판정용 참조도형"},"geometry":{"type":"Polygon","coordinates":[[[127.02339133251947,37.57190716734476],[127.02340176701692,37.571906967392344],[127.0234017782604,37.57190696461876],[127.02339134157444,37.57190716464025],[127.02339141912134,37.57190445408502],[127.02339141066079,37.57190445598714],[127.02339133251947,37.57190716734476]]]}},{"type":"Feature","id":500,"properties":{"model_ref_id":500,"source_type":"MODEL_REFERENCE","model_use":"역세권활성화 간선가로형","reference_name":"노선형 상업지역 판정용 참조도형"},"geometry":{"type":"Polygon","coordinates":[[[127.0235228859485,37.5728948594583],[127.0236067675586,37.57287109069388],[127.02362333628146,37.572309511208886],[127.02362981891488,37.57225722105012],[127.02362961452481,37.57225728029067],[127.02355915938978,37.57227770051222],[127.02355294214479,37.57227950280016],[127.02348307474264,37.5723541701399],[127.02348075329257,37.572437818445],[127.02347600887072,37.57258990382076],[127.0234734118471,37.57266347831085],[127.02347186599069,37.57272303336684],[127.02346987762205,37.572778786362576],[127.02346777681359,37.57286326505276],[127.0235228859485,37.5728948594583]]]}},{"type":"Feature","id":501,"properties":{"model_ref_id":501,"source_type":"MODEL_REFERENCE","model_use":"역세권활성화 간선가로형","reference_name":"노선형 상업지역 판정용 참조도형"},"geometry":{"type":"Polygon","coordinates":[[[127.0213173169023,37.574985603164265],[127.02117787192839,37.574922862417324],[127.02113378628901,37.574901452892135],[127.02110119191369,37.57488561865801],[127.02108908937475,37.57487998037527],[127.02099986866067,37.574967697686205],[127.02104102576614,37.574980257757375],[127.02103172415734,37.574994882077554],[127.02105211361517,37.57500294814354],[127.02123134383518,37.57507385209184],[127.02127173103639,37.57503287561353],[127.02131603386762,37.57506243892023],[127.02137673952103,37.575045545145414],[127.02138098757095,37.57504524591357],[127.02136794547069,37.57500620973296],[127.0213173169023,37.574985603164265]]]}},{"type":"Feature","id":502,"properties":{"model_ref_id":502,"source_type":"MODEL_REFERENCE","model_use":"역세권활성화 간선가로형","reference_name":"노선형 상업지역 판정용 참조도형"},"geometry":{"type":"Polygon","coordinates":[[[127.02243473913019,37.57543425695849],[127.0224310144006,37.57543274482538],[127.0223232345014,37.575386838641165],[127.02227248105291,37.575366864090626],[127.0221672389628,37.575323966622406],[127.02195265343295,37.57523649804023],[127.02178872095853,37.575169581391755],[127.02165086260419,37.57511704905441],[127.02152841291327,37.57507174901126],[127.02150469298532,37.57510007059356],[127.0215408626925,37.57515375424096],[127.021546587678,37.57518736889912],[127.02154617074974,37.57518748871451],[127.02154622554285,37.57518781043596],[127.0215408167799,37.57518936478742],[127.02154739613687,37.57520502954596],[127.02160138254675,37.57522738271903],[127.02173474198091,37.57528260074531],[127.02196390852986,37.57537758155751],[127.02214998555226,37.575451034589655],[127.02229236420132,37.575513567379936],[127.02236954155686,37.57554751269433],[127.02240981424004,37.57570472705212],[127.02244042324205,37.57578431457158],[127.0224821158483,37.575876550011735],[127.02253422244054,37.57595721513775],[127.02255780960337,37.57598865543033],[127.02263073058451,37.576055009512515],[127.02269816038621,37.57612053530653],[127.02278038223972,37.57600770928068],[127.02265334869789,37.57588750372884],[127.0226291931179,37.575851234298106],[127.02259119731966,37.575788505381915],[127.02257399429872,37.57575943361533],[127.02256219666658,37.57575193040605],[127.02256994790592,37.57574000916274],[127.0225451741173,37.57567688251239],[127.02254517416661,37.57567688173759],[127.02254517411707,37.575676881611415],[127.02254554615887,37.575671034191714],[127.02254231923091,37.575581657538066],[127.02254162860176,37.57557720175703],[127.02253229848498,37.57557255929791],[127.02253949575172,37.575563440194614],[127.02255720272021,37.57548506104261],[127.02251306053064,37.575466635187816],[127.02243473913019,37.57543425695849]]]}},{"type":"Feature","id":503,"properties":{"model_ref_id":503,"source_type":"MODEL_REFERENCE","model_use":"역세권활성화 간선가로형","reference_name":"노선형 상업지역 판정용 참조도형"},"geometry":{"type":"Polygon","coordinates":[[[127.02289112367276,37.57607534527255],[127.02288359255081,37.57606350766624],[127.02280960545718,37.57602897651999],[127.02277082521744,37.57608320396246],[127.02273035897055,37.576140359856744],[127.02273035882715,37.57614036006731],[127.0227303601028,37.57614036075751],[127.02288183176803,37.576206755614024],[127.02290424807947,37.57621478858248],[127.02296345502997,37.576234589557075],[127.02297898269148,37.57621167571291],[127.0230270055901,37.57613526452044],[127.02294520706246,37.5760995815279],[127.02294998169738,37.576090111426815],[127.02292781512098,37.576084547109],[127.02289112367276,37.57607534527255]]]}},{"type":"Feature","id":504,"properties":{"model_ref_id":504,"source_type":"MODEL_REFERENCE","model_use":"역세권활성화 간선가로형","reference_name":"노선형 상업지역 판정용 참조도형"},"geometry":{"type":"Polygon","coordinates":[[[127.02339550767395,37.5761843319758],[127.02339463481795,37.57619954627153],[127.02339460407603,37.576200090265104],[127.02339446635261,37.57620326856297],[127.02339271709856,37.57624375191736],[127.02352990930562,37.57621462668936],[127.02359069778589,37.57620172255131],[127.02358811319299,37.576200336046135],[127.02362272707936,37.57618739194903],[127.02367737064743,37.57614830692323],[127.0237207362154,37.57609856525904],[127.02361722869877,37.57603292927778],[127.02356636309746,37.57605857969535],[127.0235555484205,37.57606398357029],[127.02350217454995,37.57609065617679],[127.02348443863418,37.57610531871505],[127.02344386274798,37.576112432621265],[127.02344385738492,37.57611243446506],[127.02342854292702,37.576119320595275],[127.02342261748582,37.576121979508436],[127.02341669204688,37.576124647430994],[127.02341138859155,37.57612954206332],[127.02339555356897,37.576149341206026],[127.0233955338514,37.5761609442151],[127.02339550767395,37.5761843319758]]]}},{"type":"Feature","id":505,"properties":{"model_ref_id":505,"source_type":"MODEL_REFERENCE","model_use":"역세권활성화 간선가로형","reference_name":"노선형 상업지역 판정용 참조도형"},"geometry":{"type":"Polygon","coordinates":[[[127.02299976563168,37.576207491655516],[127.02297888553367,37.57623975007653],[127.02302639744826,37.576255639764895],[127.02302742496119,37.57622192066928],[127.02302897191953,37.57616489740737],[127.02299976563168,37.576207491655516]]]}},{"type":"Feature","id":506,"properties":{"model_ref_id":506,"source_type":"MODEL_REFERENCE","model_use":"역세권활성화 간선가로형","reference_name":"노선형 상업지역 판정용 참조도형"},"geometry":{"type":"Polygon","coordinates":[[[127.02387073419229,37.57621547879838],[127.02382856371251,37.57618267979812],[127.02379387498743,37.57615427410239],[127.02379111787923,37.576152017039796],[127.02373426631988,37.57610714922395],[127.02364043938002,37.57620221726872],[127.02376868741435,37.576293312603134],[127.02392756428375,37.57640197877795],[127.02400690462298,37.57644362249239],[127.02401090163859,37.576436219247356],[127.02403290479272,37.576383210707874],[127.02403374204349,37.576381597805515],[127.02404825811641,37.576353493669835],[127.02404561427441,37.576351522800614],[127.02402180946532,37.57633378493997],[127.02397777022202,37.576299172869966],[127.02392333397837,37.5762563992433],[127.02387073419229,37.57621547879838]]]}},{"type":"Feature","id":507,"properties":{"model_ref_id":507,"source_type":"MODEL_REFERENCE","model_use":"역세권활성화 간선가로형","reference_name":"노선형 상업지역 판정용 참조도형"},"geometry":{"type":"Polygon","coordinates":[[[127.02127234437982,37.596205133422615],[127.02105619279779,37.596009564604195],[127.02102173194757,37.595979219906155],[127.02100786923374,37.59598952434041],[127.02103102765687,37.596010476986756],[127.02112118352458,37.59609202014952],[127.02122436544234,37.59620144591886],[127.0212560107574,37.59623410143855],[127.02132317746079,37.596313349958244],[127.02138143156893,37.59638745524802],[127.02145375736946,37.596493885350014],[127.0214447230146,37.59641378725679],[127.02136044180658,37.59630565074213],[127.02131309632523,37.59624864428708],[127.02127234437982,37.596205133422615]]]}},{"type":"Feature","id":508,"properties":{"model_ref_id":508,"source_type":"MODEL_REFERENCE","model_use":"역세권활성화 간선가로형","reference_name":"노선형 상업지역 판정용 참조도형"},"geometry":{"type":"Polygon","coordinates":[[[127.02153916741686,37.59663858016547],[127.02153916790712,37.5966385841351],[127.02153922799546,37.596638685933904],[127.02160555338234,37.59672935921644],[127.02162812265345,37.596718934221684],[127.02163647847519,37.59671499309208],[127.02153660140142,37.596544355911604],[127.02152582779364,37.59652860568568],[127.0215287329353,37.59655409489802],[127.02153917135401,37.596638586835354],[127.02153916741686,37.59663858016547]]]}},{"type":"Feature","id":509,"properties":{"model_ref_id":509,"source_type":"MODEL_REFERENCE","model_use":"역세권활성화 간선가로형","reference_name":"노선형 상업지역 판정용 참조도형"},"geometry":{"type":"Polygon","coordinates":[[[127.02120792602315,37.5968619182643],[127.02120721239149,37.59686086423174],[127.0212064761152,37.596859819212405],[127.02120570587083,37.596858783208084],[127.02120491298402,37.59685776522674],[127.02120408612919,37.596856756260365],[127.0212032366319,37.596855765316995],[127.02120236449,37.596854783386924],[127.02120145838225,37.59685381948154],[127.02120052963204,37.5968528735992],[127.02119957823946,37.59685194573985],[127.02119860420223,37.596851026893724],[127.02119760752255,37.5968501260706],[127.02119657687703,37.59684924327227],[127.02119553491248,37.59684837849517],[127.02119447030552,37.5968475317411],[127.02119337173266,37.5968467030117],[127.02119226184084,37.596845892303634],[127.02119111798537,37.59684510863002],[127.02118996280866,37.59684433396793],[127.02118878499174,37.59684358633858],[127.02118759585356,37.596842847720744],[127.02118638407515,37.59684213613566],[127.02118514965434,37.59684144257357],[127.02118389259327,37.596840776044246],[127.02118262421317,37.59684012753616],[127.02118133319064,37.59683949705106],[127.02118003085123,37.59683889359702],[127.02117871719288,37.59683830816423],[127.0211773808942,37.596837749764184],[127.0211760332766,37.59683720938538],[127.02117467434209,37.5968366960376],[127.02117329276511,37.5968362007128],[127.02117189987138,37.596835732419045],[127.021170506982,37.59683528214477],[127.02116909145235,37.596834858903264],[127.02116766460583,37.59683446269275],[127.02116623776594,37.59683409351153],[127.0211647882836,37.59683374235331],[127.02116333880564,37.596833409214604],[127.02116187801298,37.59683311211664],[127.02116040590131,37.59683283303993],[127.02115893379622,37.5968325809925],[127.02115745037423,37.59683235597608],[127.02115596695883,37.596832157988956],[127.02115447222441,37.596831978023076],[127.0211529774965,37.59683182508645],[127.02115147145177,37.59683169918084],[127.02114996541358,37.596831600304476],[127.02114845937983,37.59683151944765],[127.02114695335253,37.596831465620085],[127.02114544733396,37.596831447831576],[127.02114394131986,37.59683144806258],[127.02114242398662,37.5968314663148],[127.02114091798555,37.59683152060434],[127.02113941199106,37.59683160192314],[127.02113790600087,37.596831701261465],[127.02113641134068,37.5968318276273],[127.02113491668702,37.596831981022426],[127.02113342203769,37.59683215243704],[127.02113192739714,37.596832359890726],[127.0211304554077,37.596832585360445],[127.02112897210142,37.59683283786115],[127.02112751144847,37.59683311738769],[127.02112605079988,37.5968334149337],[127.02112459015788,37.596833739509],[127.02112315216921,37.596834091110104],[127.021121714187,37.59683446974048],[127.02112028753261,37.596834866388654],[127.02111888353159,37.59683529006259],[127.02111747953485,37.59683573175609],[127.02111608687031,37.59683620948686],[127.02111471685467,37.596836696223946],[127.02111334684777,37.59683721900004],[127.0211119994899,37.59683775078239],[127.02111067478752,37.59683831860034],[127.02111061817696,37.596838345638325],[127.02110520416814,37.596840683831715],[127.02110986860121,37.596847853757296],[127.02114631317761,37.59693262374681],[127.02116347523065,37.59698973220559],[127.0211825763175,37.59705328955234],[127.0212011616421,37.597123789898674],[127.02121404377024,37.59717265597378],[127.0212828695036,37.597147157636265],[127.02130607936874,37.59713855963325],[127.02127789777593,37.59704674188334],[127.02126713061901,37.59700622843977],[127.02126437648742,37.59699583249833],[127.02122505074709,37.59689579053883],[127.02120970172312,37.59686481967041],[127.0212092740336,37.59686407139049],[127.02120861701239,37.59686299031991],[127.02120792602315,37.5968619182643]]]}},{"type":"Feature","id":510,"properties":{"model_ref_id":510,"source_type":"MODEL_REFERENCE","model_use":"역세권활성화 간선가로형","reference_name":"노선형 상업지역 판정용 참조도형"},"geometry":{"type":"Polygon","coordinates":[[[127.02130603774373,37.59713807599945],[127.02127802914792,37.59704682385187],[127.02130603735367,37.59713807581544],[127.02130603774373,37.59713807599945]]]}},{"type":"Feature","id":511,"properties":{"model_ref_id":511,"source_type":"MODEL_REFERENCE","model_use":"역세권활성화 간선가로형","reference_name":"노선형 상업지역 판정용 참조도형"},"geometry":{"type":"Polygon","coordinates":[[[127.02664639345419,37.50058890242659],[127.02664033589218,37.500601580584664],[127.026636787247,37.50060901447189],[127.02662315772596,37.500637551588305],[127.0265313898614,37.50082967022578],[127.0265234110083,37.50084637619041],[127.02649601616093,37.50090372071738],[127.0264957511237,37.50090427470714],[127.02649049027268,37.50091530417513],[127.02649046712244,37.500915353616286],[127.02649030146867,37.500915700006054],[127.02648986927254,37.50091660611282],[127.02645053882866,37.50099896451441],[127.02639030155497,37.50112520530924],[127.02633017815916,37.50125099555257],[127.02633017775327,37.50125099640065],[127.0264232695035,37.50135986489634],[127.02642327134433,37.50135986104335],[127.0264274653677,37.501351076449936],[127.02645696258828,37.501289532907464],[127.02651707562983,37.50116376062235],[127.02657731158988,37.50103751886301],[127.0265773364531,37.501037466600536],[127.02661674364711,37.50095500813191],[127.02665825390373,37.50086798210384],[127.02675014577093,37.500675493937806],[127.02682865753071,37.50051109679378],[127.02682865791053,37.50051109600042],[127.02670192656987,37.50047265854803],[127.02664639345419,37.50058890242659]]]}},{"type":"Feature","id":512,"properties":{"model_ref_id":512,"source_type":"MODEL_REFERENCE","model_use":"역세권활성화 간선가로형","reference_name":"노선형 상업지역 판정용 참조도형"},"geometry":{"type":"Polygon","coordinates":[[[127.02611442426814,37.50170259141123],[127.02611151198646,37.50170869692919],[127.02610926034542,37.50171340798332],[127.02609058113,37.501752534234086],[127.02595404302735,37.50203839866218],[127.02588701254038,37.50217874257141],[127.02586273604993,37.502229563160114],[127.02582682527465,37.50230467064572],[127.02580489275115,37.502350586429365],[127.0257803675069,37.50240192962243],[127.02577593713848,37.50241121068282],[127.02574711711512,37.50247159163494],[127.02565613588715,37.502661988488555],[127.025783037834,37.50270043374938],[127.02587434633686,37.50250917447084],[127.02593209804449,37.502388160198564],[127.02598998641169,37.502267163888824],[127.02621769629667,37.50179038702452],[127.02628958528915,37.5016396911396],[127.02639381142491,37.50142152259914],[127.02639381192189,37.50142152155893],[127.0263006925289,37.50131264410839],[127.02630069106131,37.50131264718076],[127.02629387617283,37.50132691121317],[127.02616283318059,37.50160125271017],[127.02612255520904,37.50168555998979],[127.02611442426814,37.50170259141123]]]}},{"type":"Feature","id":513,"properties":{"model_ref_id":513,"source_type":"MODEL_REFERENCE","model_use":"역세권활성화 간선가로형","reference_name":"노선형 상업지역 판정용 참조도형"},"geometry":{"type":"Polygon","coordinates":[[[127.02528525551774,37.503438325671304],[127.02528295131195,37.50344314542254],[127.0252788697292,37.5034516885683],[127.02523973462522,37.50353368568237],[127.02520743921734,37.50360135657613],[127.02512267156978,37.50377877754831],[127.02503666023033,37.50395872146012],[127.02516346200683,37.50399715893774],[127.02524957497936,37.50381721705058],[127.02533435254574,37.50363978697678],[127.02540577266784,37.503490136914984],[127.02547608265083,37.503342883652834],[127.02565759516456,37.50296316245631],[127.02575896866094,37.50275096925592],[127.02563206256784,37.50271253868951],[127.02553090886789,37.502924290869544],[127.02534919240047,37.50330455250711],[127.02528809238902,37.50343238760717],[127.02528753857847,37.503433549989715],[127.02528716560167,37.50343432491209],[127.02528525551774,37.503438325671304]]]}},{"type":"Feature","id":514,"properties":{"model_ref_id":514,"source_type":"MODEL_REFERENCE","model_use":"역세권활성화 간선가로형","reference_name":"노선형 상업지역 판정용 참조도형"},"geometry":{"type":"Polygon","coordinates":[[[127.02513938028537,37.504047712709266],[127.02501258607744,37.50400927152382],[127.02498029981146,37.504076799679886],[127.02497311786651,37.50409182763382],[127.0249655000251,37.50410786668374],[127.02494174220809,37.5041576238012],[127.02492264098376,37.504197604301154],[127.0248649303062,37.50431842882709],[127.02486182268497,37.50432494235814],[127.02486182324044,37.504324943564114],[127.02485569233157,37.50433778580817],[127.02487348094066,37.50432085091175],[127.02492533684554,37.50421206470308],[127.02499300706506,37.504232540673875],[127.02498015614628,37.504259491694725],[127.02494314845048,37.504248299248744],[127.02489651430827,37.504346119441344],[127.02488466326655,37.50435039232985],[127.02492495689738,37.5044214099685],[127.02503573137633,37.50445470802677],[127.02503191114546,37.50446276359505],[127.02503925167461,37.50446513183356],[127.02503412966009,37.504475951280874],[127.02513860623064,37.50450695529365],[127.02515285739655,37.504511187282596],[127.02531256129686,37.50455945037503],[127.02536083082896,37.504458351517584],[127.02536081130236,37.50445834560538],[127.0252393482567,37.50442170268096],[127.02520009310908,37.50441001429232],[127.02506055177224,37.50436846237292],[127.02502162242081,37.504356872072115],[127.02500510359225,37.504328944433006],[127.02502031899824,37.50429705554058],[127.02504912447993,37.50423669280708],[127.02508851577942,37.504154136688065],[127.02509257334283,37.504145594538215],[127.02513937672953,37.50404772017381],[127.02513938028537,37.504047712709266]]]}},{"type":"Feature","id":515,"properties":{"model_ref_id":515,"source_type":"MODEL_REFERENCE","model_use":"역세권활성화 간선가로형","reference_name":"노선형 상업지역 판정용 참조도형"},"geometry":{"type":"Polygon","coordinates":[[[127.02540314595313,37.50447116358391],[127.0253548625068,37.50457223645814],[127.02540315467387,37.50447116622437],[127.02540314595313,37.50447116358391]]]}},{"type":"Feature","id":516,"properties":{"model_ref_id":516,"source_type":"MODEL_REFERENCE","model_use":"역세권활성화 간선가로형","reference_name":"노선형 상업지역 판정용 참조도형"},"geometry":{"type":"Polygon","coordinates":[[[127.02595921707379,37.50462932434065],[127.02595919121048,37.50462931652274],[127.02571989363376,37.504557111372506],[127.02544679353109,37.50448438147077],[127.02544678071258,37.50448437758894],[127.02539727682581,37.50458502250468],[127.0253548625068,37.50457223645814],[127.02541115833095,37.5045892172158],[127.02566657982362,37.50466624057921],[127.02567099092948,37.50466759122007],[127.0257507979328,37.50469166839166],[127.02575896159398,37.50469413352726],[127.02590694372954,37.50473878216746],[127.02595921707379,37.50462932434065]]]}},{"type":"Feature","id":517,"properties":{"model_ref_id":517,"source_type":"MODEL_REFERENCE","model_use":"역세권활성화 간선가로형","reference_name":"노선형 상업지역 판정용 참조도형"},"geometry":{"type":"Polygon","coordinates":[[[127.0246719995494,37.504757812698074],[127.02467200158706,37.50475781332267],[127.02469750869017,37.50474867162665],[127.0247031330587,37.504746655342394],[127.02469593546054,37.5047492347559],[127.0246719995494,37.504757812698074]]]}},{"type":"Feature","id":518,"properties":{"model_ref_id":518,"source_type":"MODEL_REFERENCE","model_use":"역세권활성화 간선가로형","reference_name":"노선형 상업지역 판정용 참조도형"},"geometry":{"type":"Polygon","coordinates":[[[127.0260015491229,37.50464212038296],[127.02600152245735,37.504642112322585],[127.02594925529007,37.50475154679266],[127.02620549185059,37.50482885682318],[127.02620846765956,37.50482975542813],[127.02621407769836,37.50483144818998],[127.02626110928715,37.50484563856513],[127.02627666884405,37.50485033326133],[127.02647009485332,37.50490869192402],[127.02652193238046,37.50479914014364],[127.02626213141922,37.5047207160103],[127.0260015491229,37.50464212038296]]]}},{"type":"Feature","id":519,"properties":{"model_ref_id":519,"source_type":"MODEL_REFERENCE","model_use":"역세권활성화 간선가로형","reference_name":"노선형 상업지역 판정용 참조도형"},"geometry":{"type":"Polygon","coordinates":[[[127.0246526948935,37.50493682676699],[127.02465171244299,37.50493886232067],[127.02465390575802,37.5049394123885],[127.02463601387512,37.50497791499088],[127.02456032068075,37.50495685741525],[127.02455234473767,37.504973596495375],[127.0245481626941,37.504982246767014],[127.02454416769838,37.504990620676374],[127.02453974974507,37.50499988476393],[127.02451337286932,37.505055233337394],[127.02451315811712,37.50505568387176],[127.02450794754388,37.50506659581527],[127.02447483130936,37.50513606640278],[127.02461199248454,37.50517813966772],[127.02461199350851,37.505178137513525],[127.0246853481315,37.50502431598656],[127.02474432556212,37.50490482389527],[127.02475464622503,37.50488391090656],[127.02480383639374,37.504858584916434],[127.02484156937241,37.50486999260772],[127.02496127757985,37.50490618126369],[127.02515141548695,37.50496358386442],[127.02520351491633,37.504863735435606],[127.025016552129,37.504807278258696],[127.02500953960336,37.50480511718577],[127.02475482728717,37.50472812958989],[127.02473856345495,37.50473395809177],[127.02467504603813,37.504865514548776],[127.0246429277911,37.504933825142984],[127.0246526948935,37.50493682676699]]]}},{"type":"Feature","id":520,"properties":{"model_ref_id":520,"source_type":"MODEL_REFERENCE","model_use":"역세권활성화 간선가로형","reference_name":"노선형 상업지역 판정용 참조도형"},"geometry":{"type":"Polygon","coordinates":[[[127.02603216039499,37.505113774016635],[127.02602420791335,37.50511136991953],[127.02602331790864,37.50511110111883],[127.02591360562108,37.505078000198246],[127.02584979978494,37.505058766958754],[127.02570977488958,37.50501653745839],[127.02567109274563,37.50500483289969],[127.02558513248945,37.50497889089874],[127.02528404585698,37.504888047043394],[127.02523296688176,37.50498815329815],[127.0255367817739,37.505079919185974],[127.02566147972638,37.50511753875562],[127.02580151722371,37.50515976831006],[127.02594122574567,37.50520191667281],[127.02604646420544,37.50523371920773],[127.0261265716719,37.505257914094294],[127.02620677530129,37.50528204403626],[127.02628697580853,37.50530627125618],[127.0263352508334,37.50520526337875],[127.02625505852622,37.505181042521386],[127.02617486629859,37.50515691170854],[127.02609478719037,37.505132690720046],[127.02603216039499,37.505113774016635]]]}},{"type":"Feature","id":521,"properties":{"model_ref_id":521,"source_type":"MODEL_REFERENCE","model_use":"역세권활성화 간선가로형","reference_name":"노선형 상업지역 판정용 참조도형"},"geometry":{"type":"Polygon","coordinates":[[[127.02711278962971,37.505102596638245],[127.0271141868086,37.50510301773562],[127.02712920600743,37.505107549630935],[127.02740537573135,37.50519087025],[127.02741015504756,37.50519231187958],[127.02753582192962,37.50523020709344],[127.02756223615363,37.50523817145675],[127.02793311407142,37.50535008700077],[127.02814485088949,37.50541392241593],[127.02816340049631,37.505419504613144],[127.02816611292667,37.505413917894714],[127.02821568818611,37.50531004161512],[127.02821567174335,37.505310036644914],[127.02761432603445,37.50512860017481],[127.0273506180511,37.505049115297396],[127.02716337043947,37.50499263454873],[127.02697599871945,37.5049361985774],[127.02660653674525,37.50482471037326],[127.02655471854483,37.50493421998737],[127.0267295412167,37.5049869689815],[127.02707027085341,37.50508976874173],[127.02709959720951,37.50509861576545],[127.02710665569604,37.50510074599666],[127.02711140439027,37.505102178579484],[127.02711278962971,37.505102596638245]]]}},{"type":"Feature","id":522,"properties":{"model_ref_id":522,"source_type":"MODEL_REFERENCE","model_use":"역세권활성화 간선가로형","reference_name":"노선형 상업지역 판정용 참조도형"},"geometry":{"type":"Polygon","coordinates":[[[127.02702780225957,37.5054141545659],[127.0268683216846,37.50536607395252],[127.02667468311589,37.50530763857207],[127.02658238821284,37.50527981639625],[127.02651905702469,37.50526066724166],[127.02639870152655,37.505224355838166],[127.02635044139026,37.505325360509524],[127.0264196754613,37.50534625172217],[127.02653406126646,37.50538084508158],[127.0268196885406,37.50546698568613],[127.0269911699464,37.50551866789347],[127.02727406222192,37.5056040331001],[127.02730588041696,37.50561358607676],[127.0276477820977,37.50571675963869],[127.0276960315661,37.50561576523613],[127.0273254843537,37.50550396847854],[127.02732233290352,37.50550302214741],[127.02703820809596,37.50541730591896],[127.02702780225957,37.5054141545659]]]}},{"type":"Feature","id":523,"properties":{"model_ref_id":523,"source_type":"MODEL_REFERENCE","model_use":"역세권활성화 간선가로형","reference_name":"노선형 상업지역 판정용 참조도형"},"geometry":{"type":"Polygon","coordinates":[[[127.02921498601494,37.50573673996044],[127.02926311332263,37.50563568506268],[127.02926310812815,37.50563568350331],[127.0283002796967,37.50533561138822],[127.02826292305336,37.50541389726047],[127.02824801910246,37.5054450449789],[127.02914918793509,37.50571689396831],[127.02921498601494,37.50573673996044]]]}},{"type":"Feature","id":524,"properties":{"model_ref_id":524,"source_type":"MODEL_REFERENCE","model_use":"역세권활성화 간선가로형","reference_name":"노선형 상업지역 판정용 참조도형"},"geometry":{"type":"Polygon","coordinates":[[[127.02441882511052,37.50525351347036],[127.02441820326248,37.50525481025471],[127.02441538082581,37.505260729494125],[127.024414993458,37.50526155099983],[127.02440849433793,37.505275175153436],[127.02438938127369,37.50531529071032],[127.02435514328259,37.50538707466175],[127.02434642452805,37.50540536338219],[127.02434630613742,37.50540561378312],[127.02434537930394,37.5054075600899],[127.02434510677776,37.50540812753379],[127.02432798420016,37.50544404433412],[127.02429045870713,37.50552297786371],[127.02418669783908,37.505740495599795],[127.02411187212024,37.50589746151761],[127.02421077744025,37.50599455224494],[127.02421077770853,37.50599455168221],[127.02423877857537,37.50593582100172],[127.02431350116969,37.505778928003366],[127.02441736461965,37.50556133715861],[127.02446550944128,37.505485392951876],[127.02452689614931,37.50535669331883],[127.02458795197778,37.50522871583865],[127.02445073291882,37.50518660913925],[127.02446048483884,37.50516613310166],[127.02445506434083,37.50517750311909],[127.02445499406437,37.50517765252024],[127.02445492155434,37.505177802627486],[127.02445072274044,37.5051866100421],[127.02444075766017,37.50520750893409],[127.0244404812801,37.505208090612925],[127.02443908594326,37.50521101487865],[127.02443084574818,37.505228296308246],[127.02443053481647,37.50522895034687],[127.02442873767258,37.50523272582287],[127.02442505063655,37.5052404498764],[127.02442064650688,37.505249686259866],[127.02441882511052,37.50525351347036]]]}},{"type":"Feature","id":525,"properties":{"model_ref_id":525,"source_type":"MODEL_REFERENCE","model_use":"역세권활성화 간선가로형","reference_name":"노선형 상업지역 판정용 참조도형"},"geometry":{"type":"Polygon","coordinates":[[[127.02773307916712,37.505626942681275],[127.02773161657902,37.50562650141149],[127.02775949277009,37.50563492657536],[127.02773307916712,37.505626942681275]]]}},{"type":"Feature","id":526,"properties":{"model_ref_id":526,"source_type":"MODEL_REFERENCE","model_use":"역세권활성화 간선가로형","reference_name":"노선형 상업지역 판정용 참조도형"},"geometry":{"type":"Polygon","coordinates":[[[127.02879171638904,37.505946323491116],[127.02793322606394,37.50568732773482],[127.02775949277009,37.50563492657536],[127.02771124851417,37.505735947704856],[127.0278851936194,37.505788428982775],[127.02873702287796,37.50604539841668],[127.02880150183921,37.50606484447677],[127.02884973733346,37.505963833067064],[127.02879171638904,37.505946323491116]]]}},{"type":"Feature","id":527,"properties":{"model_ref_id":527,"source_type":"MODEL_REFERENCE","model_use":"역세권활성화 간선가로형","reference_name":"노선형 상업지역 판정용 참조도형"},"geometry":{"type":"Polygon","coordinates":[[[127.02466862621715,37.5180133006526],[127.02479253146062,37.51806521521514],[127.02486674941849,37.51809630873555],[127.02493202967857,37.518123651152834],[127.02503238311562,37.518165677497784],[127.02505418076655,37.51817480369707],[127.02508427312048,37.518187411924],[127.02529141400595,37.518274219366006],[127.0253891748455,37.51831517596473],[127.02545780603532,37.51820533645656],[127.02545780531241,37.51820533615349],[127.0253617505499,37.518165067544395],[127.02515466417576,37.51807824579807],[127.02512456280144,37.518065626778636],[127.02490455993643,37.51797339026348],[127.02468064789376,37.51787951605611],[127.02440305597743,37.5177631336371],[127.02440304818043,37.51776313036794],[127.02433140168405,37.517872023846394],[127.02460958553034,37.51798856850143],[127.02466578895077,37.51801211186719],[127.02466862621715,37.5180133006526]]]}},{"type":"Feature","id":528,"properties":{"model_ref_id":528,"source_type":"MODEL_REFERENCE","model_use":"역세권활성화 간선가로형","reference_name":"노선형 상업지역 판정용 참조도형"},"geometry":{"type":"Polygon","coordinates":[[[127.02603469894257,37.5185856117905],[127.0260867377976,37.51860741638068],[127.02611547251281,37.51861945555525],[127.02612632963876,37.51862400411579],[127.02614485518424,37.51863176505136],[127.02627983087956,37.518688312362094],[127.02636624417698,37.51866712227095],[127.02640840814875,37.51860386520827],[127.02640840538457,37.51860386454255],[127.02577752326079,37.51833937636748],[127.02549783617428,37.51822211937106],[127.02549783419298,37.51822211854037],[127.02542920953653,37.518331947846924],[127.02567514872369,37.51843498190857],[127.02570921881139,37.518449255662645],[127.0257196087907,37.518453605821875],[127.02572807844106,37.51845715694823],[127.02579090947783,37.518483480122896],[127.02580305349737,37.51848856704369],[127.02582999090345,37.51849985033388],[127.02603469894257,37.5185856117905]]]}},{"type":"Feature","id":529,"properties":{"model_ref_id":529,"source_type":"MODEL_REFERENCE","model_use":"역세권활성화 간선가로형","reference_name":"노선형 상업지역 판정용 참조도형"},"geometry":{"type":"Polygon","coordinates":[[[127.02416439841024,37.51831100647172],[127.02411771019527,37.51829150841135],[127.02411677122612,37.518291112143984],[127.0241039197998,37.518285708505466],[127.02410391471125,37.518285706366306],[127.02408283513716,37.51839894127443],[127.02408285671838,37.518398950304494],[127.02414616363956,37.518425444288376],[127.02418676789607,37.51844249183678],[127.0242474254299,37.518467952806695],[127.02457290962126,37.518604222483035],[127.02483034629735,37.51871209566709],[127.02496115836901,37.51876686056876],[127.02505470673901,37.51880612626546],[127.02506010081953,37.51880838623521],[127.02511790934106,37.51871042948885],[127.02502377393544,37.518670992763035],[127.02497495841388,37.51865054039088],[127.02489300723177,37.518616227921385],[127.02464540062316,37.51851247467641],[127.02463812751913,37.51850942748186],[127.02454735255823,37.51847140160936],[127.02430982555562,37.518371896205515],[127.02428274248456,37.518360539614534],[127.02427603399171,37.51835772443184],[127.02427353378917,37.51835667602969],[127.02424702537252,37.51834555158126],[127.02420934446816,37.518329784035004],[127.0241652016236,37.518311339693796],[127.02416439841024,37.51831100647172]]]}},{"type":"Feature","id":530,"properties":{"model_ref_id":530,"source_type":"MODEL_REFERENCE","model_use":"역세권활성화 간선가로형","reference_name":"노선형 상업지역 판정용 참조도형"},"geometry":{"type":"Polygon","coordinates":[[[127.02717651923643,37.5190233971305],[127.02719112216418,37.51902951693231],[127.02720346597395,37.51903469238802],[127.02720464002748,37.51903518459038],[127.02729767061605,37.51907416477288],[127.02736114349351,37.51897859815459],[127.02718869684324,37.51890635861289],[127.02688788045045,37.51878028135279],[127.02670734695963,37.51870455354746],[127.02654084011664,37.518635760286394],[127.02654083339313,37.51863575866707],[127.02650775794712,37.51868538430191],[127.02653436168654,37.518754304306334],[127.02653436294358,37.51875430463226],[127.02664432513866,37.5188003232173],[127.02682431688683,37.51887578994013],[127.02695125031822,37.518929012727114],[127.02712558607989,37.51900204746537],[127.02717651923643,37.5190233971305]]]}},{"type":"Feature","id":531,"properties":{"model_ref_id":531,"source_type":"MODEL_REFERENCE","model_use":"역세권활성화 간선가로형","reference_name":"노선형 상업지역 판정용 참조도형"},"geometry":{"type":"Polygon","coordinates":[[[127.02512024302351,37.51883359327834],[127.0252894519964,37.518904560313736],[127.02529893119214,37.51890853368859],[127.02544953050545,37.51897165368733],[127.02547369543161,37.51898172988945],[127.02551273387394,37.51887595670209],[127.02535265438165,37.51880886341322],[127.02517798139465,37.5187356459213],[127.02512023875724,37.51883359148791],[127.02512024302351,37.51883359327834]]]}},{"type":"Feature","id":532,"properties":{"model_ref_id":532,"source_type":"MODEL_REFERENCE","model_use":"역세권활성화 간선가로형","reference_name":"노선형 상업지역 판정용 참조도형"},"geometry":{"type":"Polygon","coordinates":[[[127.02565501998977,37.519057704863904],[127.02575645430956,37.51910025710028],[127.02576464386152,37.51910369009264],[127.02593191527026,37.51917383082187],[127.02599365287989,37.519077595525594],[127.02581977053799,37.51900464912905],[127.02572129015148,37.518963321723334],[127.0256949474501,37.518952263854594],[127.02569474967693,37.5189521815903],[127.0256266223908,37.518923642315045],[127.02562662205476,37.51892364217411],[127.02562662125996,37.51892364321624],[127.02556787266217,37.51889902607457],[127.02556398198715,37.51889739947459],[127.02556199088859,37.518896561935044],[127.02554350536535,37.5188888349778],[127.02550445574539,37.51899459631114],[127.02556345304902,37.519019294304506],[127.02565501998977,37.519057704863904]]]}},{"type":"Feature","id":533,"properties":{"model_ref_id":533,"source_type":"MODEL_REFERENCE","model_use":"역세권활성화 간선가로형","reference_name":"노선형 상업지역 판정용 참조도형"},"geometry":{"type":"Polygon","coordinates":[[[127.02793776218029,37.519342362562476],[127.02793945917419,37.51934308299543],[127.02806622895301,37.519304500421136],[127.02811722069087,37.51919598310801],[127.02810983497453,37.519198176124256],[127.02797822418634,37.51923720957921],[127.02775056095923,37.51914173373965],[127.02759177429756,37.51907530184039],[127.02748329198846,37.51902982352539],[127.02740122672876,37.5189953148846],[127.02733770825313,37.51909093157387],[127.02741961582629,37.51912524235338],[127.02744246385375,37.51913482831316],[127.02745117855095,37.51913848216557],[127.02745169371039,37.519138700725776],[127.02745183615211,37.51913876048759],[127.02793776218029,37.519342362562476]]]}},{"type":"Feature","id":534,"properties":{"model_ref_id":534,"source_type":"MODEL_REFERENCE","model_use":"역세권활성화 간선가로형","reference_name":"노선형 상업지역 판정용 참조도형"},"geometry":{"type":"Polygon","coordinates":[[[127.0259620135134,37.519186351875845],[127.02602242561002,37.519211657008604],[127.02611440521667,37.51926622185254],[127.02611440611095,37.51926622238303],[127.02613417672336,37.51918487585233],[127.02609501834826,37.519119922237344],[127.02602373439568,37.51909005034526],[127.02602372964768,37.51909004835965],[127.02596201195833,37.51918635122893],[127.0259620135134,37.519186351875845]]]}},{"type":"Feature","id":535,"properties":{"model_ref_id":535,"source_type":"MODEL_REFERENCE","model_use":"역세권활성화 간선가로형","reference_name":"노선형 상업지역 판정용 참조도형"},"geometry":{"type":"Polygon","coordinates":[[[127.02674440016747,37.519554862960824],[127.02682947569069,37.519590524993426],[127.02692765003606,37.51963171553802],[127.0269894512566,37.51953546029073],[127.02694317897323,37.51951604615793],[127.0268913519251,37.51949432569765],[127.02680627761544,37.51945867181767],[127.02656496699726,37.519357539136145],[127.02656496782853,37.51935753720847],[127.02632853413196,37.519258448439835],[127.02624698655117,37.51928963869156],[127.02623525994285,37.519337913274114],[127.02623526901428,37.51933791865531],[127.02625594267695,37.51935018425311],[127.02650311196336,37.51945378420944],[127.02674440016747,37.519554862960824]]]}},{"type":"Feature","id":536,"properties":{"model_ref_id":536,"source_type":"MODEL_REFERENCE","model_use":"역세권활성화 간선가로형","reference_name":"노선형 상업지역 판정용 참조도형"},"geometry":{"type":"Polygon","coordinates":[[[127.02916296392924,37.51975826444015],[127.02909983735984,37.519738276445224],[127.02915010579035,37.51963788624173],[127.02915010575633,37.519637886231],[127.02892900479485,37.519567585734436],[127.0287362432533,37.51950645973204],[127.02849738180325,37.5194306302202],[127.02842620147274,37.51930966082039],[127.02837170700897,37.519425611708286],[127.02842660231393,37.51952452844494],[127.02868668711297,37.519607092884655],[127.02887900768708,37.519668137974364],[127.02909949554885,37.51973817687685],[127.02909949554942,37.51973817687701],[127.02909988787862,37.51973830144288],[127.02916296392924,37.51975826444015]]]}},{"type":"Feature","id":537,"properties":{"model_ref_id":537,"source_type":"MODEL_REFERENCE","model_use":"역세권활성화 간선가로형","reference_name":"노선형 상업지역 판정용 참조도형"},"geometry":{"type":"Polygon","coordinates":[[[127.0269677013399,37.519648462085776],[127.02696771227406,37.51964846665764],[127.027073072681,37.51969256666342],[127.02717335581323,37.51973454758698],[127.02717340785485,37.51973457100207],[127.02736565700135,37.51981532048076],[127.02777938556878,37.51998858468971],[127.02778032789004,37.52000298848779],[127.02786134526407,37.51990083863032],[127.02786134438377,37.519900838261265],[127.02786134411474,37.51990083814853],[127.02786134325287,37.51990083916248],[127.0276986698496,37.51983266752313],[127.02765116517836,37.51981273856066],[127.02757787636342,37.519782042722575],[127.02742887898707,37.519719599054795],[127.02733955942074,37.519682165182964],[127.0272336807058,37.519637792521486],[127.02715721772563,37.51960574829208],[127.02713355943435,37.51959583414012],[127.02713355987319,37.51959583342317],[127.02713355943405,37.51959583323915],[127.02702949317192,37.519552221381964],[127.0269677013399,37.519648462085776]]]}},{"type":"Feature","id":538,"properties":{"model_ref_id":538,"source_type":"MODEL_REFERENCE","model_use":"역세권활성화 간선가로형","reference_name":"노선형 상업지역 판정용 참조도형"},"geometry":{"type":"Polygon","coordinates":[[[127.02790186882183,37.519917831386664],[127.02778444237214,37.52006594791443],[127.02778444260615,37.52006595149512],[127.02778563865778,37.5200842683364],[127.02786279708813,37.52011675890034],[127.02792550149977,37.52014316163948],[127.02791091950415,37.519921613631915],[127.02790186882183,37.519917831386664]]]}},{"type":"Feature","id":539,"properties":{"model_ref_id":539,"source_type":"MODEL_REFERENCE","model_use":"역세권활성화 간선가로형","reference_name":"노선형 상업지역 판정용 참조도형"},"geometry":{"type":"Polygon","coordinates":[[[127.02888515737459,37.56436601524566],[127.02900003293055,37.56434521341112],[127.0290845732185,37.5643196970176],[127.02911424718641,37.56431074372224],[127.02926503065193,37.564250102453066],[127.02926502218868,37.56425009229621],[127.02925709188182,37.56423692061262],[127.02924185110149,37.56421162553238],[127.02923648521814,37.56420323913201],[127.02923648433898,37.56420323948679],[127.02912951830413,37.56424643009459],[127.02908000636306,37.56426811773786],[127.0288681044699,37.56430896973331],[127.02859622003406,37.56436326888134],[127.02848578183584,37.56438929415809],[127.02832432483021,37.56442706284854],[127.02818689061662,37.56445925748332],[127.02818689386554,37.56445926444476],[127.0282321767951,37.564552839731235],[127.02858739838544,37.564489190153324],[127.02858992138225,37.56445302421303],[127.02859083311982,37.56443820287121],[127.02864259995155,37.56442640681988],[127.02869012260817,37.56441543156105],[127.02872144979406,37.564408316007516],[127.02885633312157,37.56437750906523],[127.0288596151261,37.56437646320908],[127.028870739719,37.564372136064826],[127.02888515737459,37.56436601524566]]]}},{"type":"Feature","id":540,"properties":{"model_ref_id":540,"source_type":"MODEL_REFERENCE","model_use":"역세권활성화 간선가로형","reference_name":"노선형 상업지역 판정용 참조도형"},"geometry":{"type":"Polygon","coordinates":[[[127.02814021699757,37.56456250882811],[127.02814021231517,37.56456249912336],[127.02814020567602,37.5645624998207],[127.0280970527733,37.56447306090287],[127.02809187567448,37.56447450725957],[127.0280892855243,37.564568213847416],[127.02804669551723,37.564573070155745],[127.02806000560284,37.564571553687124],[127.02805947725676,37.564582392605416],[127.02806367616083,37.56458158083227],[127.0281877586816,37.56455751473337],[127.02814021699757,37.56456250882811]]]}},{"type":"Feature","id":541,"properties":{"model_ref_id":541,"source_type":"MODEL_REFERENCE","model_use":"역세권활성화 간선가로형","reference_name":"노선형 상업지역 판정용 참조도형"},"geometry":{"type":"Polygon","coordinates":[[[127.0282321767951,37.564552839731235],[127.0282321726492,37.56455284016668],[127.02823217264931,37.56455284016685],[127.0282321767951,37.564552839731235]]]}},{"type":"Feature","id":542,"properties":{"model_ref_id":542,"source_type":"MODEL_REFERENCE","model_use":"역세권활성화 간선가로형","reference_name":"노선형 상업지역 판정용 참조도형"},"geometry":{"type":"Polygon","coordinates":[[[127.02804558596262,37.56460592017283],[127.0280457593488,37.56460738133553],[127.02804565386779,37.56460590213879],[127.02823212658139,37.56455285401618],[127.02823212657945,37.564552854016384],[127.02804558596262,37.56460592017283]]]}},{"type":"Feature","id":543,"properties":{"model_ref_id":543,"source_type":"MODEL_REFERENCE","model_use":"역세권활성화 간선가로형","reference_name":"노선형 상업지역 판정용 참조도형"},"geometry":{"type":"Polygon","coordinates":[[[127.02780922867598,37.564553984268905],[127.0277722540732,37.56456314779319],[127.02754801146887,37.56461530101197],[127.02736759575635,37.56465854086355],[127.02738546888715,37.56475301721106],[127.02754966654716,37.56471643042407],[127.0276102503006,37.56470284905204],[127.02767356158557,37.56468860936339],[127.0277437540016,37.56467279148378],[127.02786831677015,37.564645213343816],[127.02795805487966,37.56462536383791],[127.02804558596262,37.56460592017283],[127.02804624726026,37.564586485863835],[127.0280466283198,37.56457520549592],[127.02804669551723,37.564573070155745],[127.02804833829158,37.564510100216786],[127.02804937432626,37.56448638110168],[127.02793077707031,37.56451951418706],[127.02780922867598,37.564553984268905]]]}},{"type":"Feature","id":544,"properties":{"model_ref_id":544,"source_type":"MODEL_REFERENCE","model_use":"역세권활성화 간선가로형","reference_name":"노선형 상업지역 판정용 참조도형"},"geometry":{"type":"Polygon","coordinates":[[[127.02804922947715,37.564636624847225],[127.02809077006691,37.564641238075204],[127.02807655344903,37.56463965536352],[127.02804922947715,37.564636624847225]]]}},{"type":"Feature","id":545,"properties":{"model_ref_id":545,"source_type":"MODEL_REFERENCE","model_use":"역세권활성화 간선가로형","reference_name":"노선형 상업지역 판정용 참조도형"},"geometry":{"type":"Polygon","coordinates":[[[127.0290665294635,37.56463582023919],[127.02908175440037,37.56462903833988],[127.0289685919415,37.564658243357265],[127.02903324201989,37.56464344266714],[127.0290665294635,37.56463582023919]]]}},{"type":"Feature","id":546,"properties":{"model_ref_id":546,"source_type":"MODEL_REFERENCE","model_use":"역세권활성화 간선가로형","reference_name":"노선형 상업지역 판정용 참조도형"},"geometry":{"type":"Polygon","coordinates":[[[127.02862158770175,37.56475615081776],[127.02860250606695,37.56476183745744],[127.02860820161213,37.564760140489355],[127.02862158770175,37.56475615081776]]]}},{"type":"Feature","id":547,"properties":{"model_ref_id":547,"source_type":"MODEL_REFERENCE","model_use":"역세권활성화 간선가로형","reference_name":"노선형 상업지역 판정용 참조도형"},"geometry":{"type":"Polygon","coordinates":[[[127.02854708073362,37.56477813189219],[127.02854874439595,37.56477764410184],[127.028587696181,37.56476624987839],[127.02857674490403,37.564746386608775],[127.02852612338341,37.56476265272111],[127.02853676828693,37.564781146100394],[127.02834609145437,37.56483528204532],[127.02834609038115,37.564835284045785],[127.02853678413202,37.56478114339404],[127.02854708073362,37.56477813189219]]]}},{"type":"Feature","id":548,"properties":{"model_ref_id":548,"source_type":"MODEL_REFERENCE","model_use":"역세권활성화 간선가로형","reference_name":"노선형 상업지역 판정용 참조도형"},"geometry":{"type":"Polygon","coordinates":[[[127.0282005032324,37.564842881404246],[127.02820111399988,37.564842730939304],[127.02820147654766,37.56484263793184],[127.0284314824279,37.56478596890843],[127.02820144259196,37.56484263793909],[127.02814363566608,37.564857473731294],[127.02814365334542,37.56485747157804],[127.0282005032324,37.564842881404246]]]}},{"type":"Feature","id":549,"properties":{"model_ref_id":549,"source_type":"MODEL_REFERENCE","model_use":"역세권활성화 간선가로형","reference_name":"노선형 상업지역 판정용 참조도형"},"geometry":{"type":"Polygon","coordinates":[[[127.02667757040149,37.564782884435665],[127.02665251383459,37.564791538870736],[127.0266762371279,37.564826041710404],[127.02668716461896,37.564842086000475],[127.02670454072863,37.56486713587274],[127.0267058827365,37.564869012582975],[127.02671784051599,37.56488595764491],[127.02675155102902,37.56493361279332],[127.0267563253791,37.56496271353204],[127.0267767158916,37.565027431762154],[127.02676738128635,37.56495528722436],[127.02676745363506,37.56495528910097],[127.02691306693833,37.56495906600712],[127.02691312162605,37.564959056582495],[127.02676746051364,37.56495527819861],[127.02676612974378,37.56493479915989],[127.02672798342536,37.56487693450317],[127.02672628050084,37.56487435131201],[127.02672628147509,37.56487435119433],[127.02678685520092,37.5648670321851],[127.02681783284063,37.564862935494986],[127.02682169672487,37.56487630528019],[127.02692366106253,37.56486150860323],[127.02698170009279,37.564853315937334],[127.02715551808741,37.5648140428233],[127.02732426681607,37.56477979797202],[127.02732307211362,37.564773907527474],[127.02732203350334,37.56476884249782],[127.02732081619303,37.564761289520945],[127.02731835893614,37.56474618357177],[127.02731502539828,37.564728056511754],[127.02730514734682,37.56467350781041],[127.027303951835,37.56467379448088],[127.02729308639616,37.56467492294012],[127.02719318104255,37.56469615072047],[127.02713973058549,37.56470750770165],[127.02693586364136,37.564751732365515],[127.0268140895276,37.564773075069695],[127.0267672593212,37.56478129062872],[127.02669475065963,37.56479170698279],[127.02670223408226,37.564820351310615],[127.02670885243478,37.56484842213073],[127.02670885300827,37.564848424563316],[127.02669140285651,37.564822389698755],[127.02667296751787,37.56479482336034],[127.02667313501003,37.56479475010575],[127.02668429531043,37.56478820788901],[127.02672458414663,37.56477162175637],[127.02672324720007,37.56476693376605],[127.02668574149219,37.56477999965905],[127.02667883793814,37.564782433691185],[127.02667757040149,37.564782884435665]]]}},{"type":"Feature","id":550,"properties":{"model_ref_id":550,"source_type":"MODEL_REFERENCE","model_use":"역세권활성화 간선가로형","reference_name":"노선형 상업지역 판정용 참조도형"},"geometry":{"type":"Polygon","coordinates":[[[127.0280951455112,37.56486338311599],[127.02789159755004,37.56491339456241],[127.02788727504412,37.56491442792032],[127.02788763206296,37.56491434472515],[127.02789164282134,37.564913385543065],[127.02809516248976,37.56486338104807],[127.0280951455112,37.56486338311599]]]}},{"type":"Feature","id":551,"properties":{"model_ref_id":551,"source_type":"MODEL_REFERENCE","model_use":"역세권활성화 간선가로형","reference_name":"노선형 상업지역 판정용 참조도형"},"geometry":{"type":"Polygon","coordinates":[[[127.02434877150667,37.56485830468187],[127.02433379980279,37.564895871999184],[127.02430653616423,37.56494561108428],[127.02430563505686,37.56496101802774],[127.02433302771016,37.56496686946939],[127.02537342270873,37.56493379142886],[127.02537896876167,37.56493361018332],[127.02539401486099,37.56490810956307],[127.02540090282189,37.56485332859177],[127.02540357440489,37.56483194779784],[127.02434877150667,37.56485830468187]]]}},{"type":"Feature","id":552,"properties":{"model_ref_id":552,"source_type":"MODEL_REFERENCE","model_use":"역세권활성화 간선가로형","reference_name":"노선형 상업지역 판정용 참조도형"},"geometry":{"type":"Polygon","coordinates":[[[127.0278762410159,37.564955870054774],[127.02785475766368,37.564960398152714],[127.02787624214811,37.56495587095554],[127.02790625770281,37.56495182824117],[127.02812111315328,37.56490221080006],[127.02812778250411,37.56489985543862],[127.02812775502133,37.5648998642464],[127.02812111202111,37.56490220989931],[127.02796087587632,37.564939211095115],[127.02790625657065,37.564951827340444],[127.0278762410159,37.564955870054774]]]}},{"type":"Feature","id":553,"properties":{"model_ref_id":553,"source_type":"MODEL_REFERENCE","model_use":"역세권활성화 간선가로형","reference_name":"노선형 상업지역 판정용 참조도형"},"geometry":{"type":"Polygon","coordinates":[[[127.027766174679,37.5649426307115],[127.02777497831406,37.56494059606314],[127.02777882488729,37.56493969971073],[127.02775255945532,37.56494576897723],[127.02746845040754,37.565011482613635],[127.02748064981424,37.565039879020716],[127.0274806501412,37.56503988994346],[127.027480718858,37.56503987990738],[127.02775999701268,37.56498036600498],[127.0277731343515,37.564977597725665],[127.02776307363047,37.56494337016561],[127.02776401975069,37.56494314969494],[127.02776401299279,37.56494312670396],[127.027766174679,37.5649426307115]]]}},{"type":"Feature","id":554,"properties":{"model_ref_id":554,"source_type":"MODEL_REFERENCE","model_use":"역세권활성화 간선가로형","reference_name":"노선형 상업지역 판정용 참조도형"},"geometry":{"type":"Polygon","coordinates":[[[127.02746878853446,37.5650416210729],[127.02748064981424,37.565039879020716],[127.02746878848811,37.565041620369506],[127.02746878853446,37.5650416210729]]]}},{"type":"Feature","id":555,"properties":{"model_ref_id":555,"source_type":"MODEL_REFERENCE","model_use":"역세권활성화 간선가로형","reference_name":"노선형 상업지역 판정용 참조도형"},"geometry":{"type":"Polygon","coordinates":[[[127.02723966279629,37.56506284567435],[127.02741955569073,37.56504970518762],[127.02741955520285,37.565049703338794],[127.02740783249305,37.56502528015483],[127.02723966279629,37.56506284567435]]]}},{"type":"Feature","id":556,"properties":{"model_ref_id":556,"source_type":"MODEL_REFERENCE","model_use":"역세권활성화 간선가로형","reference_name":"노선형 상업지역 판정용 참조도형"},"geometry":{"type":"Polygon","coordinates":[[[127.02699101936665,37.565110022553455],[127.02704321847729,37.565102759953966],[127.0272321699641,37.5650633926519],[127.0272322276878,37.56506338903617],[127.02723528925918,37.565063165294475],[127.02722735581062,37.56502029879992],[127.02722548531469,37.56502048409813],[127.02723216883194,37.565063391751174],[127.02704321734485,37.565102758152214],[127.02699101823455,37.565110021652714],[127.02681618715792,37.56513371675962],[127.02681618723368,37.565133717738085],[127.02681618829007,37.56513371766039],[127.02689637835135,37.565122850065215],[127.0268978825299,37.56512264523852],[127.02699101936665,37.565110022553455]]]}},{"type":"Feature","id":557,"properties":{"model_ref_id":557,"source_type":"MODEL_REFERENCE","model_use":"역세권활성화 간선가로형","reference_name":"노선형 상업지역 판정용 참조도형"},"geometry":{"type":"Polygon","coordinates":[[[127.0261441838013,37.56518823340945],[127.02608479521885,37.56518901085047],[127.02595271903668,37.56519177553949],[127.02595241491406,37.56519200570259],[127.02595241866065,37.56519200562423],[127.02595255948187,37.565191899004944],[127.0259527201688,37.565191776440265],[127.02608479635097,37.565189011751244],[127.02614418493371,37.56518823521119],[127.0262250785643,37.565186371440646],[127.0263647072657,37.56518239223425],[127.02636595230297,37.56518235594904],[127.02638706927078,37.56518175352348],[127.02644664633864,37.56517929285998],[127.02655051146606,37.56517500247226],[127.02655100608332,37.565174981651225],[127.02655100457956,37.56517496410026],[127.02655100353587,37.56517496423213],[127.02655100495114,37.56517498075046],[127.02655080867736,37.56517498885823],[127.02655080121883,37.56517498980086],[127.0263870681386,37.56518175262271],[127.02622507743217,37.5651863705399],[127.0261441838013,37.56518823340945]]]}},{"type":"Feature","id":558,"properties":{"model_ref_id":558,"source_type":"MODEL_REFERENCE","model_use":"역세권활성화 간선가로형","reference_name":"노선형 상업지역 판정용 참조도형"},"geometry":{"type":"Polygon","coordinates":[[[127.02573267589942,37.56519545890368],[127.02576289516307,37.565196228230015],[127.0257646388127,37.565196271747915],[127.02573267476726,37.56519545800293],[127.02568112995388,37.56519551294778],[127.02568113089576,37.56519551384877],[127.02573267589942,37.56519545890368]]]}},{"type":"Feature","id":559,"properties":{"model_ref_id":559,"source_type":"MODEL_REFERENCE","model_use":"역세권활성화 간선가로형","reference_name":"노선형 상업지역 판정용 참조도형"},"geometry":{"type":"Polygon","coordinates":[[[127.02550256821394,37.56519535875058],[127.02550258907355,37.565195357852666],[127.02550256708182,37.56519535784981],[127.02537222017675,37.56519925519812],[127.0253722194351,37.56519925616318],[127.02537265532267,37.565199243199956],[127.02550256821394,37.56519535875058]]]}},{"type":"Feature","id":560,"properties":{"model_ref_id":560,"source_type":"MODEL_REFERENCE","model_use":"역세권활성화 간선가로형","reference_name":"노선형 상업지역 판정용 참조도형"},"geometry":{"type":"Polygon","coordinates":[[[127.02594209711225,37.565199344221945],[127.0257646388127,37.565196271747915],[127.02580128441879,37.56519690712491],[127.02594209597356,37.56519934508337],[127.02594209711225,37.565199344221945]]]}},{"type":"Feature","id":561,"properties":{"model_ref_id":561,"source_type":"MODEL_REFERENCE","model_use":"역세권활성화 간선가로형","reference_name":"노선형 상업지역 판정용 참조도형"},"geometry":{"type":"Polygon","coordinates":[[[127.02488621455358,37.565206384390514],[127.0247965756924,37.565210404628345],[127.02479737242987,37.565210428182674],[127.02488523289631,37.56521299867598],[127.02493305409483,37.56521298080815],[127.02492881465899,37.56520702881069],[127.0249287343855,37.56520691704787],[127.02490747667261,37.5652066507487],[127.02488622587482,37.56520639339824],[127.02488622757825,37.56520638455368],[127.02488621455358,37.565206384390514]]]}},{"type":"Feature","id":562,"properties":{"model_ref_id":562,"source_type":"MODEL_REFERENCE","model_use":"역세권활성화 간선가로형","reference_name":"노선형 상업지역 판정용 참조도형"},"geometry":{"type":"Polygon","coordinates":[[[127.02467618838189,37.565214243584236],[127.02467618935562,37.565214245392404],[127.02467618951427,37.56521424538598],[127.02477726395614,37.565211117533444],[127.02477789034124,37.56521109423341],[127.02477773901347,37.56521109891954],[127.02477726282403,37.565211116632675],[127.02467618838189,37.565214243584236]]]}},{"type":"Feature","id":563,"properties":{"model_ref_id":563,"source_type":"MODEL_REFERENCE","model_use":"역세권활성화 간선가로형","reference_name":"노선형 상업지역 판정용 참조도형"},"geometry":{"type":"Polygon","coordinates":[[[127.02458006038708,37.565218117361425],[127.02449770694436,37.565221258762804],[127.02444366903156,37.56522353633849],[127.02449770807647,37.5652212596636],[127.02458006134113,37.56521811826901],[127.02458006038708,37.565218117361425]]]}},{"type":"Feature","id":564,"properties":{"model_ref_id":564,"source_type":"MODEL_REFERENCE","model_use":"역세권활성화 간선가로형","reference_name":"노선형 상업지역 판정용 참조도형"},"geometry":{"type":"Polygon","coordinates":[[[127.02426926560354,37.565230264824486],[127.0242660716185,37.565230404080324],[127.02426925541704,37.565230265727294],[127.02444358304325,37.56522353996117],[127.02444360422959,37.56522353906859],[127.02426926560354,37.565230264824486]]]}},{"type":"Feature","id":565,"properties":{"model_ref_id":565,"source_type":"MODEL_REFERENCE","model_use":"역세권활성화 간선가로형","reference_name":"노선형 상업지역 판정용 참조도형"},"geometry":{"type":"Polygon","coordinates":[[[127.02674644894671,37.570399057159804],[127.02674644960916,37.570399056945284],[127.0267464477533,37.57039905515021],[127.02674644742564,37.570399055256324],[127.02674644894671,37.570399057159804]]]}},{"type":"Feature","id":566,"properties":{"model_ref_id":566,"source_type":"MODEL_REFERENCE","model_use":"역세권활성화 간선가로형","reference_name":"노선형 상업지역 판정용 참조도형"},"geometry":{"type":"Polygon","coordinates":[[[127.02674649628479,37.57039910209248],[127.02675033731195,37.57040389484855],[127.02675116826396,37.57040362127242],[127.02675116841344,37.570403621222624],[127.02674649628479,37.57039910209248]]]}},{"type":"Feature","id":567,"properties":{"model_ref_id":567,"source_type":"MODEL_REFERENCE","model_use":"역세권활성화 간선가로형","reference_name":"노선형 상업지역 판정용 참조도형"},"geometry":{"type":"Polygon","coordinates":[[[127.02767586474158,37.57041053166335],[127.02767585629724,37.57041053421835],[127.02772229510005,37.57039913380369],[127.02767586474158,37.57041053166335]]]}},{"type":"Feature","id":568,"properties":{"model_ref_id":568,"source_type":"MODEL_REFERENCE","model_use":"역세권활성화 간선가로형","reference_name":"노선형 상업지역 판정용 참조도형"},"geometry":{"type":"Polygon","coordinates":[[[127.02721267004354,37.57093918169454],[127.02721267196297,37.57093918129289],[127.02721905708658,37.57093784512021],[127.02721905708535,37.57093784511257],[127.02721267026004,37.570939181632234],[127.02721267004354,37.57093918169454]]]}},{"type":"Feature","id":569,"properties":{"model_ref_id":569,"source_type":"MODEL_REFERENCE","model_use":"역세권활성화 간선가로형","reference_name":"노선형 상업지역 판정용 참조도형"},"geometry":{"type":"Polygon","coordinates":[[[127.02615195792362,37.571247030021794],[127.02615194952257,37.571247032443644],[127.0261519504787,37.57124703346717],[127.02616058335354,37.57125627493453],[127.02616059183053,37.57125627251196],[127.02615195792362,37.571247030021794]]]}},{"type":"Feature","id":570,"properties":{"model_ref_id":570,"source_type":"MODEL_REFERENCE","model_use":"역세권활성화 간선가로형","reference_name":"노선형 상업지역 판정용 참조도형"},"geometry":{"type":"Polygon","coordinates":[[[127.02785950279144,37.57683292197538],[127.02793252614983,37.576853548041406],[127.02794718327067,37.57677721396542],[127.0279531555712,37.576744650699],[127.02787363914251,37.57672218861935],[127.02785950279144,37.57683292197538]]]}},{"type":"Feature","id":571,"properties":{"model_ref_id":571,"source_type":"MODEL_REFERENCE","model_use":"역세권활성화 간선가로형","reference_name":"노선형 상업지역 판정용 참조도형"},"geometry":{"type":"Polygon","coordinates":[[[127.02800929695002,37.57680741969763],[127.02799682189163,37.576872089150505],[127.02835308557971,37.576973150652215],[127.02836234549892,37.57690705590129],[127.02836784896024,37.576862558845505],[127.02804275892602,37.576770346318135],[127.02801723733651,37.57676298253976],[127.02800929695002,37.57680741969763]]]}},{"type":"Feature","id":572,"properties":{"model_ref_id":572,"source_type":"MODEL_REFERENCE","model_use":"역세권활성화 간선가로형","reference_name":"노선형 상업지역 판정용 참조도형"},"geometry":{"type":"Polygon","coordinates":[[[127.0281292224244,37.577238135444695],[127.02802388272616,37.57720743756544],[127.02798528096777,37.577196188620334],[127.02792683101464,37.577224780718794],[127.02791916432385,37.57728457042993],[127.02791812652524,37.57729223888467],[127.02810860975033,37.57734499508432],[127.0282749799699,37.57739241422584],[127.02846028719425,37.57744661117904],[127.02850402241218,37.577345514114626],[127.0284363987711,37.577326346829075],[127.02829344127407,37.577284788284764],[127.02825021650393,37.57727250837497],[127.0281292224244,37.577238135444695]]]}},{"type":"Feature","id":573,"properties":{"model_ref_id":573,"source_type":"MODEL_REFERENCE","model_use":"역세권활성화 간선가로형","reference_name":"노선형 상업지역 판정용 참조도형"},"geometry":{"type":"Polygon","coordinates":[[[127.02857154504042,37.57736713204726],[127.02852719602215,37.57746617996694],[127.02859527943194,37.57748609223463],[127.02897659095045,37.57759442392906],[127.0290733930638,37.577628387564886],[127.02910461847112,37.57763699340816],[127.02915341775257,37.57753120827289],[127.02908916754019,37.577512779418775],[127.0290397503987,37.57750030363871],[127.0290123170268,37.57749253332394],[127.02898308466095,37.577484259750655],[127.02881495865499,37.577435508541555],[127.02863880563129,37.57738376758177],[127.02857154504042,37.57736713204726]]]}},{"type":"Feature","id":574,"properties":{"model_ref_id":574,"source_type":"MODEL_REFERENCE","model_use":"역세권활성화 간선가로형","reference_name":"노선형 상업지역 판정용 참조도형"},"geometry":{"type":"Polygon","coordinates":[[[127.03383423633527,37.48553696116594],[127.03383423615401,37.48553696154528],[127.03390708570554,37.485566049407346],[127.03383423633527,37.48553696116594]]]}},{"type":"Feature","id":575,"properties":{"model_ref_id":575,"source_type":"MODEL_REFERENCE","model_use":"역세권활성화 간선가로형","reference_name":"노선형 상업지역 판정용 참조도형"},"geometry":{"type":"Polygon","coordinates":[[[127.03378465447247,37.48594484486529],[127.03379675356008,37.48591961389634],[127.03386292966724,37.485780519281604],[127.03393186432287,37.485636432872305],[127.03380994781408,37.48558778391353],[127.03373708277803,37.485740250607144],[127.03367054485894,37.485879831782725],[127.03365845704187,37.48590506273601],[127.03358367083511,37.48606185497283],[127.03347024705718,37.48629947623449],[127.03341364836783,37.48641788224576],[127.03333626300146,37.48658008045406],[127.03346302851254,37.48661851529101],[127.03346303838484,37.48661849465207],[127.03354041245264,37.48645632110531],[127.033596649505,37.486338771972505],[127.03370964254036,37.48610208773624],[127.03378465447247,37.48594484486529]]]}},{"type":"Feature","id":576,"properties":{"model_ref_id":576,"source_type":"MODEL_REFERENCE","model_use":"역세권활성화 간선가로형","reference_name":"노선형 상업지역 판정용 참조도형"},"geometry":{"type":"Polygon","coordinates":[[[127.0326821393014,37.48636702227718],[127.03268209411155,37.486367115991854],[127.03228051873752,37.48720624109346],[127.03241321269597,37.48724587698812],[127.03245659536623,37.487154955963106],[127.03250653058217,37.48705051838572],[127.03258425737967,37.486887599366206],[127.03262628395846,37.486799561791415],[127.03266187091437,37.48672504071682],[127.0327885146813,37.48645975642005],[127.03282319752833,37.48638712760651],[127.03276562081189,37.486378921000686],[127.0326821393014,37.48636702227718]]]}},{"type":"Feature","id":577,"properties":{"model_ref_id":577,"source_type":"MODEL_REFERENCE","model_use":"역세권활성화 간선가로형","reference_name":"노선형 상업지역 판정용 참조도형"},"geometry":{"type":"Polygon","coordinates":[[[127.03276947213496,37.487767012498416],[127.03270360839633,37.48790497112396],[127.03263040092442,37.488058248434214],[127.03263040063773,37.48805824903353],[127.03275717603012,37.488096686919796],[127.03283037576544,37.48794342064526],[127.03289623930102,37.48780545294009],[127.03299033499376,37.48760839900945],[127.03343884981611,37.48666906315337],[127.03331208656951,37.48663063227034],[127.0328635737592,37.487569941547015],[127.03276947213496,37.487767012498416]]]}},{"type":"Feature","id":578,"properties":{"model_ref_id":578,"source_type":"MODEL_REFERENCE","model_use":"역세권활성화 간선가로형","reference_name":"노선형 상업지역 판정용 참조도형"},"geometry":{"type":"Polygon","coordinates":[[[127.03225632749279,37.48725679006243],[127.03211286585547,37.48755655972782],[127.03205625616675,37.48767629826938],[127.03218861525797,37.48771643133078],[127.03229108534534,37.487501699299244],[127.0323890358037,37.48729642872409],[127.03225632749279,37.48725679006243]]]}},{"type":"Feature","id":579,"properties":{"model_ref_id":579,"source_type":"MODEL_REFERENCE","model_use":"역세권활성화 간선가로형","reference_name":"노선형 상업지역 판정용 참조도형"},"geometry":{"type":"Polygon","coordinates":[[[127.03215641664542,37.487783743469016],[127.03202439044742,37.48774369917908],[127.03176925007254,37.48828335570966],[127.03189916508492,37.488322780745165],[127.03194010863838,37.48823692410403],[127.03197491736515,37.488163935133315],[127.03202705689579,37.488054613853215],[127.03215641664542,37.487783743469016]]]}},{"type":"Feature","id":580,"properties":{"model_ref_id":580,"source_type":"MODEL_REFERENCE","model_use":"역세권활성화 간선가로형","reference_name":"노선형 상업지역 판정용 참조도형"},"geometry":{"type":"Polygon","coordinates":[[[127.03248217525496,37.488368768628966],[127.0324274929948,37.488483297576],[127.03237281282951,37.48859782739602],[127.0323728125367,37.488597828006704],[127.03249923206846,37.48863700733145],[127.03255411432882,37.48852205376376],[127.03260896362906,37.488407172428744],[127.03266317107108,37.488293678756506],[127.03273299947647,37.488147234206274],[127.03260622264327,37.488108800507604],[127.03253629016102,37.48825531918587],[127.03248217525496,37.488368768628966]]]}},{"type":"Feature","id":581,"properties":{"model_ref_id":581,"source_type":"MODEL_REFERENCE","model_use":"역세권활성화 간선가로형","reference_name":"노선형 상업지역 판정용 참조도형"},"geometry":{"type":"Polygon","coordinates":[[[127.0314981662092,37.48885672572464],[127.03162575348745,37.48889542836623],[127.0316915082055,37.48875765058956],[127.03174991895472,37.48863519144161],[127.0318830090083,37.48835648183611],[127.03175328912504,37.488317115002744],[127.0314981662092,37.48885672572464]]]}},{"type":"Feature","id":582,"properties":{"model_ref_id":582,"source_type":"MODEL_REFERENCE","model_use":"역세권활성화 간선가로형","reference_name":"노선형 상업지역 판정용 참조도형"},"geometry":{"type":"Polygon","coordinates":[[[127.03229331167844,37.48909381139968],[127.03229331298144,37.4890938086759],[127.03238288272098,37.48888062861634],[127.03248306040459,37.488670735363556],[127.03248306917592,37.48867071706987],[127.03235665562988,37.48863152885594],[127.03225633202403,37.48884166500166],[127.03215600661485,37.48905189146003],[127.03215600632677,37.489051892063024],[127.03229331167844,37.48909381139968]]]}},{"type":"Feature","id":583,"properties":{"model_ref_id":583,"source_type":"MODEL_REFERENCE","model_use":"역세권활성화 간선가로형","reference_name":"노선형 상업지역 판정용 참조도형"},"geometry":{"type":"Polygon","coordinates":[[[127.0311508948298,37.48926903987879],[127.03117217032711,37.48927556872785],[127.03120652082514,37.48928610956745],[127.03133475776885,37.48932545231667],[127.03143797833116,37.48928875713102],[127.0315202290967,37.48911655755714],[127.03155796482147,37.489037351162246],[127.03159355389882,37.48896283043716],[127.03146625648004,37.488924217435134],[127.03133116487996,37.48920994586919],[127.0311508948298,37.48926903987879]]]}},{"type":"Feature","id":584,"properties":{"model_ref_id":584,"source_type":"MODEL_REFERENCE","model_use":"역세권활성화 간선가로형","reference_name":"노선형 상업지역 판정용 참조도형"},"geometry":{"type":"Polygon","coordinates":[[[127.03196540924026,37.4894508980037],[127.03201157320763,37.4895331473523],[127.03217191599056,37.489582365205855],[127.03211365383265,37.48946987256356],[127.03226107865504,37.48916118993891],[127.03212380616085,37.489119293975236],[127.03196540924026,37.4894508980037]]]}},{"type":"Feature","id":585,"properties":{"model_ref_id":585,"source_type":"MODEL_REFERENCE","model_use":"역세권활성화 간선가로형","reference_name":"노선형 상업지역 판정용 참조도형"},"geometry":{"type":"Polygon","coordinates":[[[127.02998967220275,37.505854812036546],[127.0298170116342,37.50580278306582],[127.02958616826972,37.50573319761855],[127.02930545583159,37.50564839607984],[127.0293054208964,37.5056483855925],[127.02925726692114,37.50574947990112],[127.0293084515013,37.505764936918524],[127.03019527834184,37.50603244927502],[127.0303679626101,37.50608453742093],[127.03023467151236,37.50592872681605],[127.03023464592613,37.50592871909657],[127.02998967220275,37.505854812036546]]]}},{"type":"Feature","id":586,"properties":{"model_ref_id":586,"source_type":"MODEL_REFERENCE","model_use":"역세권활성화 간선가로형","reference_name":"노선형 상업지역 판정용 참조도형"},"geometry":{"type":"Polygon","coordinates":[[[127.03038208448584,37.5059732017634],[127.0303820826032,37.505973201195474],[127.03038197624555,37.505973169107136],[127.03043775111158,37.50603838085562],[127.03038208448584,37.5059732017634]]]}},{"type":"Feature","id":587,"properties":{"model_ref_id":587,"source_type":"MODEL_REFERENCE","model_use":"역세권활성화 간선가로형","reference_name":"노선형 상업지역 판정용 참조도형"},"geometry":{"type":"Polygon","coordinates":[[[127.02914235321852,37.50605214805311],[127.02891319500628,37.505983002406786],[127.02886495867992,37.506084015737954],[127.02886498271107,37.506084022998095],[127.0290942995489,37.50615324168194],[127.02927121445435,37.50620654926642],[127.02948288587493,37.50627048139724],[127.02959402059984,37.50630396234219],[127.02964206886598,37.50620286236068],[127.02953088254101,37.5061693705064],[127.02939236913657,37.50612753246606],[127.02931924417578,37.5061054744927],[127.02930018560953,37.5060997246646],[127.02925702295462,37.506086703570354],[127.0292481891499,37.50608403859911],[127.02914235321852,37.50605214805311]]]}},{"type":"Feature","id":588,"properties":{"model_ref_id":588,"source_type":"MODEL_REFERENCE","model_use":"역세권활성화 간선가로형","reference_name":"노선형 상업지역 판정용 참조도형"},"geometry":{"type":"Polygon","coordinates":[[[127.03148645386287,37.506421947591804],[127.03153446816054,37.506320911668126],[127.03153446639695,37.5063209111378],[127.03075297857704,37.50608520787805],[127.03056352017397,37.50602803928507],[127.03048454832341,37.50600416069125],[127.03048454579398,37.50600415992636],[127.03045734447966,37.506061289309166],[127.03051522946187,37.506128967997036],[127.03060441611554,37.50615587247593],[127.03070165773299,37.50618520452563],[127.03070169094842,37.50618521452213],[127.0307049948829,37.50618621114472],[127.03101371736832,37.506279343165794],[127.03148645386287,37.506421947591804]]]}},{"type":"Feature","id":589,"properties":{"model_ref_id":589,"source_type":"MODEL_REFERENCE","model_use":"역세권활성화 간선가로형","reference_name":"노선형 상업지역 판정용 참조도형"},"geometry":{"type":"Polygon","coordinates":[[[127.02970552318375,37.50622204004915],[127.02970552280911,37.50622203993591],[127.02965748683735,37.50632313713619],[127.02982385427477,37.506373369753575],[127.02993332177122,37.50640635806867],[127.03000134594903,37.50642685721087],[127.03033411637918,37.506527151110376],[127.03039750366564,37.5065463467493],[127.0304455958108,37.506445233148874],[127.03038212225972,37.50642609393556],[127.03019540054753,37.5063697890729],[127.03009088718281,37.506338269381274],[127.03004936464502,37.50632577313684],[127.02998139711063,37.506305319058555],[127.02987190710179,37.50627227673311],[127.02970552318375,37.50622204004915]]]}},{"type":"Feature","id":590,"properties":{"model_ref_id":590,"source_type":"MODEL_REFERENCE","model_use":"역세권활성화 간선가로형","reference_name":"노선형 상업지역 판정용 참조도형"},"geometry":{"type":"Polygon","coordinates":[[[127.03234233654224,37.50668010863247],[127.03239037187052,37.50657901260915],[127.03239036354806,37.50657901009479],[127.0321789817783,37.50651527681852],[127.03201406056372,37.50646549262147],[127.03161064459509,37.5063438296507],[127.0315625750449,37.50644490905183],[127.03163685270174,37.50646731445141],[127.03196601615666,37.50656658650748],[127.03203594884836,37.50658769714173],[127.03206263436226,37.506595749488355],[127.03207540685098,37.50659960348899],[127.0321091200153,37.50660977567694],[127.03222714642985,37.50664537802727],[127.03234233654224,37.50668010863247]]]}},{"type":"Feature","id":591,"properties":{"model_ref_id":591,"source_type":"MODEL_REFERENCE","model_use":"역세권활성화 간선가로형","reference_name":"노선형 상업지역 판정용 참조도형"},"geometry":{"type":"Polygon","coordinates":[[[127.03238464299142,37.50669288620462],[127.03245748380047,37.506714858237686],[127.03249858732337,37.50672725733337],[127.03262160954121,37.50676437171562],[127.03285088552472,37.50683351012908],[127.03288376951707,37.50676430576754],[127.03289892682061,37.50673241355133],[127.03243269085496,37.50659179723647],[127.03243267638179,37.50659179300506],[127.03238464299142,37.50669288620462]]]}},{"type":"Feature","id":592,"properties":{"model_ref_id":592,"source_type":"MODEL_REFERENCE","model_use":"역세권활성화 간선가로형","reference_name":"노선형 상업지역 판정용 참조도형"},"geometry":{"type":"Polygon","coordinates":[[[127.03129822921387,37.506818023247725],[127.0313235829355,37.506764689671854],[127.0313462975966,37.506716931742275],[127.03121757758315,37.50667812983613],[127.03108885766913,37.506639237690415],[127.03104072743186,37.5067403408924],[127.03104072821438,37.50674034112839],[127.03116942564361,37.50677919639061],[127.0312982272455,37.50681802265574],[127.03129822921387,37.506818023247725]]]}},{"type":"Feature","id":593,"properties":{"model_ref_id":593,"source_type":"MODEL_REFERENCE","model_use":"역세권활성화 간선가로형","reference_name":"노선형 상업지역 판정용 참조도형"},"geometry":{"type":"Polygon","coordinates":[[[127.03300504601582,37.50688003700987],[127.03300886982122,37.50688118930052],[127.03308676730293,37.50690468979728],[127.0331176596721,37.50691400905163],[127.03314933886041,37.50692356557492],[127.0336253654111,37.50706715995754],[127.0336311537076,37.50706890427044],[127.03363917563674,37.50707132315341],[127.0336475913689,37.50707386196101],[127.03371653208433,37.50709465675629],[127.03380389922951,37.50706316023686],[127.0338051307524,37.50706055825999],[127.03380658950756,37.50706003530563],[127.03383650071488,37.50699687710094],[127.03383794815507,37.50699634513927],[127.03387236271992,37.50692367758184],[127.03371207339484,37.50697771838408],[127.03368723395747,37.50697026102803],[127.03353172845837,37.50692332724365],[127.03337156067819,37.50687498530265],[127.03321128679254,37.506826644072156],[127.03298357709895,37.50675799159486],[127.03298357085491,37.506757989708134],[127.03298058138375,37.506764281266804],[127.03293550200806,37.506859058127134],[127.03293550439587,37.506859058847375],[127.03300250049618,37.506879269104054],[127.03300504601582,37.50688003700987]]]}},{"type":"Feature","id":594,"properties":{"model_ref_id":594,"source_type":"MODEL_REFERENCE","model_use":"역세권활성화 간선가로형","reference_name":"노선형 상업지역 판정용 참조도형"},"geometry":{"type":"Polygon","coordinates":[[[127.03265629819103,37.50711166865861],[127.03263695490789,37.50710582608026],[127.03255621559404,37.507081437556295],[127.03249568942066,37.507063153553126],[127.03249350749321,37.507062495473335],[127.03245761597144,37.5070516483859],[127.03244754904661,37.50704867762479],[127.03234190266885,37.50701680882429],[127.0323207507809,37.50701042604855],[127.03220175736581,37.506974587063276],[127.0321884327062,37.50697057293091],[127.03210469524336,37.50694534862421],[127.03208689673612,37.50693998611361],[127.0315047658948,37.50676464614686],[127.03150121431177,37.50676357511914],[127.03146021150499,37.506751214099914],[127.03141690548635,37.506738150616776],[127.03140968784852,37.50673597403379],[127.03139607873887,37.50676467228976],[127.0313616640043,37.50683710101713],[127.03136166776758,37.50683710214893],[127.03161078360579,37.5069121126662],[127.03183343188806,37.50697919138776],[127.03205671398585,37.50704644072129],[127.03215375813241,37.50707569902546],[127.03227274602662,37.50711152904992],[127.03239961229451,37.507149771650184],[127.03250825066814,37.507182468562924],[127.0326626769519,37.507229020141246],[127.03266267970027,37.50722902097165],[127.03271056898669,37.50712806410661],[127.032710568215,37.50712806387342],[127.03265629819103,37.50711166865861]]]}},{"type":"Feature","id":595,"properties":{"model_ref_id":595,"source_type":"MODEL_REFERENCE","model_use":"역세권활성화 간선가로형","reference_name":"노선형 상업지역 판정용 참조도형"},"geometry":{"type":"Polygon","coordinates":[[[127.0346793489633,37.507385071242105],[127.03471973041458,37.5073972237866],[127.0348343143034,37.50743179102365],[127.03497050297625,37.50747283944051],[127.03501851389461,37.50737178695063],[127.03488219252333,37.50733067170471],[127.03472705655558,37.50728388625861],[127.034573099411,37.50723743636305],[127.03434755218026,37.50716938239813],[127.03428397033169,37.50715019823011],[127.03420195636903,37.50701481807695],[127.03413851550798,37.507149892910654],[127.03413683068779,37.507153481032795],[127.03418346116466,37.50723554855232],[127.03429996746335,37.507270656395946],[127.03436750837508,37.507291036019986],[127.03452551495602,37.5073387113514],[127.0346793489633,37.507385071242105]]]}},{"type":"Feature","id":596,"properties":{"model_ref_id":596,"source_type":"MODEL_REFERENCE","model_use":"역세권활성화 간선가로형","reference_name":"노선형 상업지역 판정용 참조도형"},"geometry":{"type":"Polygon","coordinates":[[[127.03362131820107,37.50746600334198],[127.03361118201973,37.50744820708275],[127.03359268797364,37.50741573675948],[127.03357810681719,37.507390137244016],[127.03351600789124,37.50737141178504],[127.03342331084511,37.507343373424085],[127.03335445674031,37.5073225747167],[127.03332223450117,37.507312843197845],[127.03323086329293,37.507285240425006],[127.03312833587123,37.50725426711622],[127.03302772352673,37.507223873469826],[127.03295575780727,37.50720213478919],[127.03279517787027,37.507153628555216],[127.03274723225627,37.50725456848092],[127.03274723400112,37.50725456900812],[127.03308032184175,37.507355296562565],[127.03327418677749,37.507413901562266],[127.0334679705885,37.50747251527401],[127.03352295477492,37.50748907931676],[127.03355589201149,37.50755148240422],[127.03357031878416,37.507578810965676],[127.03357718250423,37.5075643160123],[127.0335765260555,37.50756315390463],[127.03360888979084,37.50749480542517],[127.03360823334224,37.5074936433177],[127.03362131820107,37.50746600334198]]]}},{"type":"Feature","id":597,"properties":{"model_ref_id":597,"source_type":"MODEL_REFERENCE","model_use":"역세권활성화 간선가로형","reference_name":"노선형 상업지역 판정용 참조도형"},"geometry":{"type":"Polygon","coordinates":[[[127.03388922003711,37.507680524160484],[127.03399814830973,37.50764203396097],[127.03412346554555,37.507679752538],[127.03435916157146,37.50775094058085],[127.03456968901175,37.5078144133879],[127.03477876781479,37.507877444723114],[127.0347787685045,37.50787744493178],[127.03483117648186,37.50776795239929],[127.03483117587112,37.50776795221449],[127.034719872903,37.50773437428474],[127.03462055899517,37.50770448800577],[127.03441062001613,37.50764120433977],[127.03423984122492,37.50758965887479],[127.03422626603884,37.50758556131579],[127.03421210321274,37.50758128934096],[127.03421065796223,37.50758085489557],[127.03417499331435,37.50757010647899],[127.03413939548079,37.50755936728228],[127.03404503743684,37.50753092956941],[127.03394201943208,37.50756807736324],[127.03388922003711,37.507680524160484]]]}},{"type":"Feature","id":598,"properties":{"model_ref_id":598,"source_type":"MODEL_REFERENCE","model_use":"역세권활성화 간선가로형","reference_name":"노선형 상업지역 판정용 참조도형"},"geometry":{"type":"Polygon","coordinates":[[[127.03411739440655,37.52001411663184],[127.03410322164805,37.52004653201213],[127.03418381877079,37.520072122780114],[127.03424549948278,37.52004969819428],[127.0342838652436,37.51996194119186],[127.03433509839479,37.51984473641503],[127.03444766983024,37.51958725569724],[127.03448158797818,37.51950967105763],[127.03464505861051,37.51913569316029],[127.0347246158038,37.51895376227898],[127.03473625554625,37.51892717999647],[127.03478010216443,37.518826798106645],[127.03464939075455,37.51879695820674],[127.0346493872194,37.51879696629588],[127.03460808088681,37.51889162528109],[127.03451687112666,37.51909997617273],[127.0343366235123,37.51951232537335],[127.03420712469773,37.519808847851436],[127.03411739440655,37.52001411663184]]]}},{"type":"Feature","id":599,"properties":{"model_ref_id":599,"source_type":"MODEL_REFERENCE","model_use":"역세권활성화 간선가로형","reference_name":"노선형 상업지역 판정용 참조도형"},"geometry":{"type":"Polygon","coordinates":[[[127.02988869585506,37.519988664595544],[127.03007434367542,37.52004763697863],[127.03020037168503,37.52008770204144],[127.03025987863703,37.520106518996485],[127.0304138502587,37.520155407072515],[127.03056770896293,37.52020429497374],[127.0306179830993,37.5201038556904],[127.03046408321566,37.52005495324548],[127.03031014569319,37.52000603819659],[127.0301245883272,37.5199471832914],[127.02993898595693,37.51988819295612],[127.02975339861864,37.51982929963193],[127.02956811023556,37.51977049965118],[127.02921325484976,37.51965779310545],[127.02921325430444,37.51965779293354],[127.02916296392924,37.51975826444015],[127.02951762738971,37.51987089909889],[127.02970316147666,37.51992978199327],[127.02988869585506,37.519988664595544]]]}},{"type":"Feature","id":600,"properties":{"model_ref_id":600,"source_type":"MODEL_REFERENCE","model_use":"역세권활성화 간선가로형","reference_name":"노선형 상업지역 판정용 참조도형"},"geometry":{"type":"Polygon","coordinates":[[[127.0347771756694,37.51992933927956],[127.03477367240265,37.519937335591074],[127.0347561560595,37.51997732165175],[127.03475421680264,37.51998174594714],[127.0347530370178,37.51998444029684],[127.03475256166801,37.519985524728995],[127.03472648958173,37.52004514645959],[127.03472649128759,37.52004514700255],[127.0347264490822,37.52004523907391],[127.0347250786764,37.520048372919526],[127.03466541424636,37.52018500228093],[127.03469359712079,37.520233894845155],[127.03476572207474,37.52025679095281],[127.03476572313116,37.52025678852476],[127.03478306651837,37.52021693225336],[127.03484215987002,37.52008185821525],[127.03484409118386,37.52007744285265],[127.03489291312658,37.51996611349402],[127.03489483314146,37.519961742281964],[127.03493658066053,37.519866614580764],[127.03493845320685,37.519862351499356],[127.03497444720956,37.519779921163405],[127.0349744566468,37.519779899556205],[127.03485876770063,37.51974317223967],[127.03482079700282,37.51982994763849],[127.0347771756694,37.51992933927956]]]}},{"type":"Feature","id":601,"properties":{"model_ref_id":601,"source_type":"MODEL_REFERENCE","model_use":"역세권활성화 간선가로형","reference_name":"노선형 상업지역 판정용 참조도형"},"geometry":{"type":"Polygon","coordinates":[[[127.03123831292248,37.52045605257285],[127.03136971530901,37.520497737384126],[127.03154806964962,37.52055441077403],[127.03154819296383,37.520554449486745],[127.0315519602754,37.52055564689164],[127.03158723355665,37.52056684905449],[127.03172257547371,37.52060982524725],[127.03180570698018,37.520581513999154],[127.03183686546427,37.520520228660054],[127.03165431968,37.52046208874758],[127.03142512500185,37.52038925410745],[127.03124148904963,37.52033099515127],[127.03097074190055,37.52024500610423],[127.03070637597693,37.520161015134626],[127.03067603637439,37.52013381606062],[127.03061399402613,37.52025780287897],[127.03068289117151,37.520279680787674],[127.03091571629943,37.520353597198465],[127.03106222215199,37.52040013460981],[127.03107367111109,37.520403770984224],[127.03108947376295,37.520408789676864],[127.03123831292248,37.52045605257285]]]}},{"type":"Feature","id":602,"properties":{"model_ref_id":602,"source_type":"MODEL_REFERENCE","model_use":"역세권활성화 간선가로형","reference_name":"노선형 상업지역 판정용 참조도형"},"geometry":{"type":"Polygon","coordinates":[[[127.03397618678802,37.520665721366974],[127.03406552271042,37.52046137182819],[127.03414533131843,37.52027881963006],[127.03416926362866,37.52022407776955],[127.03414110278064,37.520174846699156],[127.03405856944954,37.520148650821554],[127.03405853489691,37.520148729842695],[127.03404111195017,37.520188568910356],[127.03393934269155,37.52042131003075],[127.03393736724057,37.520425825399556],[127.0338500566384,37.52062568483196],[127.0339761860706,37.52066572300889],[127.03397618678802,37.520665721366974]]]}},{"type":"Feature","id":603,"properties":{"model_ref_id":603,"source_type":"MODEL_REFERENCE","model_use":"역세권활성화 간선가로형","reference_name":"노선형 상업지역 판정용 참조도형"},"geometry":{"type":"Polygon","coordinates":[[[127.0283694763961,37.52018532554474],[127.02868681775492,37.52028616774216],[127.02871848301781,37.52029616183108],[127.02892223162989,37.520360898409464],[127.0292637177685,37.520469284041326],[127.02952013000014,37.52055069418272],[127.02970137695606,37.52060822925463],[127.02988262645385,37.520665767651224],[127.03010484018783,37.52073626431157],[127.03027614484535,37.52079062659633],[127.03027616982817,37.52079062245518],[127.03032592566863,37.52069007430244],[127.03015464405445,37.52063569539789],[127.03010639376946,37.520620375907725],[127.02993289439391,37.520565296031066],[127.02975166885781,37.520507764012045],[127.0295704322848,37.520450222707055],[127.02931396378946,37.52036883070575],[127.02897253458902,37.52026042718492],[127.0287371096678,37.520185696618974],[127.02837509314962,37.520070718861845],[127.02826471153338,37.52013372133956],[127.02826594856863,37.52015246163147],[127.02827188478086,37.520242469091265],[127.0283694763961,37.52018532554474]]]}},{"type":"Feature","id":604,"properties":{"model_ref_id":604,"source_type":"MODEL_REFERENCE","model_use":"역세권활성화 간선가로형","reference_name":"노선형 상업지역 판정용 참조도형"},"geometry":{"type":"Polygon","coordinates":[[[127.03451466878332,37.52083156814146],[127.03461689779957,37.52059755332274],[127.03461886416918,37.52059304875697],[127.03470712479906,37.520391474061945],[127.03472122037493,37.520359071645956],[127.03472122595467,37.52035905882178],[127.03465110805047,37.520336799082514],[127.03458935485939,37.52035934030058],[127.03450120703135,37.520560824779906],[127.03439701127806,37.52079925396326],[127.03451273006092,37.52083598444149],[127.03451466878332,37.52083156814146]]]}},{"type":"Feature","id":605,"properties":{"model_ref_id":605,"source_type":"MODEL_REFERENCE","model_use":"역세권활성화 간선가로형","reference_name":"노선형 상업지역 판정용 참조도형"},"geometry":{"type":"Polygon","coordinates":[[[127.03358096504326,37.52103499421669],[127.03327688228237,37.52093839733292],[127.03316878292001,37.52090407929073],[127.03307327545903,37.520873821404614],[127.03291986629597,37.520825116856756],[127.03256046423625,37.520710970947015],[127.03226977265314,37.520628350552876],[127.03197611507181,37.5205346129505],[127.03194903100024,37.52058787601985],[127.03198457593199,37.52065418004518],[127.03221943989443,37.520728724073344],[127.03229267093997,37.52075197848227],[127.03246301559605,37.52080605852681],[127.03294899846699,37.52096036769164],[127.03301886334297,37.520982548458676],[127.03306464973879,37.52099708868703],[127.03307224562904,37.52099950068149],[127.03310172010394,37.521008859284215],[127.0331028504775,37.5210092177397],[127.03311432569092,37.52101285144911],[127.0331326357265,37.52101867520676],[127.03313360977255,37.52101898473745],[127.03329864802481,37.52107138670297],[127.03330597468546,37.52107370928909],[127.03339591631291,37.52110224752939],[127.03345063966407,37.52111964591616],[127.0335005830357,37.521135503494],[127.03350407264361,37.5211366112982],[127.03352987857461,37.52114480272975],[127.03363146191077,37.521177058865206],[127.03377555496334,37.52112467404488],[127.033856101619,37.52094042726438],[127.03385894749098,37.52093391312607],[127.0338608028999,37.52092967098215],[127.0338628939053,37.52092488509599],[127.03386731006964,37.52091478837103],[127.0339538512696,37.52071682812434],[127.03382765703898,37.52067676171376],[127.03382765368659,37.52067676935478],[127.03382571098956,37.52068119461414],[127.03371025561769,37.52094531329361],[127.03370829144325,37.520949809734525],[127.03368807329656,37.520996044684296],[127.0336791327769,37.521016490424785],[127.03359611255844,37.521039757426855],[127.0335843138145,37.52103605741766],[127.03358096504326,37.52103499421669]]]}},{"type":"Feature","id":606,"properties":{"model_ref_id":606,"source_type":"MODEL_REFERENCE","model_use":"역세권활성화 간선가로형","reference_name":"노선형 상업지역 판정용 참조도형"},"geometry":{"type":"Polygon","coordinates":[[[127.03079224292709,37.520799435241244],[127.03040555676631,37.52067663068593],[127.03035567411527,37.52077744927874],[127.03074247939335,37.52089998819357],[127.03090790767475,37.52095257599214],[127.03107812732696,37.5210065769725],[127.03126506268644,37.52106601207775],[127.03152476001337,37.521148497358475],[127.03152476205399,37.52114849872106],[127.03155138512028,37.521095319119986],[127.03151561415747,37.5210291051226],[127.03131446357683,37.52096527339147],[127.03112745377688,37.520905854598865],[127.0310963117176,37.52089596734915],[127.031094287691,37.520895323473304],[127.03079224292709,37.520799435241244]]]}},{"type":"Feature","id":607,"properties":{"model_ref_id":607,"source_type":"MODEL_REFERENCE","model_use":"역세권활성화 간선가로형","reference_name":"노선형 상업지역 판정용 참조도형"},"geometry":{"type":"Polygon","coordinates":[[[127.03333679546309,37.52176241666842],[127.03341958909847,37.52190631111585],[127.033427751923,37.52192049854842],[127.03342790635872,37.52192014532025],[127.0334316036224,37.52191168180608],[127.03343215961577,37.52191040647606],[127.03348601164826,37.52178724556531],[127.03342024204635,37.52167256672651],[127.03318302071693,37.521597250850455],[127.03317720859587,37.52159540431505],[127.03317695555941,37.52159532518483],[127.03317032700413,37.52159325370262],[127.03296719361951,37.52152873153744],[127.03295506359936,37.52152487627332],[127.03294812930528,37.52152267361813],[127.03272740506257,37.521452631535304],[127.0326188402117,37.52141812480343],[127.03260424554674,37.52141348673343],[127.03255567848599,37.5213980566802],[127.03250531114699,37.521382076718645],[127.032478630473,37.52137359846887],[127.0324650342596,37.52136929363066],[127.03246323655934,37.52136872555502],[127.03242159076123,37.52135550130905],[127.0323835675303,37.52134342761112],[127.03231005305403,37.52132011026203],[127.03227860184306,37.5213102071836],[127.03216772944778,37.52127489872807],[127.03215581417913,37.521271105270344],[127.0321465632395,37.52126818167424],[127.03202594052821,37.521229873948506],[127.0319468935163,37.52120478403314],[127.03174755221862,37.52114149229056],[127.03165921731942,37.52117178692999],[127.03163427264757,37.52122162174274],[127.03163429344424,37.521221635629175],[127.03189634501018,37.5213051565579],[127.03209604436617,37.52136854616716],[127.03222807633811,37.52141058975366],[127.03225953890009,37.521420501852454],[127.03241305065815,37.521469198217375],[127.03245480851116,37.52148243325006],[127.032676902691,37.52155302419987],[127.03289944976666,37.521623604705844],[127.03311940199161,37.52169347457298],[127.03313304039804,37.521697777821444],[127.03327236841758,37.52174197894816],[127.03333679546309,37.52176241666842]]]}},{"type":"Feature","id":608,"properties":{"model_ref_id":608,"source_type":"MODEL_REFERENCE","model_use":"역세권활성화 간선가로형","reference_name":"노선형 상업지역 판정용 참조도형"},"geometry":{"type":"Polygon","coordinates":[[[127.03416287721328,37.522024650660484],[127.03432930641041,37.52207659218623],[127.034379173903,37.52197694953679],[127.03428470782303,37.52194696684345],[127.0342735249497,37.52194340950311],[127.03421363814947,37.52192440235979],[127.0340765628851,37.52188088470174],[127.03405903817027,37.521875321199936],[127.0340551463046,37.521874087868476],[127.03404904829307,37.5218721523455],[127.03390506711582,37.52192453746367],[127.03390358514936,37.521927930596604],[127.03385303526971,37.52204367968126],[127.0341015712041,37.52201355401431],[127.03412059832962,37.522011246083345],[127.03416287721328,37.522024650660484]]]}},{"type":"Feature","id":609,"properties":{"model_ref_id":609,"source_type":"MODEL_REFERENCE","model_use":"역세권활성화 간선가로형","reference_name":"노선형 상업지역 판정용 참조도형"},"geometry":{"type":"Polygon","coordinates":[[[127.03111180191473,37.563434441550534],[127.03117575408837,37.563473700114955],[127.0312733931931,37.56343197036988],[127.0313321256052,37.56340587289393],[127.03144016365336,37.56335770750964],[127.03145946959667,37.56334939581392],[127.03154439916682,37.56331102956381],[127.0316318751372,37.563272302243156],[127.03165273173137,37.563264206375784],[127.03171111407126,37.56324087480899],[127.03175583684732,37.56322195233629],[127.03185922362829,37.56317664381001],[127.03194660874244,37.56313794330695],[127.0319561257026,37.563133436068405],[127.03203496684378,37.563098476665616],[127.03210590897224,37.56306669962002],[127.032244703471,37.5630039570482],[127.03226714362957,37.56299367129484],[127.03230842571003,37.56297565044541],[127.0324075087422,37.5629337586895],[127.03240389755805,37.56292767071291],[127.03235716922336,37.56284898736037],[127.03234897070588,37.56283507553468],[127.03227800701767,37.562866469816896],[127.03222163348607,37.56289102470205],[127.03216235387606,37.562916846156256],[127.0319604352125,37.56300329902741],[127.03184692038727,37.563052591552974],[127.03180110023443,37.563072488289194],[127.03167880706026,37.56313450555218],[127.03163936820715,37.56314881459128],[127.03154574095952,37.56318775783721],[127.03147235999572,37.563221157800896],[127.03146069434771,37.56322155614049],[127.03146039667884,37.56322156432096],[127.03128744765601,37.56329828116175],[127.03116378543744,37.56335019888191],[127.03115935536226,37.56335745937777],[127.03111180191473,37.563434441550534]]]}},{"type":"Feature","id":610,"properties":{"model_ref_id":610,"source_type":"MODEL_REFERENCE","model_use":"역세권활성화 간선가로형","reference_name":"노선형 상업지역 판정용 참조도형"},"geometry":{"type":"Polygon","coordinates":[[[127.03104161454658,37.56345873967089],[127.03108205295956,37.5633927511922],[127.0310890043387,37.563381594557306],[127.03105356832273,37.56339647180014],[127.0309407160594,37.56344710485574],[127.03078327442658,37.563517744673895],[127.03074414478506,37.56353534731279],[127.03075764040283,37.56356004096723],[127.03080092901062,37.56364026320435],[127.03093175893969,37.56358130817667],[127.03107479921007,37.56351707936262],[127.03104161454658,37.56345873967089]]]}},{"type":"Feature","id":611,"properties":{"model_ref_id":611,"source_type":"MODEL_REFERENCE","model_use":"역세권활성화 간선가로형","reference_name":"노선형 상업지역 판정용 참조도형"},"geometry":{"type":"Polygon","coordinates":[[[127.03101777711436,37.56363777035845],[127.03125010432814,37.563533471510766],[127.03125023553656,37.56353341515142],[127.03125010432134,37.563533453491154],[127.03112465944588,37.56358486637554],[127.03104780805681,37.563616229779335],[127.03101773458798,37.56363778750292],[127.03101777711436,37.56363777035845]]]}},{"type":"Feature","id":612,"properties":{"model_ref_id":612,"source_type":"MODEL_REFERENCE","model_use":"역세권활성화 간선가로형","reference_name":"노선형 상업지역 판정용 참조도형"},"geometry":{"type":"Polygon","coordinates":[[[127.0305349338187,37.56362946141179],[127.03045611956247,37.563664009857135],[127.03038915632709,37.56369336368115],[127.03041279691631,37.56372798329153],[127.03045584179375,37.56379245655231],[127.03061431935438,37.56372327832411],[127.03074504809052,37.56366535064667],[127.03074303035453,37.56359594851129],[127.03071617266538,37.56354793067904],[127.0305349338187,37.56362946141179]]]}},{"type":"Feature","id":613,"properties":{"model_ref_id":613,"source_type":"MODEL_REFERENCE","model_use":"역세권활성화 간선가로형","reference_name":"노선형 상업지역 판정용 참조도형"},"geometry":{"type":"Polygon","coordinates":[[[127.0312607257588,37.56384624471435],[127.03123633240433,37.563810490585844],[127.03120772627747,37.56376850266504],[127.03119622071851,37.563752413879264],[127.03122637941658,37.56373952264742],[127.03124397669544,37.56373198623949],[127.03127674940399,37.563717706858725],[127.03129498229855,37.56374489411949],[127.03131979503002,37.56378220683386],[127.03132085978137,37.5637843779443],[127.03132304528036,37.56378714343408],[127.03133605763516,37.563806970919615],[127.03133986557685,37.563812745331255],[127.03189348075931,37.56357277091922],[127.03197883899198,37.56353353931107],[127.03197928066294,37.563534196919335],[127.03253995008481,37.56328205451731],[127.03248588336636,37.563186747763375],[127.03248588034398,37.563186738007275],[127.03248587770153,37.563186733349106],[127.03248334264671,37.56317854982162],[127.03240642900553,37.563201817549135],[127.03219746060218,37.56326454162018],[127.03194892762218,37.56333942925649],[127.03189874787004,37.56335443386597],[127.03188661650009,37.56335935619002],[127.03183843316056,37.56338720947891],[127.0318060138276,37.563405956603496],[127.03025393005359,37.564065437591864],[127.03026067923821,37.564074743174764],[127.0302674171028,37.56408403975002],[127.03028056443434,37.56410217347459],[127.03029370045378,37.56412030720023],[127.03032378875206,37.564099757873365],[127.03035387703385,37.56407920853878],[127.0303678827091,37.56409219745084],[127.03038188839253,37.56410519537096],[127.03032989302008,37.564140706070646],[127.03027789759821,37.56417621674725],[127.03026467382777,37.564196888312026],[127.03025146136852,37.564217559872645],[127.03023291807756,37.56426986611847],[127.03022229989986,37.56429981745647],[127.03029967140651,37.56426447096491],[127.03030151487985,37.564263626319644],[127.03030064377785,37.56426478247999],[127.03052488797822,37.56416960216563],[127.03092450140045,37.56399378914435],[127.03097723550415,37.56397046017802],[127.03102055528078,37.56395117702448],[127.03107031537341,37.563929271370995],[127.03109032191689,37.56392042799101],[127.03110656124996,37.56391345053492],[127.03111275244754,37.56391047582406],[127.03111380377756,37.563910070132394],[127.03113312238071,37.56390184047711],[127.03115437393951,37.563893004898816],[127.03116871194113,37.56388649639728],[127.03120187084598,37.56387263139713],[127.03122150508143,37.5638640502693],[127.03126114830363,37.563846866406124],[127.0312607257588,37.56384624471435]]]}},{"type":"Feature","id":614,"properties":{"model_ref_id":614,"source_type":"MODEL_REFERENCE","model_use":"역세권활성화 간선가로형","reference_name":"노선형 상업지역 판정용 참조도형"},"geometry":{"type":"Polygon","coordinates":[[[127.02991931205915,37.563962839250344],[127.02992219613186,37.56396720749826],[127.02994167446302,37.56399672822539],[127.02997459546742,37.56398464756767],[127.03010661950228,37.563937901484564],[127.03023089021019,37.5638910489215],[127.0302410754155,37.56388725344326],[127.03036924716967,37.56383043497981],[127.03030654923096,37.563729711608005],[127.03026193854365,37.56375002914901],[127.0300841613021,37.56383099796662],[127.02993040395417,37.56390336478269],[127.02989199055013,37.56392100369566],[127.02991237509627,37.563952326663106],[127.02991931205915,37.563962839250344]]]}},{"type":"Feature","id":615,"properties":{"model_ref_id":615,"source_type":"MODEL_REFERENCE","model_use":"역세권활성화 간선가로형","reference_name":"노선형 상업지역 판정용 참조도형"},"geometry":{"type":"Polygon","coordinates":[[[127.0293662642801,37.56425200325486],[127.02950180866564,37.56419690858697],[127.02949022335955,37.56417850413164],[127.02955265803557,37.56415217245934],[127.02968168057181,37.56409794037048],[127.02981279683425,37.56404370766541],[127.02977650144089,37.56398842265594],[127.02976652803193,37.56397344267473],[127.0294624297514,37.564108086039006],[127.02931404017906,37.564171488575155],[127.02933523764973,37.56420536096918],[127.02934051440839,37.56421329641224],[127.02934862316181,37.56422547690332],[127.0293662642801,37.56425200325486]]]}},{"type":"Feature","id":616,"properties":{"model_ref_id":616,"source_type":"MODEL_REFERENCE","model_use":"역세권활성화 간선가로형","reference_name":"노선형 상업지역 판정용 참조도형"},"geometry":{"type":"Polygon","coordinates":[[[127.03009849829556,37.56435637495405],[127.03018688839977,37.564315994860415],[127.03017297965879,37.564312874742875],[127.0301915230023,37.56426056850681],[127.03021006631988,37.564208262267385],[127.03020596711804,37.56420299246909],[127.0302018679167,37.56419772267064],[127.03013507729246,37.56422812812188],[127.03009940389057,37.564244363075765],[127.03009849829556,37.56435637495405]]]}},{"type":"Feature","id":617,"properties":{"model_ref_id":617,"source_type":"MODEL_REFERENCE","model_use":"역세권활성화 간선가로형","reference_name":"노선형 상업지역 판정용 참조도형"},"geometry":{"type":"Polygon","coordinates":[[[127.02947685204195,37.56445042904342],[127.02947670801794,37.564450180825794],[127.02946477778887,37.564456003349925],[127.02947685204195,37.56445042904342]]]}},{"type":"Feature","id":618,"properties":{"model_ref_id":618,"source_type":"MODEL_REFERENCE","model_use":"역세권활성화 간선가로형","reference_name":"노선형 상업지역 판정용 참조도형"},"geometry":{"type":"Polygon","coordinates":[[[127.02934022568532,37.56454981407138],[127.02923368036328,37.564582439582516],[127.02923376900233,37.56458261614378],[127.02927085183595,37.56457147197895],[127.02930048049033,37.56456218528417],[127.02934048720061,37.56454997709076],[127.02944433316883,37.56451359030256],[127.02947950651294,37.56450050919082],[127.02953976978438,37.56447835045793],[127.02954517475109,37.56447621391873],[127.0295816424249,37.564461799033396],[127.02961462008271,37.564449149944984],[127.02964136180755,37.56443812492004],[127.02967822029177,37.5644215394525],[127.02976893499662,37.564381072993115],[127.02981518781503,37.564402325416076],[127.02981526648159,37.564402187276336],[127.02976871869707,37.56438074778779],[127.029632465582,37.564441657870304],[127.02953967809738,37.56447833065693],[127.02944413955187,37.564513391228964],[127.02934022568532,37.56454981407138]]]}},{"type":"Feature","id":619,"properties":{"model_ref_id":619,"source_type":"MODEL_REFERENCE","model_use":"역세권활성화 간선가로형","reference_name":"노선형 상업지역 판정용 참조도형"},"geometry":{"type":"Polygon","coordinates":[[[127.02931569677956,37.564524829237406],[127.02929127400968,37.564535707740134],[127.02931209095453,37.564526493926486],[127.02931569677956,37.564524829237406]]]}},{"type":"Feature","id":620,"properties":{"model_ref_id":620,"source_type":"MODEL_REFERENCE","model_use":"역세권활성화 간선가로형","reference_name":"노선형 상업지역 판정용 참조도형"},"geometry":{"type":"Polygon","coordinates":[[[127.0291634424969,37.56459973230292],[127.02916319656784,37.56459924839177],[127.02913660542956,37.56460460074075],[127.02913295784373,37.56460622545671],[127.02908468045574,37.564627733532475],[127.02908468045624,37.56462773493732],[127.0290846815879,37.56462773443321],[127.02913295897588,37.564606226357455],[127.0291634424969,37.56459973230292]]]}},{"type":"Feature","id":621,"properties":{"model_ref_id":621,"source_type":"MODEL_REFERENCE","model_use":"역세권활성화 간선가로형","reference_name":"노선형 상업지역 판정용 참조도형"},"geometry":{"type":"Polygon","coordinates":[[[127.03010486511826,37.56934303737484],[127.03010528836899,37.569331174576966],[127.03010528352848,37.56933117525444],[127.03010486511826,37.56934303737484]]]}},{"type":"Feature","id":622,"properties":{"model_ref_id":622,"source_type":"MODEL_REFERENCE","model_use":"역세권활성화 간선가로형","reference_name":"노선형 상업지역 판정용 참조도형"},"geometry":{"type":"Polygon","coordinates":[[[127.02962985240558,37.569587045893854],[127.02969688432097,37.56956992825988],[127.02972966363679,37.569566172774806],[127.02985170047641,37.56954466574531],[127.03008194496233,37.56951043002758],[127.0300996676299,37.569488531424874],[127.03008950291792,37.569498112791806],[127.03001329510997,37.56951164493689],[127.029893069433,37.56953308865292],[127.02978861040255,37.569551600488296],[127.02973020667378,37.569562191218594],[127.0297185485784,37.56956434809823],[127.02962985240558,37.569587045893854]]]}},{"type":"Feature","id":623,"properties":{"model_ref_id":623,"source_type":"MODEL_REFERENCE","model_use":"역세권활성화 간선가로형","reference_name":"노선형 상업지역 판정용 참조도형"},"geometry":{"type":"Polygon","coordinates":[[[127.03044750467431,37.5694585303345],[127.03061355164718,37.56944029186198],[127.03098221699655,37.56943173596689],[127.03108205467278,37.56943639739535],[127.03128026240142,37.569455901431425],[127.03143806019324,37.56947478417505],[127.03152205533065,37.56949089149519],[127.03162488018016,37.5695219594865],[127.03169221529224,37.56954293601333],[127.03220785994279,37.56970353568148],[127.0324144666497,37.56977826584816],[127.03251893711631,37.5696904103485],[127.03228096545607,37.569598698413905],[127.03218145727976,37.56956600841063],[127.03208859247263,37.569533307679194],[127.03197403879552,37.56950038694667],[127.03174454746512,37.56943014845533],[127.03165447354567,37.56941310574685],[127.03154994482476,37.569395679039346],[127.0314465722558,37.56937932412803],[127.0313440587649,37.56936569979267],[127.03127433095443,37.5693595438698],[127.03113536013548,37.569351053745144],[127.03104443153511,37.56934527303274],[127.03098546738843,37.569342530003375],[127.03086751976902,37.56933982789107],[127.03078131449475,37.5693425781496],[127.03071540212616,37.56934466587414],[127.03055542851425,37.569348451344986],[127.03041236730489,37.56935404515022],[127.03042667355697,37.56944853428321],[127.03044750467431,37.5694585303345]]]}},{"type":"Feature","id":624,"properties":{"model_ref_id":624,"source_type":"MODEL_REFERENCE","model_use":"역세권활성화 간선가로형","reference_name":"노선형 상업지역 판정용 참조도형"},"geometry":{"type":"Polygon","coordinates":[[[127.02909534190789,37.56972622666848],[127.02919331160555,37.56969866487947],[127.02942030960247,37.56963246230663],[127.02909534190789,37.56972622666848]]]}},{"type":"Feature","id":625,"properties":{"model_ref_id":625,"source_type":"MODEL_REFERENCE","model_use":"역세권활성화 간선가로형","reference_name":"노선형 상업지역 판정용 참조도형"},"geometry":{"type":"Polygon","coordinates":[[[127.03279756031766,37.56969671315678],[127.03269923062037,37.56964243579792],[127.0326025174019,37.56972262120002],[127.03260251569613,37.56972262054263],[127.03256776490952,37.569751432444654],[127.03251219432367,37.56979855860529],[127.03250362832347,37.56980548027429],[127.03273020427262,37.56991215367325],[127.03282157926793,37.56995387308917],[127.03287170025251,37.5699795564013],[127.03298581120481,37.570037586700536],[127.03311288427557,37.56990168653165],[127.03310401667177,37.569862171781814],[127.03310197114149,37.56986108408808],[127.03310196856718,37.56986108301779],[127.03297926301056,37.56979451371279],[127.03279756031766,37.56969671315678]]]}},{"type":"Feature","id":626,"properties":{"model_ref_id":626,"source_type":"MODEL_REFERENCE","model_use":"역세권활성화 간선가로형","reference_name":"노선형 상업지역 판정용 참조도형"},"geometry":{"type":"Polygon","coordinates":[[[127.02946256615782,37.56998456539593],[127.02946259260682,37.56998455962182],[127.02944066603628,37.56998917085429],[127.02946256615782,37.56998456539593]]]}},{"type":"Feature","id":627,"properties":{"model_ref_id":627,"source_type":"MODEL_REFERENCE","model_use":"역세권활성화 간선가로형","reference_name":"노선형 상업지역 판정용 참조도형"},"geometry":{"type":"Polygon","coordinates":[[[127.03241851704581,37.5701792956967],[127.03241852706171,37.57017929939685],[127.03243487562122,37.57018533952065],[127.03241849037904,37.570179285309656],[127.03241851704581,37.5701792956967]]]}},{"type":"Feature","id":628,"properties":{"model_ref_id":628,"source_type":"MODEL_REFERENCE","model_use":"역세권활성화 간선가로형","reference_name":"노선형 상업지역 판정용 참조도형"},"geometry":{"type":"Polygon","coordinates":[[[127.03253634725628,37.570222788280695],[127.03253402710568,37.570221968195824],[127.03253458345166,37.57022216884675],[127.03253636084379,37.57022279908907],[127.03254124165186,37.570225387287614],[127.03254124216294,37.57022538755863],[127.03254126532102,37.570225396107475],[127.03253634725628,37.570222788280695]]]}},{"type":"Feature","id":629,"properties":{"model_ref_id":629,"source_type":"MODEL_REFERENCE","model_use":"역세권활성화 간선가로형","reference_name":"노선형 상업지역 판정용 참조도형"},"geometry":{"type":"Polygon","coordinates":[[[127.0330444128015,37.570068998023935],[127.03304851168268,37.570072168433725],[127.03305221435765,37.57007526686562],[127.03306850756452,37.570086831312985],[127.03311710479986,37.57012293925274],[127.03324205664248,37.570200373661265],[127.03338048119342,37.570283651838544],[127.03346308031823,37.57034299618899],[127.03373787225682,37.57054114076809],[127.03383304044317,37.570609986932155],[127.03392588738281,37.57067657216503],[127.03404934041771,37.57076587201611],[127.03418769430687,37.570865069581416],[127.03420900638703,37.57085905441746],[127.0342887112892,37.57078836945289],[127.03428989320984,37.57074543766394],[127.03428988189329,37.5707454284152],[127.03422666497465,37.570694675537965],[127.03409278087724,37.570590737928306],[127.03399510783247,37.570514522609855],[127.03388676881504,37.57043035523998],[127.03369508224183,37.570283571472785],[127.03365187550614,37.57025443596367],[127.03359602183409,37.57021742914258],[127.03355009760936,37.57018605175864],[127.03353841402344,37.57017840635358],[127.03352746380224,37.57017043370208],[127.0334297468756,37.570094884647204],[127.03336798070833,37.570047968452855],[127.0333554689325,37.57003838613406],[127.0333367068167,37.570023722085715],[127.03326270021978,37.5699660873074],[127.03322296897187,37.56993719401469],[127.033222967732,37.569937193117326],[127.0331606556334,37.5699391191065],[127.0330444128015,37.570068998023935]]]}},{"type":"Feature","id":630,"properties":{"model_ref_id":630,"source_type":"MODEL_REFERENCE","model_use":"역세권활성화 간선가로형","reference_name":"노선형 상업지역 판정용 참조도형"},"geometry":{"type":"Polygon","coordinates":[[[127.03426335762511,37.57090151227327],[127.03425758044777,37.570918479262275],[127.03461680393616,37.57113164579298],[127.03473015225642,37.57119908083358],[127.03474673925554,37.57120823935059],[127.03480512764774,37.57124014538999],[127.03484746082391,37.57126228909977],[127.03489461697646,37.57128636860087],[127.03498469549423,37.571333672760524],[127.03510144802566,37.57139267334512],[127.03512644659202,37.5714042621708],[127.03522479840318,37.571447842848734],[127.03531133055685,37.5714864802938],[127.03532696558233,37.57149271080294],[127.03542199935814,37.57153252612553],[127.0354484444807,37.571486217490346],[127.03550113157154,37.57139520400207],[127.03548669209461,37.571352502008764],[127.03548057940607,37.571349991249456],[127.03541731653917,37.5713287716076],[127.03526860209539,37.571277889788185],[127.03524988712584,37.571271785347626],[127.03510369081913,37.57120873849698],[127.03500206766846,37.5711642666314],[127.03496916647289,37.571148697583055],[127.03493400046835,37.571130975794205],[127.03489901594973,37.57111409185763],[127.03484832770208,37.57108880599551],[127.03474666852046,37.57103870279139],[127.03455975249199,37.5709384466923],[127.03443667909494,37.57086579739495],[127.034436678105,37.5708657965783],[127.03443667796257,37.57086579649427],[127.03438511120916,37.570823256890506],[127.03433868137844,37.57082962112029],[127.03426335762511,37.57090151227327]]]}},{"type":"Feature","id":631,"properties":{"model_ref_id":631,"source_type":"MODEL_REFERENCE","model_use":"역세권활성화 간선가로형","reference_name":"노선형 상업지역 판정용 참조도형"},"geometry":{"type":"Polygon","coordinates":[[[127.03417806297249,37.57138268715608],[127.03418235205345,37.57138564394329],[127.03418235275922,37.571385644429874],[127.03418235577169,37.5713856457656],[127.03417789272451,37.57138256893392],[127.03417802289063,37.57138265952362],[127.03417806297249,37.57138268715608]]]}},{"type":"Feature","id":632,"properties":{"model_ref_id":632,"source_type":"MODEL_REFERENCE","model_use":"역세권활성화 간선가로형","reference_name":"노선형 상업지역 판정용 참조도형"},"geometry":{"type":"Polygon","coordinates":[[[127.03441815086785,37.57148791215313],[127.03463087348324,37.571580431153265],[127.03474692068903,37.571630899991106],[127.03475298065777,37.57163349083866],[127.03474691842432,37.57163089818977],[127.0344181486032,37.57148791035179],[127.03428321728484,37.57143036755542],[127.03428340277492,37.571430449801205],[127.03428341597296,37.57143045542933],[127.03441815086785,37.57148791215313]]]}},{"type":"Feature","id":633,"properties":{"model_ref_id":633,"source_type":"MODEL_REFERENCE","model_use":"역세권활성화 간선가로형","reference_name":"노선형 상업지역 판정용 참조도형"},"geometry":{"type":"Polygon","coordinates":[[[127.02915485380281,37.57720231442444],[127.02919664171213,37.577214198102084],[127.02929515103355,37.57724307064623],[127.02940060752896,37.57727321957008],[127.0294458753794,37.57728615880698],[127.02945666488577,37.57728930892022],[127.02949578107265,37.577300652501954],[127.02953489726822,37.577311987060895],[127.02958975927574,37.57732789386969],[127.02966662553472,37.57735016796207],[127.02975752571156,37.577375669046326],[127.02976422102014,37.57726290736728],[127.02971243598037,37.57724838298367],[127.02958138830195,37.57721040920516],[127.02950332583109,37.57718776709602],[127.02920329059495,37.577095582682645],[127.02894040577605,37.57702477861364],[127.02875845769343,37.57697335444266],[127.02868016937605,37.57695090194412],[127.02862886027587,37.576936208190226],[127.0284877379933,37.57689662262561],[127.02845713689112,37.576887922947186],[127.02844904150963,37.576953338610146],[127.02844232121178,37.576998506158176],[127.02858328516449,37.57703805577145],[127.02860394234425,37.57704397497719],[127.02863415391812,37.577052623503235],[127.02868082079975,37.57706601118928],[127.02871269027024,37.5770751480563],[127.0288948989639,37.57712664431817],[127.02897732485108,37.57715002065806],[127.02904025743794,37.57716785923439],[127.02906512583863,37.57717565066783],[127.0290890527121,37.5771831380993],[127.02910725796534,37.57718883728089],[127.0291303425732,37.577195229135626],[127.02913956922298,37.57719792969392],[127.02915240836725,37.57720168427974],[127.02915485380281,37.57720231442444]]]}},{"type":"Feature","id":634,"properties":{"model_ref_id":634,"source_type":"MODEL_REFERENCE","model_use":"역세권활성화 간선가로형","reference_name":"노선형 상업지역 판정용 참조도형"},"geometry":{"type":"Polygon","coordinates":[[[127.03026634280191,37.577424244853276],[127.02989377448748,37.57730093294581],[127.02985200407706,37.57728848767619],[127.02985008746498,37.57732866511127],[127.02984627865436,37.57740218356254],[127.02984788386145,37.57740266305211],[127.02984817336618,37.577402748405525],[127.02984822351117,37.57740276208272],[127.02997744911058,37.57744086211659],[127.0300761616734,37.577469837075334],[127.0301436853792,37.577489652648055],[127.03026634280191,37.577424244853276]]]}},{"type":"Feature","id":635,"properties":{"model_ref_id":635,"source_type":"MODEL_REFERENCE","model_use":"역세권활성화 간선가로형","reference_name":"노선형 상업지역 판정용 참조도형"},"geometry":{"type":"Polygon","coordinates":[[[127.0293745859241,37.57759469621173],[127.029363151067,37.577591428206745],[127.02935905257024,37.577590077651436],[127.02935552026025,37.577589186469275],[127.02931883814217,37.577578671200904],[127.02921444138774,37.577548871974905],[127.02916621120771,37.57753492648732],[127.0291170467648,37.577640418691196],[127.02952090354444,37.57775172220809],[127.02961090719991,37.577777283840035],[127.02961442752557,37.57776931533955],[127.02961579671383,37.577767639209746],[127.02963517333488,37.577724216650424],[127.02964858875148,37.577694084877194],[127.02965512658065,37.57767882982256],[127.02965716333344,37.577676189493786],[127.02963626466988,37.577670202685304],[127.02957825132829,37.577653584567706],[127.0295026905971,37.57763198613259],[127.0293745859241,37.57759469621173]]]}},{"type":"Feature","id":636,"properties":{"model_ref_id":636,"source_type":"MODEL_REFERENCE","model_use":"역세권활성화 간선가로형","reference_name":"노선형 상업지역 판정용 참조도형"},"geometry":{"type":"Polygon","coordinates":[[[127.03010058868365,37.577897423276085],[127.0300591360743,37.57784371638163],[127.03002985868135,37.57780548551469],[127.03001215654815,37.57778292002738],[127.03000181972573,37.5777796518335],[127.02999332843605,37.57777717607917],[127.02987565038033,37.577742416975084],[127.02986121524587,37.577738328908126],[127.02969840942953,37.57769151485623],[127.02965347125833,37.577789372283426],[127.0301190612521,37.57792160132601],[127.03010058868365,37.577897423276085]]]}},{"type":"Feature","id":637,"properties":{"model_ref_id":637,"source_type":"MODEL_REFERENCE","model_use":"역세권활성화 간선가로형","reference_name":"노선형 상업지역 판정용 참조도형"},"geometry":{"type":"Polygon","coordinates":[[[127.03119411224058,37.57823865763925],[127.0312062164088,37.57824215055167],[127.03122814679233,37.578248469291076],[127.03125931612652,37.578258328468884],[127.03132954601583,37.578279988321434],[127.03140224831716,37.57825665822856],[127.0314027651078,37.57818662028897],[127.0313081931821,37.57815745124239],[127.0312892205418,37.57815165524912],[127.03128922054154,37.57815165524906],[127.03127556348797,37.578147486111014],[127.03127555219194,37.57814747967266],[127.03127554084308,37.57814747620567],[127.03127435193001,37.578146809765315],[127.0312524781818,37.578140508139484],[127.03124017136564,37.578136952211594],[127.03114690240454,37.57811036853492],[127.031111476316,37.5781000407896],[127.03106667827805,37.578086989174665],[127.03102478762095,37.57807487608772],[127.03102150202695,37.578073926681],[127.03098487604665,37.578063429937494],[127.03093544761933,37.578049035489485],[127.03093544761902,37.57804903548938],[127.03090794554035,37.57804103175697],[127.0309003587978,37.57803880632672],[127.030898213099,37.57803817661891],[127.03087356008986,37.57803095791022],[127.03082640488743,37.57801740026968],[127.03077110924198,37.578001213663114],[127.03075473851491,37.57799654157865],[127.03075158097514,37.577997362057104],[127.03067672000296,37.57803315749464],[127.0306723587116,37.578035242778874],[127.03063747738766,37.57805192506424],[127.0306062071135,37.578066840971765],[127.03060355673287,37.57806810556763],[127.03082703633356,37.578132518248424],[127.03086111614195,37.57814252010224],[127.03093851206216,37.57816504524096],[127.03097528414155,37.57817559602287],[127.03102014230028,37.57818855950163],[127.03110066315426,37.57821202801952],[127.03119411224058,37.57823865763925]]]}},{"type":"Feature","id":638,"properties":{"model_ref_id":638,"source_type":"MODEL_REFERENCE","model_use":"역세권활성화 간선가로형","reference_name":"노선형 상업지역 판정용 참조도형"},"geometry":{"type":"Polygon","coordinates":[[[127.04120924077692,37.50541042321506],[127.04125940176276,37.505305261400004],[127.04111301302288,37.50533323468948],[127.04111301121712,37.50533323848095],[127.04108923214581,37.50538316191979],[127.04103566689146,37.5054664306867],[127.0410066282758,37.50551986876151],[127.04100323615116,37.50552583350794],[127.04099001792831,37.50554906619177],[127.0409284309441,37.505648825610734],[127.04092242888458,37.50565770139114],[127.04088503548672,37.50571299004494],[127.04085101733389,37.505760302939294],[127.0408388992822,37.505776470586824],[127.04082784813872,37.50579121432679],[127.04075745215809,37.50587851487127],[127.04075212071282,37.505885121734586],[127.04070035110324,37.50594442342329],[127.0406488970136,37.50599978754324],[127.04075624902063,37.506065361377786],[127.04081065219133,37.506007457535816],[127.0408647488323,37.50594501059765],[127.04087880987517,37.5059287792562],[127.04094323422645,37.50584811995523],[127.04096762362168,37.505814811519],[127.04100369910486,37.5057655698107],[127.04101185612951,37.505753393085165],[127.0410488017691,37.505698233297665],[127.04104880596552,37.50569823467943],[127.0410602045645,37.505681218927585],[127.04111263765583,37.50559533764501],[127.04116111139402,37.50550774573388],[127.04120517368115,37.50541898393924],[127.04120924077692,37.50541042321506]]]}},{"type":"Feature","id":639,"properties":{"model_ref_id":639,"source_type":"MODEL_REFERENCE","model_use":"역세권활성화 간선가로형","reference_name":"노선형 상업지역 판정용 참조도형"},"geometry":{"type":"Polygon","coordinates":[[[127.04057191346745,37.506254853174006],[127.04072881362043,37.50609406885672],[127.04062114223606,37.506028306665016],[127.04062114060929,37.50602830833657],[127.04046240549783,37.50619091992969],[127.04046002149879,37.50619336236896],[127.04018467815774,37.50647543223718],[127.04001567137328,37.50664849343059],[127.03999845639945,37.506666123090234],[127.0398722224319,37.50679539967159],[127.03984617776159,37.50682208378257],[127.03997935459292,37.506861767896766],[127.04007646110901,37.50676226946465],[127.04057191346745,37.506254853174006]]]}},{"type":"Feature","id":640,"properties":{"model_ref_id":640,"source_type":"MODEL_REFERENCE","model_use":"역세권활성화 간선가로형","reference_name":"노선형 상업지역 판정용 참조도형"},"geometry":{"type":"Polygon","coordinates":[[[127.04130717776997,37.50606487101155],[127.04124071824505,37.50614625195844],[127.04121183754431,37.50617910239555],[127.04118295794929,37.50621195282507],[127.04117685423346,37.506218892421984],[127.04117075164747,37.506225832018245],[127.04109761604043,37.5063034308777],[127.04107615002768,37.50632543096734],[127.04098463193411,37.50641920900221],[127.04096683028087,37.506437451114046],[127.04091716318851,37.50648828290763],[127.04091542380999,37.506490063011334],[127.04064986778525,37.506762088282414],[127.04060204057365,37.50681107232484],[127.04057605266624,37.506837704849794],[127.04043735482809,37.506979720100816],[127.04042333624993,37.50699407509768],[127.04042333599477,37.50699407535908],[127.04056764416244,37.50703708786676],[127.04056764524022,37.50703708676254],[127.04069200304855,37.5069096669827],[127.04081736137442,37.506773315232266],[127.04094341839878,37.50663737847798],[127.04107371856328,37.50650401705242],[127.04118327564684,37.506391790404685],[127.04120565728175,37.50636889801953],[127.04128986991748,37.50627864650347],[127.04129303377992,37.50627525685404],[127.04135350561639,37.506206401588415],[127.04143724238088,37.50610199752673],[127.04132955477921,37.50603540137298],[127.04130717776997,37.50606487101155]]]}},{"type":"Feature","id":641,"properties":{"model_ref_id":641,"source_type":"MODEL_REFERENCE","model_use":"역세권활성화 간선가로형","reference_name":"노선형 상업지역 판정용 참조도형"},"geometry":{"type":"Polygon","coordinates":[[[127.03971287671075,37.5071346816976],[127.03973843186924,37.5071085062408],[127.03974011803616,37.50710677798678],[127.03993572509546,37.50690647195832],[127.03980256060233,37.50686676634536],[127.0398025404209,37.50686678701996],[127.03953673627672,37.50713905951388],[127.03953671592903,37.50713908024296],[127.03936613484346,37.50731371590533],[127.03933103279553,37.50734964827508],[127.03906521271324,37.507621766522725],[127.03906521136955,37.50762176734205],[127.03915864629168,37.50764993898237],[127.03922401064402,37.507635322936004],[127.03924379322756,37.50761504459495],[127.03971287671075,37.5071346816976]]]}},{"type":"Feature","id":642,"properties":{"model_ref_id":642,"source_type":"MODEL_REFERENCE","model_use":"역세권활성화 간선가로형","reference_name":"노선형 상업지역 판정용 참조도형"},"geometry":{"type":"Polygon","coordinates":[[[127.04037970142984,37.50703877801742],[127.04026827704985,37.507152890197275],[127.04018543815451,37.507237731967365],[127.04018000425559,37.50724329368687],[127.04017519257329,37.507248220143886],[127.04015693017736,37.50726692254599],[127.04004353441164,37.50738305273695],[127.03996212657955,37.50746642915392],[127.03986507486012,37.507565880240804],[127.03985315394016,37.50757809675411],[127.0396760160975,37.5077594301521],[127.03969436367612,37.50781150169154],[127.03978441703987,37.50783866523369],[127.03996889001391,37.507650319139486],[127.03998498609803,37.50763382688668],[127.04007831476015,37.50753820169808],[127.04009395976183,37.507522177185436],[127.04018706094251,37.507426805158765],[127.04020287432985,37.50741060848937],[127.04031181231602,37.50729902256458],[127.04040500563903,37.5072035611355],[127.04042075449878,37.507187430229024],[127.04049566323985,37.507110730426064],[127.04052398107201,37.50708178253663],[127.04052398243348,37.507081781145175],[127.04037970142984,37.50703877801742]]]}},{"type":"Feature","id":643,"properties":{"model_ref_id":643,"source_type":"MODEL_REFERENCE","model_use":"역세권활성화 간선가로형","reference_name":"노선형 상업지역 판정용 참조도형"},"geometry":{"type":"Polygon","coordinates":[[[127.03567239624205,37.50768449924137],[127.0356895681156,37.507689682397526],[127.0357289997457,37.507701573571715],[127.035859805154,37.507741000668794],[127.03603468013632,37.50779374997314],[127.03608266646921,37.50769271610087],[127.03590831339243,37.5076401330417],[127.0356105404474,37.507550331843724],[127.03539699385314,37.50748593099284],[127.03524679126075,37.507440633314886],[127.03510322917307,37.507397336153936],[127.03505522508716,37.50749840462945],[127.03519887951151,37.50754170323431],[127.03534898161104,37.50758698207906],[127.03541791111793,37.50760775687724],[127.03551902588343,37.50763822881587],[127.03556163596437,37.507651074221606],[127.03567239624205,37.50768449924137]]]}},{"type":"Feature","id":644,"properties":{"model_ref_id":644,"source_type":"MODEL_REFERENCE","model_use":"역세권활성화 간선가로형","reference_name":"노선형 상업지역 판정용 참조도형"},"geometry":{"type":"Polygon","coordinates":[[[127.03716560463421,37.50813490391321],[127.03722191920892,37.508114615352106],[127.03722746020526,37.50811263157024],[127.03725849701452,37.508047336246804],[127.03721362606348,37.50803379893746],[127.03695878851357,37.507956927834016],[127.03666257403961,37.50786759916232],[127.03636880354841,37.507779006967745],[127.03614619291946,37.50771187372388],[127.03614619020308,37.50771187290471],[127.03609813747299,37.507813013419636],[127.03666158011158,37.50798291942994],[127.03691031434082,37.50805792381755],[127.03691430740236,37.50805912816688],[127.03698201818152,37.50807954591847],[127.03709841400058,37.50811465102863],[127.03716560463421,37.50813490391321]]]}},{"type":"Feature","id":645,"properties":{"model_ref_id":645,"source_type":"MODEL_REFERENCE","model_use":"역세권활성화 간선가로형","reference_name":"노선형 상업지역 판정용 참조도형"},"geometry":{"type":"Polygon","coordinates":[[[127.03584236739236,37.50819826251626],[127.03584237623178,37.508198265186145],[127.0358944528772,37.50808868313674],[127.03570702156837,37.50803215294229],[127.03564356307943,37.508013036148164],[127.03551642335721,37.50797472233055],[127.0353265029456,37.50791738492841],[127.03517945544277,37.50787309271185],[127.03491567320013,37.507793517562696],[127.03491567282305,37.50779351744862],[127.03486326625419,37.50790300885514],[127.0351268883051,37.50798247819832],[127.035273925811,37.50802676687821],[127.03546401502692,37.50808421604021],[127.03565485098643,37.508141646669735],[127.03584236739236,37.50819826251626]]]}},{"type":"Feature","id":646,"properties":{"model_ref_id":646,"source_type":"MODEL_REFERENCE","model_use":"역세권활성화 간선가로형","reference_name":"노선형 상업지역 판정용 참조도형"},"geometry":{"type":"Polygon","coordinates":[[[127.03743024348543,37.50809914885164],[127.03738542593979,37.508085628119225],[127.03738541878656,37.50808562596126],[127.03737166361874,37.508114571922846],[127.03735437598057,37.50815097694707],[127.03738222094253,37.5082002526018],[127.03738222230618,37.508200253013186],[127.03759974302008,37.508265871747994],[127.03775312838526,37.508312137660496],[127.03781267271236,37.508330069670784],[127.03781465337627,37.508330666444095],[127.03789418423933,37.508354622854014],[127.03810836031981,37.50841922224626],[127.0381424859626,37.50842951169847],[127.0382558669956,37.50846370445774],[127.03838643472751,37.508434394394804],[127.03853428717787,37.508282974714625],[127.03869911839226,37.5081141786316],[127.0390315821125,37.50777377381845],[127.0390132350034,37.50772170217552],[127.03893835458926,37.507699118659545],[127.03893835236671,37.507699120014735],[127.03843609870587,37.50822210625867],[127.03841225054875,37.50824638697703],[127.03831740039071,37.50834296454029],[127.03826209762138,37.50835000876684],[127.03819058542857,37.50832839729781],[127.0379422953023,37.50825350854966],[127.03780127354558,37.50821103241274],[127.03764788835757,37.508164766561826],[127.03743024348543,37.50809914885164]]]}},{"type":"Feature","id":647,"properties":{"model_ref_id":647,"source_type":"MODEL_REFERENCE","model_use":"역세권활성화 간선가로형","reference_name":"노선형 상업지역 판정용 참조도형"},"geometry":{"type":"Polygon","coordinates":[[[127.03590583271512,37.50821743174511],[127.03611065972106,37.50827927230797],[127.0364871193819,37.50839278115583],[127.03665373885718,37.50844300910286],[127.03682042640781,37.508493218775165],[127.03697317945199,37.50853932370116],[127.03701826641067,37.5085529246995],[127.0370182693958,37.50855292559989],[127.03705333937042,37.50847911450931],[127.03702538180433,37.508429839486965],[127.0370253811881,37.508429839301186],[127.03701870612223,37.508427822919536],[127.03687244847242,37.508383661513065],[127.03670582672314,37.50833343928058],[127.03663767474646,37.50831288861286],[127.0365392097162,37.508283205999376],[127.03647083139737,37.508262574679385],[127.0362365808085,37.508191922034186],[127.03616276183692,37.508169697311985],[127.03600953967874,37.50812344250185],[127.03598143831374,37.50811496331615],[127.03595790734086,37.508107862969865],[127.03590583271512,37.50821743174511]]]}},{"type":"Feature","id":648,"properties":{"model_ref_id":648,"source_type":"MODEL_REFERENCE","model_use":"역세권활성화 간선가로형","reference_name":"노선형 상업지역 판정용 참조도형"},"geometry":{"type":"Polygon","coordinates":[[[127.03957634179672,37.50792010757026],[127.03938710572045,37.50811396892988],[127.03924410492853,37.508260423739024],[127.03912006750352,37.50838744800363],[127.03911886290261,37.50838868195894],[127.03893854483265,37.50857334075223],[127.03897591790906,37.5086773036382],[127.03924434431339,37.50875605829498],[127.04002474101439,37.50898502837385],[127.04008637005539,37.50896239421222],[127.0401127963804,37.508905236184816],[127.04011279618044,37.50890523612616],[127.04006778668503,37.508892032721114],[127.03911149531349,37.508611490040224],[127.03910616223382,37.50857779464116],[127.0392259908712,37.50845504314665],[127.03925138069071,37.50842904180227],[127.03949424371697,37.50818033888431],[127.03973108123617,37.507938151487345],[127.03973108217039,37.50793814974473],[127.03963084878926,37.50790792733073],[127.03957634197849,37.50792010727727],[127.03957634179672,37.50792010757026]]]}},{"type":"Feature","id":649,"properties":{"model_ref_id":649,"source_type":"MODEL_REFERENCE","model_use":"역세권활성화 간선가로형","reference_name":"노선형 상업지역 판정용 참조도형"},"geometry":{"type":"Polygon","coordinates":[[[127.03766444638178,37.508997627898864],[127.0373650842651,37.50930433116672],[127.03717322730753,37.50950036108299],[127.03717322663651,37.50950036331603],[127.03726690006928,37.50952861604935],[127.03733226642883,37.50951400105349],[127.03737906874674,37.50946605479322],[127.03759527640281,37.50924462346607],[127.03761207333638,37.5092274137006],[127.03777157281182,37.50906400841882],[127.03801010270226,37.50881976999097],[127.03800206478105,37.508796975446224],[127.03797340969034,37.50871571626303],[127.03758146051011,37.50859753154069],[127.03724211155958,37.50849518772123],[127.03718025563633,37.50851736997154],[127.03714517313924,37.50859120239066],[127.03714518618854,37.5085912063266],[127.03719013633754,37.50860476315022],[127.03752938279145,37.5087071071469],[127.03783546547244,37.5087995499525],[127.03784067719866,37.508816666326325],[127.03766444638178,37.508997627898864]]]}},{"type":"Feature","id":650,"properties":{"model_ref_id":650,"source_type":"MODEL_REFERENCE","model_use":"역세권활성화 간선가로형","reference_name":"노선형 상업지역 판정용 참조도형"},"geometry":{"type":"Polygon","coordinates":[[[127.04028531198882,37.50895584452126],[127.04024017258824,37.50894260417005],[127.04021374064334,37.5089997452796],[127.04024226655145,37.509048840252134],[127.04049531155043,37.50912308294489],[127.0405045989301,37.50912580934181],[127.04076025101321,37.50920081769956],[127.04080347647503,37.50910793969259],[127.04080347169462,37.509107938293305],[127.04053816440796,37.509030015104955],[127.04028531198882,37.50895584452126]]]}},{"type":"Feature","id":651,"properties":{"model_ref_id":651,"source_type":"MODEL_REFERENCE","model_use":"역세권활성화 간선가로형","reference_name":"노선형 상업지역 판정용 참조도형"},"geometry":{"type":"Polygon","coordinates":[[[127.03990951920363,37.509392879686324],[127.03993171687281,37.50933319998244],[127.03990912573396,37.50939263272742],[127.039908867889,37.50939268866929],[127.03990951920363,37.509392879686324]]]}},{"type":"Feature","id":652,"properties":{"model_ref_id":652,"source_type":"MODEL_REFERENCE","model_use":"역세권활성화 간선가로형","reference_name":"노선형 상업지역 판정용 참조도형"},"geometry":{"type":"Polygon","coordinates":[[[127.03654376621242,37.51038016867765],[127.03673518482117,37.510184112907986],[127.03676334144909,37.51015527900697],[127.03698285631911,37.50993044939948],[127.03722828776655,37.50967909254346],[127.0372099414425,37.5096270206371],[127.03714137514984,37.50960635043629],[127.03688465680455,37.50986966076368],[127.03672706426697,37.51003116319363],[127.03671915183138,37.510039258140644],[127.0366370745021,37.510123269984206],[127.03662142821435,37.51013928412157],[127.03644420865545,37.510320641451365],[127.03643066982497,37.510335551918814],[127.03654376621242,37.51038016867765]]]}},{"type":"Feature","id":653,"properties":{"model_ref_id":653,"source_type":"MODEL_REFERENCE","model_use":"역세권활성화 간선가로형","reference_name":"노선형 상업지역 판정용 참조도형"},"geometry":{"type":"Polygon","coordinates":[[[127.03785222218397,37.50981787280301],[127.03774691214146,37.509786969976496],[127.03768165885243,37.50980185546496],[127.03750024960868,37.509987631521035],[127.03741723615744,37.510072680166324],[127.03738707803349,37.51010352670793],[127.03738321941587,37.5101074781796],[127.0373790478667,37.51011174017328],[127.03734998608905,37.51014149852841],[127.03698312201877,37.51051717387734],[127.03695768548448,37.51054321978805],[127.03709216946768,37.51059629217701],[127.03709942514254,37.510588859181325],[127.03739098510783,37.510290186741486],[127.03753329027467,37.51014457234883],[127.0376427449524,37.51003252027059],[127.03767150471764,37.51000304947447],[127.03785220235011,37.50981788799309],[127.03785222218397,37.50981787280301]]]}},{"type":"Feature","id":654,"properties":{"model_ref_id":654,"source_type":"MODEL_REFERENCE","model_use":"역세권활성화 간선가로형","reference_name":"노선형 상업지역 판정용 참조도형"},"geometry":{"type":"Polygon","coordinates":[[[127.03626397729083,37.51070072976241],[127.03636006446605,37.510585646306744],[127.03645965840029,37.51047245385703],[127.03650340812041,37.51042459891403],[127.03639026353652,37.510379961344015],[127.03639026326191,37.5103799616444],[127.03635840507637,37.510414819117685],[127.03625734260794,37.51052972377666],[127.03615955857384,37.51064687990212],[127.0360653955276,37.51076592791131],[127.03597496541154,37.51088677497961],[127.03596648786146,37.510898760506116],[127.0359640158084,37.51090225793622],[127.03588838243444,37.51100933368778],[127.03580553011113,37.51113360317546],[127.03572675225365,37.51125949325627],[127.03565181915675,37.51138673370479],[127.03563893417231,37.51140998279381],[127.03563601610927,37.511415289526965],[127.03559203262367,37.51149522934597],[127.03558941190732,37.511500275609976],[127.03551405626624,37.51164535567605],[127.03548399579701,37.51170700063372],[127.03548399544559,37.511707001379],[127.03560050949376,37.51174173775899],[127.03562955174571,37.51168226443785],[127.03569532334029,37.51155430575146],[127.03572042133563,37.51150876839774],[127.0357528483088,37.51144986513873],[127.03576505401502,37.51142778751218],[127.0358387437145,37.511302619614156],[127.03591616629268,37.511178982311016],[127.03599754794467,37.511056875532276],[127.03607496488789,37.510947284550674],[127.03608266248729,37.510936389432246],[127.03617139696334,37.5108178844304],[127.03617150998778,37.51081770420077],[127.03626397729083,37.51070072976241]]]}},{"type":"Feature","id":655,"properties":{"model_ref_id":655,"source_type":"MODEL_REFERENCE","model_use":"역세권활성화 간선가로형","reference_name":"노선형 상업지역 판정용 참조도형"},"geometry":{"type":"Polygon","coordinates":[[[127.03611172575367,37.51169510466347],[127.0360502491088,37.5118147732744],[127.03602425825689,37.511868029017634],[127.03615140741222,37.51190591274867],[127.03617626646339,37.511854832022856],[127.03623672594838,37.51173732600805],[127.03630069218787,37.51162135065474],[127.03634872558258,37.51153952726445],[127.03636805428634,37.51150681588978],[127.03643914468043,37.51139354141547],[127.03646435016975,37.51135560262248],[127.03647178749264,37.51134443725622],[127.03651363086936,37.51128161831928],[127.0365915106997,37.51117131418948],[127.03667301029071,37.511062451460084],[127.03675801870766,37.510954849056425],[127.03682064174853,37.510878338039426],[127.0368447206251,37.510851030261676],[127.03694601697508,37.51075162206257],[127.03703329046903,37.51065726335395],[127.03704982974872,37.51064004067913],[127.03704983186252,37.5106400384792],[127.03691563074977,37.51058711005735],[127.03682688752922,37.510683000783125],[127.03673362441644,37.51078889371592],[127.03672378966901,37.510800699486104],[127.03664375497416,37.51089658758707],[127.03655728143238,37.511005992304725],[127.0364758962057,37.51111791828786],[127.0363945084339,37.51122975411453],[127.03634443647786,37.51130500087827],[127.03632119057865,37.51133989208173],[127.03631844195284,37.51134402105586],[127.03624587757162,37.51145963934688],[127.03617705059996,37.51157669632399],[127.03611172575367,37.51169510466347]]]}},{"type":"Feature","id":656,"properties":{"model_ref_id":656,"source_type":"MODEL_REFERENCE","model_use":"역세권활성화 간선가로형","reference_name":"노선형 상업지역 판정용 참조도형"},"geometry":{"type":"Polygon","coordinates":[[[127.03538071703998,37.51193786248057],[127.0353374442363,37.51204364148152],[127.03531767347438,37.51209653497051],[127.03530061288093,37.5121419495026],[127.03525881467797,37.512260711326746],[127.03520929555106,37.512416027478366],[127.03520929464557,37.51241603031915],[127.03532834149671,37.51244539518183],[127.03536109654516,37.51233906946648],[127.03540662079213,37.51220562045805],[127.03542006485738,37.51216957719342],[127.03545621712105,37.51207316139998],[127.0354996151226,37.51196692281699],[127.03550988555139,37.51194178238619],[127.0355677391306,37.51181139328108],[127.03557655307429,37.51179228987493],[127.03546014135608,37.5117575906369],[127.03545077326565,37.511777459029695],[127.03539201555742,37.5119099197009],[127.03538071703998,37.51193786248057]]]}},{"type":"Feature","id":657,"properties":{"model_ref_id":657,"source_type":"MODEL_REFERENCE","model_use":"역세권활성화 간선가로형","reference_name":"노선형 상업지역 판정용 참조도형"},"geometry":{"type":"Polygon","coordinates":[[[127.0357991970254,37.512429227913785],[127.0357959441649,37.512439770392554],[127.03576045854572,37.51255474648161],[127.0357462387571,37.51260655731239],[127.03572578761411,37.51268107479897],[127.03569631963406,37.512802536322276],[127.03569496474374,37.5128080327322],[127.03566810306074,37.512935620253],[127.0356676664016,37.51293805918903],[127.03566076674697,37.51297679749382],[127.03564526544652,37.513063178299504],[127.0356451956809,37.51306356797014],[127.03562624948786,37.51319205337884],[127.03561610625816,37.513275938283684],[127.03574819964119,37.513315309021806],[127.0357512743217,37.51328563161078],[127.03576119197285,37.51320354873568],[127.03577303297,37.513122699681006],[127.03577980197916,37.513077586169],[127.03579525993065,37.51299114907265],[127.03580225328281,37.51295216132288],[127.03582855495405,37.512827366994536],[127.03582956884271,37.51282322216188],[127.03583109303719,37.51281693283274],[127.03585869776761,37.51270284188731],[127.03587727425871,37.51263528053758],[127.03589269103006,37.5125792175892],[127.03592688888888,37.51246844853926],[127.03593063870126,37.512456311167234],[127.03597220819177,37.512334035314275],[127.03598373375978,37.51230321826022],[127.0360176258555,37.51221274945831],[127.03605566775042,37.51211975671473],[127.03605762011932,37.51211498092461],[127.0360661278015,37.512094093609306],[127.03606756269146,37.512090561329224],[127.03611999400653,37.51197242693075],[127.03612744065231,37.51195650436001],[127.03612745186621,37.511956480688454],[127.03600030208287,37.511918581218275],[127.03593897109879,37.512056548823175],[127.03593852815847,37.512057540035016],[127.03593660725541,37.51206186531969],[127.0359285536774,37.51208150012392],[127.0359274978074,37.51208407991828],[127.03589262226687,37.51216947372868],[127.03588898441005,37.51217837349319],[127.03588896155362,37.5121784305824],[127.03588894788976,37.51217846283754],[127.035888102867,37.51218053012674],[127.0358459129787,37.512293108487306],[127.03584167272449,37.512304429985306],[127.0357991970254,37.512429227913785]]]}},{"type":"Feature","id":658,"properties":{"model_ref_id":658,"source_type":"MODEL_REFERENCE","model_use":"역세권활성화 간선가로형","reference_name":"노선형 상업지역 판정용 참조도형"},"geometry":{"type":"Polygon","coordinates":[[[127.0350730727649,37.51300452861854],[127.03505751895187,37.513109462056775],[127.03505751869741,37.513109463773695],[127.03517753123178,37.51314523477985],[127.03519647837517,37.51301719903539],[127.03521058296023,37.51293835862447],[127.03522096391599,37.51288033208025],[127.03524974766565,37.51274400453839],[127.03527876457804,37.512624074930294],[127.03528260342647,37.51260830656742],[127.03531772461487,37.51248053667227],[127.03519859962789,37.512451132561054],[127.03519635293549,37.51245858563571],[127.03516066577414,37.512588428825914],[127.03515734739241,37.512602024757825],[127.03515648815944,37.51260554786014],[127.03512724640004,37.512726468588056],[127.03509800995363,37.51286531899365],[127.03508740319113,37.51292451687466],[127.0350730727649,37.51300452861854]]]}},{"type":"Feature","id":659,"properties":{"model_ref_id":659,"source_type":"MODEL_REFERENCE","model_use":"역세권활성화 간선가로형","reference_name":"노선형 상업지역 판정용 참조도형"},"geometry":{"type":"Polygon","coordinates":[[[127.03501588427817,37.51400336282333],[127.03501593051267,37.51400833627129],[127.03501612203259,37.51403040144523],[127.03501616713217,37.514035365883565],[127.03501742529892,37.51417413589929],[127.03501747389573,37.51417934360365],[127.03501826138368,37.51427535279739],[127.03501830898799,37.51428088485803],[127.03501973596644,37.51444414370721],[127.03501981664323,37.51445304230962],[127.03508840516855,37.5144741280328],[127.03514415504212,37.51444338916256],[127.03514272779265,37.51428013031497],[127.03514230378158,37.51422851864628],[127.03514114264634,37.51409625687193],[127.03514104731265,37.51408548106792],[127.0351409173137,37.51407094687964],[127.03514058666045,37.514034611342616],[127.03514034886494,37.5140075817309],[127.03513989812411,37.51395495121184],[127.03513971556575,37.513933899004705],[127.03513961330236,37.51392224924179],[127.03513889754457,37.513840899118506],[127.03513832660765,37.51377548835553],[127.03513832660724,37.513775487454545],[127.03513829700933,37.51370638158675],[127.0351389619606,37.51367439628723],[127.03513984870895,37.513634734498666],[127.03513987102592,37.51363373767344],[127.03514113946227,37.51357519677652],[127.03514113639491,37.51357519677737],[127.03514129173628,37.51356816901878],[127.03514375997065,37.51352113670724],[127.03514869770405,37.513430045347256],[127.03516040181916,37.513292100701065],[127.0351704292859,37.51320082775443],[127.03505001936625,37.51316492386162],[127.03505001872762,37.513164928993916],[127.0350451074732,37.51320437563819],[127.03503643214665,37.513283935346614],[127.0350245025884,37.51342422261398],[127.03501945213453,37.513516575384436],[127.03501687140609,37.51356522950457],[127.0350168024237,37.5135705633798],[127.03501676183457,37.51357351863561],[127.03501461878398,37.51366978090973],[127.0350145433156,37.5136731686498],[127.03501390723997,37.51377561130055],[127.03501450209062,37.51384165365115],[127.03501588427817,37.51400336282333]]]}},{"type":"Feature","id":660,"properties":{"model_ref_id":660,"source_type":"MODEL_REFERENCE","model_use":"역세권활성화 간선가로형","reference_name":"노선형 상업지역 판정용 참조도형"},"geometry":{"type":"Polygon","coordinates":[[[127.03572648984968,37.5137725330825],[127.0357264622245,37.513709193545616],[127.0357293476323,37.51358215416125],[127.03573226376444,37.513525570326195],[127.03573596587104,37.51345574263131],[127.03574300965634,37.513371453131846],[127.03574300967087,37.51337145295777],[127.03561025117602,37.51333189199364],[127.03560046208474,37.51344983353461],[127.03559664506898,37.51352101274098],[127.03559361631307,37.5135789471867],[127.03559073165404,37.513708239941764],[127.03559075975151,37.51377293096245],[127.03559349662113,37.514084582380974],[127.0355980179145,37.514598235055345],[127.03563660767374,37.514642643175044],[127.03573438163042,37.51467271503977],[127.03573375161245,37.51459747767121],[127.03572922712638,37.514083824102],[127.03572767811325,37.51390362668784],[127.03572648984968,37.5137725330825]]]}},{"type":"Feature","id":661,"properties":{"model_ref_id":661,"source_type":"MODEL_REFERENCE","model_use":"역세권활성화 간선가로형","reference_name":"노선형 상업지역 판정용 참조도형"},"geometry":{"type":"Polygon","coordinates":[[[127.03514591336297,37.51464031872582],[127.03510734655762,37.5145958465234],[127.03502086506646,37.514569250347144],[127.03502151552996,37.51464109944935],[127.03502353865915,37.5148733738909],[127.03502496416142,37.51503311886652],[127.03492757661724,37.51508543750112],[127.03499148715959,37.5151050734507],[127.03501434058964,37.515112094334064],[127.03505667325697,37.51512510125702],[127.03514974134268,37.515073899814226],[127.03514795844721,37.51487261934201],[127.03514591914185,37.51464033143241],[127.03514591343391,37.514640326888795],[127.03514591336297,37.51464031872582]]]}},{"type":"Feature","id":662,"properties":{"model_ref_id":662,"source_type":"MODEL_REFERENCE","model_use":"역세권활성화 간선가로형","reference_name":"노선형 상업지역 판정용 참조도형"},"geometry":{"type":"Polygon","coordinates":[[[127.03573865471024,37.515159530419325],[127.03573827641588,37.5151168957228],[127.03573735976002,37.51501732857782],[127.03573696790532,37.51497472001268],[127.03573613346444,37.51487173719289],[127.0357354187751,37.514794342428345],[127.03573537116307,37.514788901177035],[127.03565554999572,37.51476436157382],[127.03559972090298,37.51479508205033],[127.03559972090851,37.514795082685744],[127.0356004015325,37.51487249548032],[127.03560130592318,37.51497549630155],[127.03560255308889,37.51511765401035],[127.03560361246932,37.5152389268419],[127.03566800477537,37.515313060467136],[127.03574020182376,37.515335249879676],[127.03574720968767,37.51533740814622],[127.03581270654497,37.515357541901686],[127.03583527302976,37.51536447863288],[127.03582223737493,37.51534725534198],[127.03573934486859,37.515237718957096],[127.03573865471024,37.515159530419325]]]}},{"type":"Feature","id":663,"properties":{"model_ref_id":663,"source_type":"MODEL_REFERENCE","model_use":"역세권활성화 간선가로형","reference_name":"노선형 상업지역 판정용 참조도형"},"geometry":{"type":"Polygon","coordinates":[[[127.03502518584007,37.51635018445834],[127.03502534370561,37.51636758251031],[127.03502534373742,37.516367585959],[127.03510788514227,37.516383138225414],[127.03516092045422,37.516349426830914],[127.03515984872405,37.516224099571794],[127.03515845963636,37.51606646516801],[127.03515509398858,37.51568684117637],[127.03515414179896,37.5155764702874],[127.03508986288568,37.51550233635463],[127.03496191739585,37.51546299778549],[127.03492662282088,37.51545214138058],[127.03495185919834,37.51548340790409],[127.03501829055202,37.5155656952797],[127.03501936057812,37.5156876078066],[127.03502316320956,37.51611654057242],[127.035024115468,37.51622485719762],[127.03502518584007,37.51635018445834]]]}},{"type":"Feature","id":664,"properties":{"model_ref_id":664,"source_type":"MODEL_REFERENCE","model_use":"역세권활성화 간선가로형","reference_name":"노선형 상업지역 판정용 참조도형"},"geometry":{"type":"Polygon","coordinates":[[[127.03574341639997,37.51570322189839],[127.03573456944652,37.51570050149339],[127.03570108513908,37.51569020553485],[127.0356080159401,37.51574140718376],[127.03560956028163,37.515911423369275],[127.03561158515248,37.51614342745273],[127.03561229883618,37.51622397566142],[127.0356123967755,37.51623504276384],[127.03561289212934,37.516290378377114],[127.03561327524703,37.516335337579505],[127.03561343075688,37.51635332130999],[127.0356135030609,37.516361825575686],[127.03561422330651,37.516444195846574],[127.03561422698262,37.51644419933003],[127.0356142269931,37.516444200529236],[127.03565663886707,37.51648651157576],[127.0357391409853,37.516502067917166],[127.03573914097598,37.516502066860326],[127.03573862673953,37.516443421639664],[127.03573752052317,37.51631386065087],[127.0357373165259,37.516289624107074],[127.03573672199097,37.51622322049132],[127.03573605582463,37.51614818722319],[127.03573600704286,37.51614267318473],[127.03573403878454,37.51591686699054],[127.03573398291799,37.515910669103235],[127.03573279641691,37.515783719190736],[127.03583761700114,37.51573218960205],[127.03574341639997,37.51570322189839]]]}},{"type":"Feature","id":665,"properties":{"model_ref_id":665,"source_type":"MODEL_REFERENCE","model_use":"역세권활성화 간선가로형","reference_name":"노선형 상업지역 판정용 참조도형"},"geometry":{"type":"Polygon","coordinates":[[[127.03516687833464,37.517027990767474],[127.0351668783002,37.51702798690457],[127.0351622990263,37.516504478097616],[127.03502636843344,37.516478865062545],[127.03502636850075,37.516478872374286],[127.03502660937617,37.51650524425211],[127.03503155336794,37.517013571725535],[127.03516687833464,37.517027990767474]]]}},{"type":"Feature","id":666,"properties":{"model_ref_id":666,"source_type":"MODEL_REFERENCE","model_use":"역세권활성화 간선가로형","reference_name":"노선형 상업지역 판정용 참조도형"},"geometry":{"type":"Polygon","coordinates":[[[127.03574445850569,37.51710618737493],[127.03574291068612,37.51692896331695],[127.03574029412916,37.51663289912711],[127.03574012277095,37.51661335410272],[127.03566901753649,37.51659994264916],[127.03561588044938,37.51663364714276],[127.03561588047252,37.51663364979343],[127.03561758248418,37.51682801513107],[127.03562003388517,37.51710694255366],[127.03574470654412,37.517135347737536],[127.03574470650669,37.5171353433016],[127.03574445850569,37.51710618737493]]]}},{"type":"Feature","id":667,"properties":{"model_ref_id":667,"source_type":"MODEL_REFERENCE","model_use":"역세권활성화 간선가로형","reference_name":"노선형 상업지역 판정용 참조도형"},"geometry":{"type":"Polygon","coordinates":[[[127.03516735287957,37.51708172526095],[127.03516735012852,37.5170814108512],[127.03516734403743,37.51708535273113],[127.03516735287957,37.51708172526095]]]}},{"type":"Feature","id":668,"properties":{"model_ref_id":668,"source_type":"MODEL_REFERENCE","model_use":"역세권활성화 간선가로형","reference_name":"노선형 상업지역 판정용 참조도형"},"geometry":{"type":"Polygon","coordinates":[[[127.03562294106881,37.51752094606],[127.03562227364246,37.51757545605839],[127.03562216440659,37.51758437587626],[127.03561666465721,37.51768294555187],[127.03560697953596,37.51778124608309],[127.03560263093877,37.517811703604295],[127.03572684482258,37.517818942757074],[127.03573084434126,37.517791122738764],[127.03574086832106,37.5176894884458],[127.03574210142226,37.517666512893946],[127.03574670057442,37.51757821473234],[127.03574735391827,37.517520154841854],[127.03574779257778,37.5174859531904],[127.03574672274847,37.51736986109478],[127.03574518693948,37.5171916729836],[127.0357451869157,37.51719167023099],[127.03562051082278,37.517163254217664],[127.03562334276643,37.51748320464265],[127.03562336693506,37.5174858073843],[127.03562294106881,37.51752094606]]]}},{"type":"Feature","id":669,"properties":{"model_ref_id":669,"source_type":"MODEL_REFERENCE","model_use":"역세권활성화 간선가로형","reference_name":"노선형 상업지역 판정용 참조도형"},"geometry":{"type":"Polygon","coordinates":[[[127.03517091021011,37.51748827391055],[127.03516734403743,37.51708535273113],[127.03503163290716,37.51707008942699],[127.03503160789833,37.517085659872066],[127.03503517424164,37.51748804046244],[127.03503396497689,37.51757264362605],[127.03502947521504,37.517654184315596],[127.03502136612468,37.51773653687366],[127.03500975019325,37.51781825968729],[127.03499220322666,37.51790965171115],[127.03499101476719,37.51791584182442],[127.03497588537734,37.5179815279856],[127.03495374920104,37.518062172448154],[127.03492810613939,37.518142187160336],[127.0348990703899,37.518221481990224],[127.03486629954737,37.518300867917326],[127.03467430194911,37.51874015140067],[127.03467179431588,37.51874586524024],[127.03467179292738,37.51874586840546],[127.03480247751196,37.51877570604491],[127.03499492652729,37.51833552124536],[127.03502871303988,37.51825352214119],[127.0350591056765,37.518170713056584],[127.03510903071229,37.51800275523943],[127.03512490266894,37.51793338211648],[127.03512491737769,37.51793330272337],[127.03514436276623,37.517832548892414],[127.03515654242672,37.51774686156248],[127.03516498912923,37.51766081484999],[127.03516970338872,37.517575580040834],[127.03516981607808,37.51757458892267],[127.03517091021011,37.51748827391055]]]}},{"type":"Feature","id":670,"properties":{"model_ref_id":670,"source_type":"MODEL_REFERENCE","model_use":"역세권활성화 간선가로형","reference_name":"노선형 상업지역 판정용 참조도형"},"geometry":{"type":"Polygon","coordinates":[[[127.03555258523477,37.518073812069815],[127.03552615920366,37.51817013502023],[127.03551633095327,37.5182022129161],[127.03563726258879,37.518225501946674],[127.03564742727144,37.518192447020056],[127.03567464483505,37.51809323975972],[127.03568198342042,37.5180613427359],[127.0356976765255,37.51799277316592],[127.03571640971472,37.51789212755749],[127.03572114724491,37.517859060865526],[127.03572176409143,37.517854725137624],[127.03572176686292,37.517854705588064],[127.03559752911795,37.51784747266478],[127.03559299587249,37.5178791874013],[127.03557482789675,37.51797677037446],[127.03555946205138,37.51804380815761],[127.03555258523477,37.518073812069815]]]}},{"type":"Feature","id":671,"properties":{"model_ref_id":671,"source_type":"MODEL_REFERENCE","model_use":"역세권활성화 간선가로형","reference_name":"노선형 상업지역 판정용 참조도형"},"geometry":{"type":"Polygon","coordinates":[[[127.03549927429154,37.51825456524507],[127.0354992742915,37.51825456524523],[127.03562018838079,37.51827785678145],[127.0356201934496,37.51827784122141],[127.03562019451384,37.51827783795817],[127.03549927429154,37.51825456524507]]]}},{"type":"Feature","id":672,"properties":{"model_ref_id":672,"source_type":"MODEL_REFERENCE","model_use":"역세권활성화 간선가로형","reference_name":"노선형 상업지역 판정용 참조도형"},"geometry":{"type":"Polygon","coordinates":[[[127.03521542761158,37.51892705042939],[127.03500827623124,37.519400936489525],[127.03490329292131,37.519640988256285],[127.0350208249274,37.519673588453],[127.03512581993378,37.51943352039436],[127.03533273334929,37.518960174788965],[127.03554009501539,37.51848574747357],[127.0355797568249,37.51838951097827],[127.03559998058093,37.51833445500491],[127.03560162893868,37.518329860409914],[127.03560163077397,37.51832985529555],[127.03548056500146,37.518306566160106],[127.03548056497587,37.518306566230045],[127.03546085978991,37.51836035164701],[127.03542221588567,37.51845397495711],[127.03531882150921,37.518690512743326],[127.03521542761158,37.51892705042939]]]}},{"type":"Feature","id":673,"properties":{"model_ref_id":673,"source_type":"MODEL_REFERENCE","model_use":"역세권활성화 간선가로형","reference_name":"노선형 상업지역 판정용 참조도형"},"geometry":{"type":"Polygon","coordinates":[[[127.03499675143968,37.519728817379615],[127.0349967539401,37.51972881164803],[127.03488103015023,37.51969208020151],[127.03499675113434,37.519728818079194],[127.03499675143968,37.519728817379615]]]}},{"type":"Feature","id":674,"properties":{"model_ref_id":674,"source_type":"MODEL_REFERENCE","model_use":"역세권활성화 간선가로형","reference_name":"노선형 상업지역 판정용 참조도형"},"geometry":{"type":"Polygon","coordinates":[[[127.03434994476741,37.52120827091432],[127.03436932515552,37.521163972298645],[127.03437137179829,37.521159296528424],[127.0343842540054,37.52112987494744],[127.03439476521574,37.521105860824065],[127.03449032733552,37.52088707549629],[127.03449033000192,37.52088706938697],[127.03437463847341,37.520850347017195],[127.03436789531213,37.52086577442494],[127.03427710623775,37.521073636627214],[127.0342686303067,37.52109292001449],[127.03425543789126,37.521123065063534],[127.03425372515161,37.52112698130552],[127.03419472150588,37.5212619649028],[127.0342604919695,37.52137673341697],[127.03427540021805,37.52138146793334],[127.03447777501707,37.52144573238282],[127.0344785825227,37.521445988576374],[127.03447858266628,37.52144598885223],[127.03453057327248,37.52146249848014],[127.0345716500789,37.52147554230517],[127.03457353581533,37.52147614005548],[127.03457375190331,37.521476207571894],[127.03466065001359,37.5215037563748],[127.03472570290087,37.521524461665194],[127.03500028294101,37.52161160332308],[127.0352430724193,37.5216886619479],[127.03552297107363,37.521777512815056],[127.03572831347144,37.52184268769187],[127.03594089698768,37.52191020276279],[127.03602402826138,37.5218817083548],[127.03605474882387,37.52182034324257],[127.0360547361376,37.52182033348215],[127.03578267697632,37.52173383418241],[127.03557741404876,37.521668739564866],[127.03529704733674,37.52157969974533],[127.0350540760018,37.52150256920024],[127.03471489151947,37.52139489437298],[127.03451665497687,37.52133196740477],[127.03439620353116,37.52129371465975],[127.03439054452062,37.52129191598786],[127.03436122107702,37.521258245734174],[127.03433916230392,37.52123291489583],[127.03434994476741,37.52120827091432]]]}},{"type":"Feature","id":675,"properties":{"model_ref_id":675,"source_type":"MODEL_REFERENCE","model_use":"역세권활성화 간선가로형","reference_name":"노선형 상업지역 판정용 참조도형"},"geometry":{"type":"Polygon","coordinates":[[[127.03696085680299,37.52227271504781],[127.03698845107819,37.52228147373183],[127.03725149647998,37.522365009507965],[127.03734819396013,37.52231822018495],[127.03735290197933,37.52228055614583],[127.0370110835428,37.522172285505626],[127.03685770765489,37.52212364914306],[127.03657479101645,37.522033829234275],[127.03616021307482,37.52190148337012],[127.03613333541236,37.521955198397144],[127.03616911049245,37.52202141023509],[127.03616911202818,37.52202141098344],[127.03624796223306,37.52204643878628],[127.03652447439454,37.52213420455962],[127.03654083403947,37.5221393986208],[127.03654202601165,37.522139777071295],[127.0369593783127,37.522272246016314],[127.03696085680299,37.52227271504781]]]}},{"type":"Feature","id":676,"properties":{"model_ref_id":676,"source_type":"MODEL_REFERENCE","model_use":"역세권활성화 간선가로형","reference_name":"노선형 상업지역 판정용 참조도형"},"geometry":{"type":"Polygon","coordinates":[[[127.03568570983154,37.52246032671807],[127.03564116233406,37.52237755077591],[127.03564112342262,37.52237754243944],[127.0356411050005,37.52237753915089],[127.03551190128765,37.52233652573542],[127.035509043662,37.522335619728146],[127.03548848192737,37.522329107130545],[127.03543763030396,37.522312952129724],[127.03543302329506,37.52231148911975],[127.03543294296799,37.5223114639141],[127.0354257961048,37.522309193582515],[127.03541457164742,37.522305626846574],[127.03532272497702,37.52227647179068],[127.0352009218874,37.52223780758971],[127.03519294574764,37.52223527798529],[127.03515699089911,37.522223872251026],[127.03501339787213,37.52217828518244],[127.03499136386218,37.52217128721977],[127.03497099315956,37.52216482057791],[127.03478498553476,37.5221057749209],[127.03476931841347,37.52210080117251],[127.03473914382542,37.52209122456524],[127.0346595298403,37.52206597319433],[127.03456585306603,37.522036211574594],[127.03456517424895,37.52203599551867],[127.03455833969514,37.52203382686277],[127.03442124258945,37.52199030872699],[127.0343709864861,37.522090744268574],[127.03437099208959,37.52209074617122],[127.03451490022745,37.52213647899656],[127.03460925705613,37.52216645581055],[127.03473485983055,37.52220597554106],[127.03510671754512,37.52232435507628],[127.0352724970354,37.52237690061388],[127.03543820890849,37.52242949999615],[127.03559816236049,37.52248035281649],[127.0356681799145,37.52249535386307],[127.03566831827753,37.52249538350556],[127.03568570983154,37.52246032671807]]]}},{"type":"Feature","id":677,"properties":{"model_ref_id":677,"source_type":"MODEL_REFERENCE","model_use":"역세권활성화 간선가로형","reference_name":"노선형 상업지역 판정용 참조도형"},"geometry":{"type":"Polygon","coordinates":[[[127.03805700085199,37.522581871651],[127.0382805895776,37.52265283130722],[127.03832321930328,37.52253840168542],[127.03817075691764,37.522490122928474],[127.03803687113819,37.52244772704808],[127.03787145048783,37.52239534566106],[127.03749005082067,37.522274571076366],[127.03749004661323,37.52227457126003],[127.0374803354176,37.52235214897023],[127.03752730902794,37.5224137626049],[127.03752731033563,37.522413762836045],[127.03781501980005,37.52250503864649],[127.03797986256214,37.52255733739161],[127.0380511285865,37.522580003162005],[127.03805700085199,37.522581871651]]]}},{"type":"Feature","id":678,"properties":{"model_ref_id":678,"source_type":"MODEL_REFERENCE","model_use":"역세권활성화 간선가로형","reference_name":"노선형 상업지역 판정용 참조도형"},"geometry":{"type":"Polygon","coordinates":[[[127.03904469311273,37.522823709984785],[127.03905956188967,37.52278369348181],[127.03909683012999,37.52268340003697],[127.03909732857147,37.522682058640065],[127.03893695717566,37.52273274300613],[127.03868125257236,37.52265177478751],[127.03838659258969,37.52255846873918],[127.03838658924325,37.52255846767953],[127.03834394303136,37.522672915965856],[127.03863867025673,37.52276644013747],[127.03867034924833,37.522776521648694],[127.03872318010517,37.522793290188375],[127.0388008995408,37.52281795646453],[127.03884220898762,37.52283106773829],[127.03894290195493,37.52286302404192],[127.03904469311273,37.522823709984785]]]}},{"type":"Feature","id":679,"properties":{"model_ref_id":679,"source_type":"MODEL_REFERENCE","model_use":"역세권활성화 간선가로형","reference_name":"노선형 상업지역 판정용 참조도형"},"geometry":{"type":"Polygon","coordinates":[[[127.03712262681691,37.52280905539834],[127.03687890403837,37.52273169458395],[127.03656046843672,37.52263061890559],[127.0364308998498,37.52258950024819],[127.0362071133564,37.52251847536121],[127.03601658968833,37.522457982325044],[127.03591264646386,37.52249351022522],[127.0358881387955,37.52254247693727],[127.03588814201234,37.52254247762642],[127.03597364864919,37.52256079702616],[127.03615683214775,37.52261892259083],[127.03636940578066,37.52268637381475],[127.03638061775763,37.522689936760194],[127.03651512760604,37.52273264337811],[127.03660440718585,37.52276095230554],[127.03682942456116,37.52283229323229],[127.03727317549209,37.52297307769381],[127.03728126842321,37.52290595400091],[127.03723406832643,37.52284443020647],[127.03721553497815,37.52283854688741],[127.03712262681691,37.52280905539834]]]}},{"type":"Feature","id":680,"properties":{"model_ref_id":680,"source_type":"MODEL_REFERENCE","model_use":"역세권활성화 간선가로형","reference_name":"노선형 상업지역 판정용 참조도형"},"geometry":{"type":"Polygon","coordinates":[[[127.0396056553741,37.52298429802865],[127.03968651887708,37.52299424977344],[127.03991911575427,37.52302300758018],[127.03994254186841,37.523025900460595],[127.03994276004182,37.52302592736631],[127.03994324334435,37.52302598551839],[127.03994343679538,37.523026008883626],[127.03994673195736,37.52302641789229],[127.04001268565162,37.52303456245606],[127.04003277978406,37.52298008641645],[127.04005450442398,37.52292126315596],[127.04005450417107,37.522921263125056],[127.04003523826952,37.522918908573324],[127.03997325473027,37.52291120650688],[127.03995423769851,37.52290884285424],[127.03972854718286,37.52288087623912],[127.03970908670419,37.52287846583338],[127.0393362795995,37.522832622095336],[127.03931858936255,37.52288020820595],[127.03937913539211,37.52295630504422],[127.0393791320505,37.522956304631016],[127.03937914671306,37.52295632306051],[127.03957271082945,37.522980229621574],[127.0396056553741,37.52298429802865]]]}},{"type":"Feature","id":681,"properties":{"model_ref_id":681,"source_type":"MODEL_REFERENCE","model_use":"역세권활성화 간선가로형","reference_name":"노선형 상업지역 판정용 참조도형"},"geometry":{"type":"Polygon","coordinates":[[[127.04039243277553,37.52296295355992],[127.040122232788,37.52292956785807],[127.04010359442985,37.52298006421494],[127.04008033873409,37.52304291604738],[127.04013072032123,37.52304913623679],[127.04021228118229,37.52305921009748],[127.04055297831829,37.52310128126891],[127.04057552337503,37.522985495316775],[127.0405754987818,37.522985492295916],[127.04047803781249,37.52297355000275],[127.04039243277553,37.52296295355992]]]}},{"type":"Feature","id":682,"properties":{"model_ref_id":682,"source_type":"MODEL_REFERENCE","model_use":"역세권활성화 간선가로형","reference_name":"노선형 상업지역 판정용 참조도형"},"geometry":{"type":"Polygon","coordinates":[[[127.04119001112707,37.52317991777326],[127.04129533526493,37.52319294791233],[127.0413682774892,37.52315039775571],[127.04137966038996,37.52309200279949],[127.04133023165738,37.523078781566724],[127.04121254388097,37.52306413356135],[127.04099966669337,37.52303789332841],[127.04078334032353,37.523011204221106],[127.04062020814267,37.522990984090534],[127.04059766370496,37.523106767218096],[127.04066620898116,37.52311525973556],[127.04076080803026,37.52312694240173],[127.04088838669406,37.52314269770474],[127.04091468978774,37.523145946279186],[127.04105674760898,37.52316348760619],[127.04119001112707,37.52317991777326]]]}},{"type":"Feature","id":683,"properties":{"model_ref_id":683,"source_type":"MODEL_REFERENCE","model_use":"역세권활성화 간선가로형","reference_name":"노선형 상업지역 판정용 참조도형"},"geometry":{"type":"Polygon","coordinates":[[[127.03790891776474,37.5230975153059],[127.03790170811672,37.52309523221053],[127.03785917905361,37.52308174795906],[127.03746602065961,37.52295698630255],[127.037408114883,37.52298511398726],[127.03740017498275,37.523050958790826],[127.0374052053145,37.523054040401824],[127.03780888612049,37.52318222291499],[127.03781428400077,37.52318393230161],[127.03802216649018,37.52324973401874],[127.03817851314689,37.523299422131316],[127.03824902784737,37.52332246641767],[127.03824902816751,37.5233224665181],[127.03822869879941,37.52319898507347],[127.03822869255698,37.52319898309343],[127.03807298987546,37.5231495741616],[127.03796995826043,37.523116865016384],[127.0379686752969,37.523116458617814],[127.03790891776474,37.5230975153059]]]}},{"type":"Feature","id":684,"properties":{"model_ref_id":684,"source_type":"MODEL_REFERENCE","model_use":"역세권활성화 간선가로형","reference_name":"노선형 상업지역 판정용 참조도형"},"geometry":{"type":"Polygon","coordinates":[[[127.0390473611554,37.52356987022576],[127.0390303225247,37.52352170960529],[127.03902024079514,37.523493061267025],[127.03894464240705,37.52342614088404],[127.03871869005552,37.523354427664124],[127.03866291198788,37.523336722071775],[127.03863453647313,37.523327738769076],[127.03862410496961,37.52332444429724],[127.03860815222427,37.52331937654144],[127.03851288778517,37.52328910597564],[127.03850755119207,37.5232874113518],[127.0384905884985,37.52328207495481],[127.03830088754249,37.523221882867915],[127.03832118950214,37.52334510205842],[127.03832119512674,37.523345103822734],[127.03844305684642,37.52338332419776],[127.03857684610213,37.52342570252096],[127.038668522515,37.52345487591368],[127.03867643328134,37.52345738638181],[127.03892376719233,37.52353588753537],[127.03892690615406,37.52354489645895],[127.03896839920468,37.52366399442072],[127.0390218906404,37.52368019771695],[127.03909414297989,37.523702085901576],[127.03908163714293,37.52366675298061],[127.03904947769358,37.5235758531292],[127.0390473611554,37.52356987022576]]]}},{"type":"Feature","id":685,"properties":{"model_ref_id":685,"source_type":"MODEL_REFERENCE","model_use":"역세권활성화 간선가로형","reference_name":"노선형 상업지역 판정용 참조도형"},"geometry":{"type":"Polygon","coordinates":[[[127.04005870302132,37.523687518017304],[127.04001485502714,37.52356357171061],[127.03953968184214,37.52350494160446],[127.03941175839782,37.52348915809659],[127.03933656407143,37.523556484112284],[127.03935179208887,37.52359944868594],[127.03962775890224,37.52363432970035],[127.03987257287784,37.52366452679321],[127.03999228742258,37.52367926559663],[127.04005870302132,37.523687518017304]]]}},{"type":"Feature","id":686,"properties":{"model_ref_id":686,"source_type":"MODEL_REFERENCE","model_use":"역세권활성화 간선가로형","reference_name":"노선형 상업지역 판정용 참조도형"},"geometry":{"type":"Polygon","coordinates":[[[127.04118751362088,37.52382691787155],[127.04123857461236,37.52382637791124],[127.04125083180885,37.52376815300592],[127.04119786017047,37.5237096960304],[127.04102805109612,37.52368875775696],[127.04095465195562,37.523679672356806],[127.04095418378272,37.52367961435996],[127.04094477791813,37.523678451984864],[127.04085823077679,37.52366776518365],[127.04080439397462,37.523661116371166],[127.040554983907,37.52363032202036],[127.0405289531949,37.52362710947719],[127.04040130818434,37.52361138264],[127.04008861597518,37.52357273867037],[127.0401324517804,37.52369665524015],[127.04013245606177,37.52369665577032],[127.04037536990934,37.52372673528906],[127.04037885433065,37.52372716666161],[127.04058032289107,37.52375197005644],[127.04083249678114,37.523783063807166],[127.04100296222349,37.5238041823479],[127.04118751362088,37.52382691787155]]]}},{"type":"Feature","id":687,"properties":{"model_ref_id":687,"source_type":"MODEL_REFERENCE","model_use":"역세권활성화 간선가로형","reference_name":"노선형 상업지역 판정용 참조도형"},"geometry":{"type":"Polygon","coordinates":[[[127.03558115607618,37.571592298448394],[127.03560782975771,37.57160313889637],[127.03563977926976,37.571616023106955],[127.03573407480623,37.57164945944075],[127.035837798959,37.57168129834503],[127.03598305653172,37.571716945732675],[127.03603197408127,37.57172942866977],[127.03619697449159,37.57176786331414],[127.03621201970277,37.57177110261687],[127.03624617369658,37.57177718364243],[127.03634736819441,37.57179605770356],[127.03643662971386,37.57181013282915],[127.03647911392068,37.57181382383285],[127.03651381009207,37.571817210696366],[127.0365349384169,37.57172927803833],[127.03656001082837,37.571627054707875],[127.03652471371869,37.57159387348723],[127.03646958575817,37.57158744802458],[127.03639784895846,37.571579800071646],[127.03637587784745,37.571577743933425],[127.03636490743473,37.57157640366884],[127.03627342554695,37.57155777916288],[127.03620654386073,37.571545238304765],[127.0361377379037,37.57153277903639],[127.03607570194293,37.571522273862044],[127.03596050546601,37.571503177326186],[127.03579810901401,37.57146417400939],[127.03577509300364,37.57145659503984],[127.03568069635853,37.57142440211847],[127.03563427910456,37.571408278384375],[127.03563427559298,37.57140827730689],[127.0355795324846,37.571424941800544],[127.03550724552315,37.571554865045194],[127.03550540515086,37.5715657403837],[127.03558115607618,37.571592298448394]]]}},{"type":"Feature","id":688,"properties":{"model_ref_id":688,"source_type":"MODEL_REFERENCE","model_use":"역세권활성화 간선가로형","reference_name":"노선형 상업지역 판정용 참조도형"},"geometry":{"type":"Polygon","coordinates":[[[127.0374372436324,37.57165102118528],[127.03743365632867,37.5717231272372],[127.03748192443933,37.571701327462655],[127.03753358810125,37.57165432625743],[127.03754529832682,37.57164197047872],[127.03743725676445,37.57165102163635],[127.0374372436324,37.57165102118528]]]}},{"type":"Feature","id":689,"properties":{"model_ref_id":689,"source_type":"MODEL_REFERENCE","model_use":"역세권활성화 간선가로형","reference_name":"노선형 상업지역 판정용 참조도형"},"geometry":{"type":"Polygon","coordinates":[[[127.03504011600663,37.57175577227047],[127.03504010418283,37.57175576703538],[127.03495638039739,37.57172011988878],[127.03492658194926,37.571707856588965],[127.03488778238204,37.571690802494814],[127.03480300590415,37.57165488522891],[127.03479713122711,37.57165237279657],[127.03480300816884,37.57165488703027],[127.03488778464676,37.57169080429617],[127.03489920827141,37.571695828684106],[127.034926584214,37.5717078583903],[127.03494697441249,37.571716250017865],[127.0349563713425,37.57172012169318],[127.03504011600663,37.57175577227047]]]}},{"type":"Feature","id":690,"properties":{"model_ref_id":690,"source_type":"MODEL_REFERENCE","model_use":"역세권활성화 간선가로형","reference_name":"노선형 상업지역 판정용 참조도형"},"geometry":{"type":"Polygon","coordinates":[[[127.036835462436,37.57185363579218],[127.03697349689625,37.57185993910029],[127.03712538778422,37.57181913499892],[127.03723924898783,37.57178797320319],[127.0372448207283,37.571658146750735],[127.03724537520033,37.57164448130754],[127.03724537744448,37.57164443805983],[127.03724053255743,37.571644224129116],[127.03723570804526,37.5716440092913],[127.0371385295839,37.57163972891015],[127.03699020621895,37.57163390717431],[127.03695657518693,37.5716327996249],[127.0369552801796,37.57163269998811],[127.03685371040955,37.57162488248425],[127.03671744146293,37.57161683063037],[127.0366716841278,37.57161150896935],[127.03667168193988,37.57161150870682],[127.03662088311701,37.57164221892768],[127.03658384909338,37.571827173679225],[127.0366163944534,37.57183035389817],[127.03674997315399,37.571846055958986],[127.03675914282609,37.57184776520296],[127.03682803618406,37.57185236753551],[127.036835462436,37.57185363579218]]]}},{"type":"Feature","id":691,"properties":{"model_ref_id":691,"source_type":"MODEL_REFERENCE","model_use":"역세권활성화 간선가로형","reference_name":"노선형 상업지역 판정용 참조도형"},"geometry":{"type":"Polygon","coordinates":[[[127.03504818929768,37.571759346791936],[127.03507703804502,37.571772120622896],[127.0350785319271,37.57177272517833],[127.0350770357803,37.57177211882155],[127.03504818929768,37.571759346791936]]]}},{"type":"Feature","id":692,"properties":{"model_ref_id":692,"source_type":"MODEL_REFERENCE","model_use":"역세권활성화 간선가로형","reference_name":"노선형 상업지역 판정용 참조도형"},"geometry":{"type":"Polygon","coordinates":[[[127.0350929448743,37.57177856732424],[127.03511711681865,37.57178918331684],[127.0351196868558,37.5717903088439],[127.0352406589693,37.57184127229639],[127.03526649394392,37.57185247472288],[127.03524064538074,37.57184126058736],[127.03511969591074,37.571790307039485],[127.03509294260958,37.571778565522905],[127.0350907172853,37.57177766364624],[127.0350929448743,37.57177856732424]]]}},{"type":"Feature","id":693,"properties":{"model_ref_id":693,"source_type":"MODEL_REFERENCE","model_use":"역세권활성화 간선가로형","reference_name":"노선형 상업지역 판정용 참조도형"},"geometry":{"type":"Polygon","coordinates":[[[127.03529794950525,37.57186612138521],[127.03529911315871,37.57186662704248],[127.03529962819428,37.571866835195515],[127.03529911089399,37.571866625241135],[127.03529794950525,37.57186612138521]]]}},{"type":"Feature","id":694,"properties":{"model_ref_id":694,"source_type":"MODEL_REFERENCE","model_use":"역세권활성화 간선가로형","reference_name":"노선형 상업지역 판정용 참조도형"},"geometry":{"type":"Polygon","coordinates":[[[127.03534290918603,37.571884401447036],[127.03534998119564,37.57188727261005],[127.0353612532472,37.57189179147933],[127.03534997893091,37.5718872708087],[127.03534290918603,37.571884401447036]]]}},{"type":"Feature","id":695,"properties":{"model_ref_id":695,"source_type":"MODEL_REFERENCE","model_use":"역세권활성화 간선가로형","reference_name":"노선형 상업지역 판정용 참조도형"},"geometry":{"type":"Polygon","coordinates":[[[127.03546862936183,37.5719348460753],[127.03546500504494,37.57193339283555],[127.03546863162654,37.57193484787663],[127.0354730439573,37.571936550314014],[127.03546862936183,37.5719348460753]]]}},{"type":"Feature","id":696,"properties":{"model_ref_id":696,"source_type":"MODEL_REFERENCE","model_use":"역세권활성화 간선가로형","reference_name":"노선형 상업지역 판정용 참조도형"},"geometry":{"type":"Polygon","coordinates":[[[127.03558964031248,37.57197996261359],[127.03558966532319,37.57197997129613],[127.03556871121792,37.57197208308648],[127.03548535127773,37.57194130150954],[127.035479598926,37.57193908083566],[127.03548535354247,37.57194130331085],[127.03556871348263,37.571972084887825],[127.03558963336013,37.57197995999639],[127.03558964031248,37.57197996261359]]]}},{"type":"Feature","id":697,"properties":{"model_ref_id":697,"source_type":"MODEL_REFERENCE","model_use":"역세권활성화 간선가로형","reference_name":"노선형 상업지역 판정용 참조도형"},"geometry":{"type":"Polygon","coordinates":[[[127.035759568744,37.572037443314954],[127.03577409368837,37.57204160181737],[127.03578139553943,37.57204313145906],[127.0358103211712,37.572052026019534],[127.03585784687682,37.572065157219114],[127.03592387185591,37.572084933383486],[127.03593166865109,37.57208707103966],[127.03593170019013,37.57208707968741],[127.03593190798496,37.57208713563756],[127.03592386959116,37.57208493158214],[127.03585784461204,37.572065155417775],[127.03581031890606,37.57205202331724],[127.03578139327469,37.572043129657715],[127.03577409142363,37.572041600016064],[127.03575956647927,37.572037441513636],[127.03570142506463,37.57201861617293],[127.03570145721861,37.57201862722182],[127.03570149859863,37.57201864061974],[127.035759568744,37.572037443314954]]]}},{"type":"Feature","id":698,"properties":{"model_ref_id":698,"source_type":"MODEL_REFERENCE","model_use":"역세권활성화 간선가로형","reference_name":"노선형 상업지역 판정용 참조도형"},"geometry":{"type":"Polygon","coordinates":[[[127.0367074458594,37.572235975372266],[127.03677715179487,37.57224302279222],[127.03699997754569,37.57226271650304],[127.03711798571129,37.57226348437217],[127.03723855656835,37.57226395035041],[127.03723866551695,37.57226394865761],[127.03711798344655,37.57226348257086],[127.0369999752809,37.57226271470174],[127.0367771495297,37.572243020089914],[127.03670739220055,37.572235967563394],[127.0367074458594,37.572235975372266]]]}},{"type":"Feature","id":699,"properties":{"model_ref_id":699,"source_type":"MODEL_REFERENCE","model_use":"역세권활성화 간선가로형","reference_name":"노선형 상업지역 판정용 참조도형"},"geometry":{"type":"Polygon","coordinates":[[[127.03852471335136,37.57845892551042],[127.03864734390626,37.57847040310228],[127.03868193241112,37.57847872762396],[127.0388215637635,37.57850789513326],[127.03889783062452,37.5785246744257],[127.03889049799282,37.578397285322076],[127.03869190690125,37.57836449756195],[127.03864500351797,37.57835882764999],[127.03864193708188,37.578358458060954],[127.03864179110556,37.578358583341085],[127.03852471335136,37.57845892551042]]]}},{"type":"Feature","id":700,"properties":{"model_ref_id":700,"source_type":"MODEL_REFERENCE","model_use":"역세권활성화 간선가로형","reference_name":"노선형 상업지역 판정용 참조도형"},"geometry":{"type":"Polygon","coordinates":[[[127.03957453561898,37.57858179618739],[127.03955864449195,37.5785768212601],[127.03951024601967,37.57856167917947],[127.03939797294332,37.57852562058141],[127.03921220740239,37.578468231208845],[127.03919936773188,37.57846394648094],[127.03908224155172,37.57843442116788],[127.03906995756013,37.57843211841055],[127.03901659848367,37.5784218184707],[127.03898412758765,37.578414872801524],[127.0389841166297,37.57841487074316],[127.03899099928852,37.57854517216687],[127.03901213407269,37.57854982195164],[127.03922022932642,37.578594834352344],[127.03929534703612,37.578607848477056],[127.03940475649371,37.578644800023724],[127.03954294532386,37.578688436849305],[127.03988922091057,37.5787972210287],[127.03993737154977,37.5786989595442],[127.03988594749028,37.57868290640138],[127.03969870808606,37.57862263512248],[127.03961605416468,37.57859580256834],[127.03958567007685,37.57858554990712],[127.03957453561898,37.57858179618739]]]}},{"type":"Feature","id":701,"properties":{"model_ref_id":701,"source_type":"MODEL_REFERENCE","model_use":"역세권활성화 간선가로형","reference_name":"노선형 상업지역 판정용 참조도형"},"geometry":{"type":"Polygon","coordinates":[[[127.04103701731516,37.57913823218],[127.04100413311897,37.57908062273782],[127.04097101347159,37.57902195723398],[127.04097074047074,37.57902147630418],[127.04093802787503,37.579011258487036],[127.04090081312934,37.57899963987239],[127.04085028074957,37.578983753785096],[127.04076377689461,37.57895676109296],[127.0406681020007,37.57892712238192],[127.04058458738889,37.578901020574804],[127.04052276633584,37.57888154407986],[127.0404868969854,37.57887024712382],[127.04041034803714,37.57884624226496],[127.04040496866938,37.578844612800395],[127.04038892379357,37.578839771004446],[127.04034491400384,37.578826156356534],[127.0403423863126,37.57882537545689],[127.04032812231277,37.57882096876888],[127.0402854088808,37.57880782986264],[127.04022591484059,37.578789538813325],[127.04009791508804,37.57875031438817],[127.04009790145837,37.57875031008691],[127.04005086246562,37.57884634762975],[127.04014195826184,37.57887368965456],[127.04030878313219,37.57892535331315],[127.04036087645122,37.57894117607043],[127.04045748154624,37.578972562635116],[127.04083472640215,37.57909411970175],[127.04086764282528,37.57910584891753],[127.04095428493866,37.57930278501092],[127.04096022494994,37.57929125873987],[127.04096494107192,37.57928212129676],[127.04097056161899,37.57927055091924],[127.04101432913792,37.579184295127696],[127.04103711345923,37.57913840155083],[127.04103701731516,37.57913823218]]]}},{"type":"Feature","id":702,"properties":{"model_ref_id":702,"source_type":"MODEL_REFERENCE","model_use":"역세권활성화 간선가로형","reference_name":"노선형 상업지역 판정용 참조도형"},"geometry":{"type":"Polygon","coordinates":[[[127.04198771330806,37.50511723725008],[127.04193894734682,37.50512611767019],[127.04198771285668,37.5051172382108],[127.04198771330806,37.50511723725008]]]}},{"type":"Feature","id":703,"properties":{"model_ref_id":703,"source_type":"MODEL_REFERENCE","model_use":"역세권활성화 간선가로형","reference_name":"노선형 상업지역 판정용 참조도형"},"geometry":{"type":"Polygon","coordinates":[[[127.04171152317902,37.50567488075531],[127.04177602262541,37.50554253114716],[127.04184965263735,37.505402520081766],[127.04184991363235,37.50540202445121],[127.04192528234111,37.50525026384733],[127.0419537498005,37.50518952770902],[127.04195920919024,37.50517790506916],[127.04178762248435,37.505209133815455],[127.0417156031476,37.50536252402893],[127.04169317823283,37.50541026584753],[127.0416718532991,37.50545564624746],[127.04167117240681,37.50545709752404],[127.0416493450873,37.50550362280093],[127.04163059277147,37.50554345270941],[127.04158596513666,37.5056338366281],[127.04153760569648,37.505722960358185],[127.04150483598784,37.50577802155185],[127.0414854001663,37.50581073383329],[127.04145567932677,37.505856694917505],[127.04142957463648,37.5058969767768],[127.04137013027504,37.50598177928237],[127.0413530630412,37.50600430958035],[127.04146098910793,37.506071087225955],[127.04146100520963,37.5060710658415],[127.04146924211025,37.50606013324716],[127.04148755147087,37.50603607084452],[127.0415491440916,37.505948114113814],[127.04156392430788,37.5059253304539],[127.04157626581767,37.505906299311874],[127.04160711668868,37.50585862684792],[127.04163866817477,37.505805504055246],[127.04165186414679,37.50578328942644],[127.0416611311595,37.505767699261675],[127.04170709513983,37.50568303616883],[127.04171152317902,37.50567488075531]]]}},{"type":"Feature","id":704,"properties":{"model_ref_id":704,"source_type":"MODEL_REFERENCE","model_use":"역세권활성화 간선가로형","reference_name":"노선형 상업지역 판정용 참조도형"},"geometry":{"type":"Polygon","coordinates":[[[127.04165964174946,37.50946472377593],[127.0416799755371,37.50947069723188],[127.04168216377978,37.509471339586845],[127.04168222033961,37.50947135668717],[127.04168425529913,37.50947195423629],[127.04211475495434,37.509598258916405],[127.04211856813023,37.50959937714144],[127.04217456119494,37.50961580437164],[127.04217866856817,37.50961700943619],[127.04239300779557,37.50967989038289],[127.04239300784931,37.50967989039868],[127.04243986738386,37.509578450088036],[127.04216495376552,37.50949779499797],[127.04204697024079,37.50946315491791],[127.04187135829562,37.50941169417766],[127.04166190504834,37.509359605444075],[127.04165856924637,37.50935877672305],[127.04144880157983,37.50929728948801],[127.0411245581989,37.50920209677187],[127.04084602676882,37.50912039438149],[127.04084589733935,37.50912035649686],[127.04080265987864,37.50921326039863],[127.04150670472488,37.509419823294174],[127.04161552528187,37.50945177294712],[127.04165964174946,37.50946472377593]]]}},{"type":"Feature","id":705,"properties":{"model_ref_id":705,"source_type":"MODEL_REFERENCE","model_use":"역세권활성화 간선가로형","reference_name":"노선형 상업지역 판정용 참조도형"},"geometry":{"type":"Polygon","coordinates":[[[127.04225707956377,37.50997604670804],[127.04225707682515,37.50997604590442],[127.04206363012109,37.509919275534806],[127.04197918218726,37.50989448627019],[127.0419767415241,37.509893771057925],[127.04196803693945,37.509891219618915],[127.04195665255838,37.509887884303836],[127.04195637697609,37.509887803428555],[127.04194510301669,37.50988450038672],[127.04180211952699,37.50984256126855],[127.04177021974965,37.50983320143819],[127.04157327839647,37.50977542320227],[127.04150687719027,37.509755892464526],[127.04145890207647,37.50974181839912],[127.0414525696479,37.50973996081552],[127.04142225250177,37.50973107069302],[127.0414166496937,37.509729423702076],[127.04139036416632,37.50972178283537],[127.04125481206236,37.50968194174886],[127.04125281958989,37.50968135606154],[127.04111746338221,37.50964164444896],[127.04098494476932,37.50960280290886],[127.04085029512633,37.50956326045089],[127.04069121437445,37.509516587679315],[127.04054683538138,37.50947428148017],[127.04051572772153,37.50946510125684],[127.04011142631077,37.50934648477902],[127.04006089577533,37.50936676648962],[127.04003728025,37.50943032150426],[127.04006850952054,37.509439473989225],[127.04028895489155,37.50950417774191],[127.04050438950752,37.509567466315794],[127.04071984700367,37.50963054816206],[127.04094199030654,37.509695789845175],[127.04116464297071,37.50976105797502],[127.04134739882822,37.50981476992064],[127.04137932112405,37.509824048768834],[127.04153032456436,37.509868409448444],[127.04172706250255,37.50992610763353],[127.04175894195136,37.509935459373146],[127.04190191202136,37.50997739764632],[127.04202053090349,37.510012244886035],[127.04221468932667,37.51006919528717],[127.04221471400217,37.51006920252717],[127.04225707956377,37.50997604670804]]]}},{"type":"Feature","id":706,"properties":{"model_ref_id":706,"source_type":"MODEL_REFERENCE","model_use":"역세권활성화 간선가로형","reference_name":"노선형 상업지역 판정용 참조도형"},"geometry":{"type":"Polygon","coordinates":[[[127.04247783522412,37.509704756441],[127.04276900612022,37.50979016280277],[127.0429598399316,37.50984614003061],[127.04300685426321,37.50974467840348],[127.04300685009959,37.509744677181665],[127.04281602669073,37.50968870002524],[127.04252477697085,37.509603307319],[127.0425247628557,37.50960330318681],[127.04247783522412,37.509704756441]]]}},{"type":"Feature","id":707,"properties":{"model_ref_id":707,"source_type":"MODEL_REFERENCE","model_use":"역세권활성화 간선가로형","reference_name":"노선형 상업지역 판정용 참조도형"},"geometry":{"type":"Polygon","coordinates":[[[127.0430599005209,37.50976024496139],[127.04301289336922,37.50986170921282],[127.0433378885868,37.509957103705624],[127.04338541391758,37.509855830182396],[127.0430599005209,37.50976024496139]]]}},{"type":"Feature","id":708,"properties":{"model_ref_id":708,"source_type":"MODEL_REFERENCE","model_use":"역세권활성화 간선가로형","reference_name":"노선형 상업지역 판정용 참조도형"},"geometry":{"type":"Polygon","coordinates":[[[127.04342795766527,37.509868227015595],[127.0433804219235,37.5099695228467],[127.04355236549536,37.51002000952758],[127.04369863082366,37.51006293648504],[127.04376907867993,37.51003480133275],[127.04379972290165,37.51002253730081],[127.0438492664104,37.5098939629916],[127.04370026510247,37.50994815072121],[127.04359830938886,37.50991826300035],[127.04342795766527,37.509868227015595]]]}},{"type":"Feature","id":709,"properties":{"model_ref_id":709,"source_type":"MODEL_REFERENCE","model_use":"역세권활성화 간선가로형","reference_name":"노선형 상업지역 판정용 참조도형"},"geometry":{"type":"Polygon","coordinates":[[[127.04250697089556,37.51004937532195],[127.04240321689049,37.51001892945831],[127.04234203285743,37.51000097588912],[127.04229965734774,37.510094125470324],[127.0424647420295,37.5101425607798],[127.04265881177561,37.51019951047925],[127.04283494701362,37.510251175585665],[127.04287720239908,37.510158027284284],[127.0428538098837,37.5101511608702],[127.04270108568315,37.51010634295764],[127.04250697089556,37.51004937532195]]]}},{"type":"Feature","id":710,"properties":{"model_ref_id":710,"source_type":"MODEL_REFERENCE","model_use":"역세권활성화 간선가로형","reference_name":"노선형 상업지역 판정용 참조도형"},"geometry":{"type":"Polygon","coordinates":[[[127.04420405742498,37.510211242743424],[127.04424658881825,37.51022371833509],[127.04425634101842,37.51022657917907],[127.04440349061785,37.510269739210955],[127.0445171088626,37.51030308104],[127.0445189431174,37.510303619311024],[127.04452033283071,37.51030402684808],[127.04455371828473,37.51031382399871],[127.04499988190352,37.51044471197681],[127.04502905338724,37.51045326634364],[127.04567249386638,37.51064202717388],[127.04572331969818,37.51053208929268],[127.04572331654111,37.51053208836646],[127.04485594094423,37.510277697821685],[127.0444532064778,37.51015953074078],[127.04425588777728,37.51010165710316],[127.04421394354178,37.510089337181114],[127.04410636504107,37.509994060560814],[127.04407081492948,37.51008695197038],[127.04406409038016,37.5101045259503],[127.04409787373166,37.51015817345281],[127.04411480353268,37.51018505681354],[127.04414129797475,37.510192830580294],[127.04414129797861,37.51019283058142],[127.04420405742498,37.510211242743424]]]}},{"type":"Feature","id":711,"properties":{"model_ref_id":711,"source_type":"MODEL_REFERENCE","model_use":"역세권활성화 간선가로형","reference_name":"노선형 상업지역 판정용 참조도형"},"geometry":{"type":"Polygon","coordinates":[[[127.04334743574735,37.51029601676971],[127.04312963530917,37.51023207278639],[127.04310820228082,37.51022578411352],[127.04309371654475,37.510221564193316],[127.04308050400459,37.510217658377286],[127.04292663138179,37.510172527464086],[127.04288472657215,37.51026584646517],[127.04305114893407,37.510314623834255],[127.04305118060779,37.510314632833406],[127.0433042428459,37.51038888750607],[127.04345404262529,37.5104327776177],[127.04354491204734,37.51045960499636],[127.04359511663891,37.510550962936115],[127.04360206872937,37.51053238535343],[127.04361179330213,37.51052805726286],[127.04361182683411,37.51052804245474],[127.04363165776644,37.51047471147897],[127.04359864027411,37.51046706477473],[127.04361174097338,37.51043138108166],[127.0436030243493,37.51041723853628],[127.04361080698986,37.51039903666021],[127.04359092241712,37.51036746099227],[127.04349719694041,37.51033996089989],[127.04334743574735,37.51029601676971]]]}},{"type":"Feature","id":712,"properties":{"model_ref_id":712,"source_type":"MODEL_REFERENCE","model_use":"역세권활성화 간선가로형","reference_name":"노선형 상업지역 판정용 참조도형"},"geometry":{"type":"Polygon","coordinates":[[[127.04514926484946,37.510824575469634],[127.04511679861551,37.51081503654865],[127.04491678725347,37.51075636562427],[127.04491557144769,37.510756009318214],[127.04491337018763,37.510755365114036],[127.0449133034452,37.5107553453159],[127.04490881276317,37.51075402848964],[127.04470921812725,37.51069552960356],[127.04452709123892,37.51064207492383],[127.04447080619151,37.51062554089801],[127.04402135229613,37.510493695277056],[127.04392652716092,37.510528606460504],[127.04392291309284,37.51053823028176],[127.04391316229015,37.51053590910277],[127.04386151899914,37.51067355153616],[127.044040508734,37.510624134931234],[127.04413186603063,37.51065088059904],[127.04430406053406,37.510701429161536],[127.04447624506523,37.51075193242657],[127.04465841747597,37.510805477266565],[127.04490773855312,37.5108785495191],[127.04509846362542,37.51093452331954],[127.04542317080936,37.511029678802885],[127.04542317339471,37.511029679560664],[127.04549993551024,37.51092744682503],[127.0452758780005,37.51086170976513],[127.04514926484946,37.510824575469634]]]}},{"type":"Feature","id":713,"properties":{"model_ref_id":713,"source_type":"MODEL_REFERENCE","model_use":"역세권활성화 간선가로형","reference_name":"노선형 상업지역 판정용 참조도형"},"geometry":{"type":"Polygon","coordinates":[[[127.04607606712779,37.51063558319872],[127.04580828292809,37.51055701504818],[127.04580827625917,37.51055701309171],[127.04575744891552,37.51066695418821],[127.04602532393285,37.5107455134095],[127.04603154573616,37.51074740322346],[127.04620367853174,37.51079789280195],[127.04637227270388,37.51084728857412],[127.04654704837596,37.51089858073967],[127.04672171113016,37.51094978258889],[127.04693936348076,37.51101367666912],[127.04714253175644,37.51107324199622],[127.04731402786443,37.51112354316069],[127.04733734582145,37.5111304013687],[127.04733863125126,37.51113077879385],[127.04734581577192,37.511132892523854],[127.04749310380318,37.51117609344046],[127.04758937145509,37.51107946235929],[127.04758936828566,37.511079461430874],[127.04754393648918,37.5110661538211],[127.04739662741366,37.51102295722289],[127.04736480335737,37.511013615094726],[127.04719334704122,37.510963293265355],[127.04699002406369,37.51090371636913],[127.04698998220772,37.51090370377085],[127.04677254505073,37.510839843039555],[127.0465978700766,37.51078864126897],[127.04642309575725,37.510737349177106],[127.04624952988075,37.51068649786909],[127.04607606712779,37.51063558319872]]]}},{"type":"Feature","id":714,"properties":{"model_ref_id":714,"source_type":"MODEL_REFERENCE","model_use":"역세권활성화 간선가로형","reference_name":"노선형 상업지역 판정용 참조도형"},"geometry":{"type":"Polygon","coordinates":[[[127.04792142799504,37.511301725192595],[127.04792525157119,37.51130284719162],[127.0480306069041,37.51133375638813],[127.04803952910383,37.51133637106183],[127.04810058256149,37.51135425945998],[127.04824278060296,37.51139600203556],[127.0482427943138,37.51139600605844],[127.04827376456629,37.51138473681442],[127.04831699477349,37.51129296955574],[127.04829349836373,37.51128607089496],[127.04815230841753,37.51124458027167],[127.04806116280933,37.51121796377402],[127.04796391071662,37.51118941240084],[127.04786666890428,37.51116090599299],[127.04776939322367,37.51113238149798],[127.04765634577213,37.511099133586505],[127.04765631803755,37.511099125430235],[127.04756007314418,37.511195710049016],[127.04776213814029,37.511254992661456],[127.04781337019269,37.511270018030615],[127.0479106460794,37.51129856050839],[127.04792142799504,37.511301725192595]]]}},{"type":"Feature","id":715,"properties":{"model_ref_id":715,"source_type":"MODEL_REFERENCE","model_use":"역세권활성화 간선가로형","reference_name":"노선형 상업지역 판정용 참조도형"},"geometry":{"type":"Polygon","coordinates":[[[127.04724588451394,37.51156451993489],[127.04729669211363,37.51145457323859],[127.04713209582818,37.51140625165369],[127.0470277485388,37.51137563585709],[127.04696648052288,37.51135766262408],[127.04673016510276,37.51128837136674],[127.0466120986007,37.51125371696739],[127.04657507084157,37.51124285207184],[127.04648758302419,37.51121719166473],[127.0464440576349,37.51120442539831],[127.0463890962357,37.51118830698397],[127.04620402576907,37.511134045084056],[127.04613520131994,37.51111382497725],[127.04606871366262,37.51109431831422],[127.046031738494,37.511083472299234],[127.04587257378054,37.51103677777029],[127.04574757251375,37.5110001437435],[127.04558637191428,37.51095281076258],[127.04558637135949,37.51095281059978],[127.04550957292824,37.51105508224954],[127.04553531104786,37.511062658881464],[127.04569788175273,37.51111035273316],[127.04582292163465,37.51114698679779],[127.04600792964527,37.51120124030746],[127.04615430052252,37.511244244364775],[127.04615433446018,37.511244255164264],[127.04633983619644,37.511298697180756],[127.0465257216322,37.51135314687302],[127.04668085908524,37.511398689641545],[127.04691646326408,37.51146778844858],[127.04708214550342,37.51151636220558],[127.0472458608081,37.51156451300081],[127.04724588451394,37.51156451993489]]]}},{"type":"Feature","id":716,"properties":{"model_ref_id":716,"source_type":"MODEL_REFERENCE","model_use":"역세권활성화 간선가로형","reference_name":"노선형 상업지역 판정용 참조도형"},"geometry":{"type":"Polygon","coordinates":[[[127.04833022624491,37.511421654851084],[127.0483342534961,37.51142283450422],[127.04834547437318,37.5114261287238],[127.0483490035051,37.51142716523305],[127.04852801704945,37.51147967765559],[127.04852945207483,37.51148009756791],[127.04863046046377,37.51150965703352],[127.04879177728473,37.51155698671145],[127.04895309430924,37.511604316168565],[127.04911441153726,37.51165164540488],[127.04927572896878,37.51169897442043],[127.04949032899576,37.511761959491885],[127.04955569491297,37.511747337738505],[127.04962584779446,37.5116769279135],[127.04962584329232,37.51167692659278],[127.04954093206271,37.5116520188582],[127.0493272033241,37.511589204724004],[127.04916613611374,37.5115419648781],[127.04900477271671,37.511494636630424],[127.0486820940473,37.51139999567177],[127.04852070983056,37.51135276497751],[127.048381170154,37.51131180557671],[127.04835941273925,37.51130541948768],[127.04831618642426,37.51139715421779],[127.04833022562507,37.51142165466939],[127.04833022624491,37.511421654851084]]]}},{"type":"Feature","id":717,"properties":{"model_ref_id":717,"source_type":"MODEL_REFERENCE","model_use":"역세권활성화 간선가로형","reference_name":"노선형 상업지역 판정용 참조도형"},"geometry":{"type":"Polygon","coordinates":[[[127.04919581488568,37.51201157893644],[127.04914931511397,37.51199794422534],[127.04912499571853,37.51199081068892],[127.0489389332003,37.511936246214034],[127.04887867092474,37.51191854715185],[127.0488777670485,37.51191828351273],[127.04887302541616,37.511916890786196],[127.04861216110997,37.51184036942893],[127.04861014389714,37.51183977843205],[127.04860894402441,37.51183942613816],[127.04860553967714,37.511838428723976],[127.04855306063446,37.511823051045596],[127.04842543220417,37.511785600969596],[127.04840460187306,37.51177948784696],[127.04836377624483,37.511767508081554],[127.04829422913727,37.511747106977175],[127.04816651049188,37.511709674675274],[127.04807166861887,37.51168182788172],[127.04790096424526,37.511631758320014],[127.04789359569212,37.51162959956491],[127.04778731464951,37.51159845662676],[127.04757384778429,37.5115358284281],[127.04740444652151,37.51148612811259],[127.04736038040707,37.511473201722005],[127.04730957265127,37.511583148957975],[127.04752303943428,37.51164573946765],[127.04773584928913,37.51170813555017],[127.04792388616735,37.5117632678771],[127.0481162561055,37.51181979478442],[127.04830866014554,37.51187612314713],[127.04850305557835,37.5119331802309],[127.04869568764653,37.511989679062246],[127.04888851007783,37.512046267603964],[127.04909441133299,37.51210667092705],[127.04909441569767,37.512106672207466],[127.04923780193212,37.512023892290884],[127.04923297181462,37.512022475460576],[127.04919581488568,37.51201157893644]]]}},{"type":"Feature","id":718,"properties":{"model_ref_id":718,"source_type":"MODEL_REFERENCE","model_use":"역세권활성화 간선가로형","reference_name":"노선형 상업지역 판정용 참조도형"},"geometry":{"type":"Polygon","coordinates":[[[127.0497598838408,37.511716247278784],[127.04969969646287,37.51177665320146],[127.04971805185738,37.51182872277321],[127.04971805311897,37.51182872314308],[127.05001568757922,37.51191600113288],[127.05011120806722,37.51181910845371],[127.05011120222187,37.51181910673641],[127.04976944667227,37.511719052397304],[127.04975991013868,37.51171625499324],[127.0497598838408,37.511716247278784]]]}},{"type":"Feature","id":719,"properties":{"model_ref_id":719,"source_type":"MODEL_REFERENCE","model_use":"역세권활성화 간선가로형","reference_name":"노선형 상업지역 판정용 참조도형"},"geometry":{"type":"Polygon","coordinates":[[[127.05002948177184,37.51192006804826],[127.05003042269473,37.51192034402707],[127.05001568757922,37.51191600113288],[127.05002948177184,37.51192006804826]]]}},{"type":"Feature","id":720,"properties":{"model_ref_id":720,"source_type":"MODEL_REFERENCE","model_use":"역세권활성화 간선가로형","reference_name":"노선형 상업지역 판정용 참조도형"},"geometry":{"type":"Polygon","coordinates":[[[127.05028394534001,37.51186985448099],[127.05015580299124,37.511832208664416],[127.05006029465963,37.5119291021627],[127.05023311700413,37.51197979461763],[127.05040122345284,37.5120291015575],[127.05049744079854,37.511932538602906],[127.05049743920635,37.51193253813373],[127.05045205157488,37.511919160448606],[127.05032386885547,37.511881566686675],[127.05028394534001,37.51186985448099]]]}},{"type":"Feature","id":721,"properties":{"model_ref_id":721,"source_type":"MODEL_REFERENCE","model_use":"역세권활성화 간선가로형","reference_name":"노선형 상업지역 판정용 참조도형"},"geometry":{"type":"Polygon","coordinates":[[[127.05048572107789,37.512053920066755],[127.05055654680605,37.5120747193438],[127.05068552298178,37.512112526967385],[127.05070423099704,37.51211801699701],[127.05070471894597,37.512118160087155],[127.05086221637585,37.512164334536706],[127.05111251450424,37.512237744805375],[127.05112297531836,37.51224081252447],[127.05119927254916,37.512164197595],[127.05121922176717,37.51214417511343],[127.05120861156057,37.51214106628849],[127.05117380339983,37.51213087136628],[127.05101574082659,37.51208457886158],[127.05097288824479,37.51207202835664],[127.05084493125014,37.51203449002995],[127.050799916853,37.512021282614704],[127.05057567547162,37.511955513441414],[127.05056450296986,37.51195223633751],[127.05055647426602,37.51196029370844],[127.05046830799085,37.512048806052725],[127.05046830886553,37.51204880630966],[127.05048572107789,37.512053920066755]]]}},{"type":"Feature","id":722,"properties":{"model_ref_id":722,"source_type":"MODEL_REFERENCE","model_use":"역세권활성화 간선가로형","reference_name":"노선형 상업지역 판정용 참조도형"},"geometry":{"type":"Polygon","coordinates":[[[127.04934073758496,37.512054086600585],[127.04931449730609,37.51204638950082],[127.0491710928803,37.51212916608252],[127.04917112239025,37.51212917473948],[127.04918698272671,37.51213382756079],[127.04926345625502,37.512156231396126],[127.04935758892462,37.51218385489846],[127.0496346590426,37.512265115186274],[127.0500041433502,37.512373456095396],[127.05016017131376,37.51240967782395],[127.05020708299018,37.51230821595483],[127.04971814817387,37.512164792185395],[127.04967916226515,37.51215335654708],[127.04954215694244,37.51211317183611],[127.04940942554843,37.51207427424103],[127.04934073758496,37.512054086600585]]]}},{"type":"Feature","id":723,"properties":{"model_ref_id":723,"source_type":"MODEL_REFERENCE","model_use":"역세권활성화 간선가로형","reference_name":"노선형 상업지역 판정용 참조도형"},"geometry":{"type":"Polygon","coordinates":[[[127.05020770519779,37.51230839847112],[127.05027077378446,37.5123269308071],[127.05020770519766,37.512308398471085],[127.05020770519779,37.51230839847112]]]}},{"type":"Feature","id":724,"properties":{"model_ref_id":724,"source_type":"MODEL_REFERENCE","model_use":"역세권활성화 간선가로형","reference_name":"노선형 상업지역 판정용 참조도형"},"geometry":{"type":"Polygon","coordinates":[[[127.05229863288152,37.5124608914714],[127.05128591182022,37.51216416223918],[127.05118994655868,37.51226042707052],[127.05244579789996,37.51262877933724],[127.05250528795472,37.51264622754069],[127.05256291632777,37.5125383263633],[127.05256291344482,37.512538325519266],[127.05255656579973,37.51253646583534],[127.05230280958048,37.51246211507515],[127.05229863288152,37.5124608914714]]]}},{"type":"Feature","id":725,"properties":{"model_ref_id":725,"source_type":"MODEL_REFERENCE","model_use":"역세권활성화 간선가로형","reference_name":"노선형 상업지역 판정용 참조도형"},"geometry":{"type":"Polygon","coordinates":[[[127.05050479247389,37.512395546455856],[127.05050389488287,37.51239528206121],[127.05050231158735,37.51239481765129],[127.05043277215053,37.51237443816226],[127.05027077378446,37.5123269308071],[127.05022386209622,37.51242839288797],[127.05038546721644,37.51247582745269],[127.05054719439534,37.512523136540665],[127.05070891060502,37.512570661648695],[127.05087130108728,37.512618238969466],[127.05091819124357,37.512516803990216],[127.0508311189034,37.51249126391229],[127.05082386556629,37.51248913872916],[127.05075699576857,37.51246954221215],[127.0506857366304,37.51244862297336],[127.05067680968412,37.512446001697576],[127.05055675985896,37.512410788322896],[127.05051365235686,37.51239814410858],[127.05050479247389,37.512395546455856]]]}},{"type":"Feature","id":726,"properties":{"model_ref_id":726,"source_type":"MODEL_REFERENCE","model_use":"역세권활성화 간선가로형","reference_name":"노선형 상업지역 판정용 참조도형"},"geometry":{"type":"Polygon","coordinates":[[[127.05293416966838,37.51277198367296],[127.05300394197239,37.512792475799316],[127.05310317465015,37.51282157876483],[127.05322779000274,37.51277872888868],[127.05327546150302,37.51268969087469],[127.05331103314309,37.512623363449535],[127.05320784015169,37.51266715613714],[127.05312379502745,37.51270281962555],[127.0530612108879,37.51268446506087],[127.0530578396421,37.51268347630114],[127.05295838902431,37.512654251533554],[127.05295466594814,37.5126531566028],[127.05262674367196,37.5125570147605],[127.05256909243354,37.512664941670266],[127.0528191073432,37.5127382672055],[127.05290361472711,37.51276300876907],[127.05293416966838,37.51277198367296]]]}},{"type":"Feature","id":727,"properties":{"model_ref_id":727,"source_type":"MODEL_REFERENCE","model_use":"역세권활성화 간선가로형","reference_name":"노선형 상업지역 판정용 참조도형"},"geometry":{"type":"Polygon","coordinates":[[[127.05216076766266,37.51299649606417],[127.05224928992229,37.51302167047044],[127.05220234879481,37.51293187782989],[127.05153115590655,37.512735018807625],[127.0510176668721,37.51258440286897],[127.05098638020543,37.51265199762012],[127.05216076766266,37.51299649606417]]]}},{"type":"Feature","id":728,"properties":{"model_ref_id":728,"source_type":"MODEL_REFERENCE","model_use":"역세권활성화 간선가로형","reference_name":"노선형 상업지역 판정용 참조도형"},"geometry":{"type":"Polygon","coordinates":[[[127.05224927759637,37.51290722835805],[127.05223113128531,37.5129019059452],[127.05220764065675,37.512895017054284],[127.05216050149282,37.512881189804745],[127.05195891042169,37.51282206164241],[127.05195890962105,37.51282206337196],[127.05220764066206,37.5128950251632],[127.05224927759637,37.51290722835805]]]}},{"type":"Feature","id":729,"properties":{"model_ref_id":729,"source_type":"MODEL_REFERENCE","model_use":"역세권활성화 간선가로형","reference_name":"노선형 상업지역 판정용 참조도형"},"geometry":{"type":"Polygon","coordinates":[[[127.05262610550047,37.513017754190145],[127.05251398499483,37.51298486809075],[127.05232338171456,37.51292896346676],[127.05239410597734,37.51306428557815],[127.05257923298515,37.51311921624482],[127.05278396470422,37.51317921717985],[127.05282427172632,37.513191102267044],[127.05293128744431,37.51333356924336],[127.05299722592635,37.51320995002012],[127.0529434337333,37.51311077383655],[127.05281933060452,37.513074426234404],[127.05268388671924,37.51303470120099],[127.05268213000805,37.51303846242235],[127.05265563502077,37.51303057187805],[127.05265734927829,37.51302691787536],[127.05262610550047,37.513017754190145]]]}},{"type":"Feature","id":730,"properties":{"model_ref_id":730,"source_type":"MODEL_REFERENCE","model_use":"역세권활성화 간선가로형","reference_name":"노선형 상업지역 판정용 참조도형"},"geometry":{"type":"Polygon","coordinates":[[[127.05402582358207,37.51343579322241],[127.05407534600549,37.513342925635996],[127.05350340569099,37.513243792248666],[127.05338286620312,37.51329348819375],[127.05331374610539,37.513423087834546],[127.05355143744448,37.51335369241058],[127.054025822674,37.51343579306533],[127.05402582358207,37.51343579322241]]]}},{"type":"Feature","id":731,"properties":{"model_ref_id":731,"source_type":"MODEL_REFERENCE","model_use":"역세권활성화 간선가로형","reference_name":"노선형 상업지역 판정용 참조도형"},"geometry":{"type":"Polygon","coordinates":[[[127.05414287939101,37.513354609298425],[127.05409333830221,37.5134474745351],[127.05409334595521,37.51344747585927],[127.05411647814968,37.51345147706304],[127.05445503948627,37.5135100746787],[127.05474482895923,37.51356030447269],[127.05474483509914,37.513560305536686],[127.05477126902058,37.513463445562536],[127.05483767071095,37.51347494900258],[127.05483767124757,37.51347494703768],[127.05433010413915,37.51338701553741],[127.05432312790545,37.51338580804532],[127.05431442786939,37.51338430274026],[127.05430543245853,37.5133827452303],[127.05414287939101,37.513354609298425]]]}},{"type":"Feature","id":732,"properties":{"model_ref_id":732,"source_type":"MODEL_REFERENCE","model_use":"역세권활성화 간선가로형","reference_name":"노선형 상업지역 판정용 참조도형"},"geometry":{"type":"Polygon","coordinates":[[[127.04149556734097,37.523202613670165],[127.0415489912052,37.52326080007353],[127.04168135336137,37.52327706472091],[127.04180291737936,37.52329214616355],[127.04180410967662,37.52329229416524],[127.0418043416547,37.52329232294489],[127.04228395401287,37.523351529260125],[127.04237439034895,37.52336269106828],[127.04238101980326,37.52336351011514],[127.04239679250334,37.52336545844447],[127.04244290016592,37.523371150105696],[127.04245069678888,37.523372110685095],[127.04260246010591,37.52339082481807],[127.04268614385279,37.5234011761356],[127.0426874866645,37.52340134224434],[127.04299327760165,37.523439088807386],[127.04299327760204,37.52343908880744],[127.04299613120526,37.52343944049224],[127.04300600383439,37.523440657217755],[127.04302854946818,37.52332490936857],[127.04302854823264,37.52332490921634],[127.04284079816347,37.523301733458],[127.0428407619622,37.52330172986623],[127.04262502354591,37.52327504033106],[127.04239695413764,37.52324691563395],[127.04220696221512,37.523223454001666],[127.04205043655563,37.52320414357813],[127.04186037811188,37.52318069042005],[127.04170391819066,37.52316128040688],[127.04158388857279,37.52314663443932],[127.04151027969858,37.52312694392467],[127.04151026854177,37.5231269409402],[127.04149556734097,37.523202613670165]]]}},{"type":"Feature","id":733,"properties":{"model_ref_id":733,"source_type":"MODEL_REFERENCE","model_use":"역세권활성화 간선가로형","reference_name":"노선형 상업지역 판정용 참조도형"},"geometry":{"type":"Polygon","coordinates":[[[127.04370584035061,37.52352703980449],[127.04377641704724,37.523535755063875],[127.04393946132329,37.52355588084066],[127.04406274669395,37.52357110418594],[127.04439962359857,37.52361269274014],[127.0444355635596,37.52361712833576],[127.04448011460181,37.52362262675742],[127.04466053621042,37.52364489880072],[127.0446605396435,37.523644899224536],[127.04468306118879,37.52352912969046],[127.04450263001522,37.523506941042434],[127.04434810554946,37.5234878041498],[127.04419346582632,37.52346875719394],[127.04396216081538,37.52344020327234],[127.04396195491755,37.52344017811603],[127.04372838633803,37.523411345214534],[127.04358558033249,37.52339364486682],[127.04309564701958,37.52333317556643],[127.04309562759222,37.52333317317305],[127.04307308702636,37.52344894027569],[127.04360732027824,37.523514883186145],[127.04367190530573,37.52352285294981],[127.04370584035061,37.52352703980449]]]}},{"type":"Feature","id":734,"properties":{"model_ref_id":734,"source_type":"MODEL_REFERENCE","model_use":"역세권활성화 간선가로형","reference_name":"노선형 상업지역 판정용 참조도형"},"geometry":{"type":"Polygon","coordinates":[[[127.04475009322331,37.52365595829096],[127.04559750278227,37.523760566678824],[127.04562004443916,37.52364484368946],[127.04539650225836,37.523618076039526],[127.04475016069011,37.52353748836897],[127.04475015665354,37.52353748786611],[127.04472764046788,37.52365318300044],[127.04475009322331,37.52365595829096]]]}},{"type":"Feature","id":735,"properties":{"model_ref_id":735,"source_type":"MODEL_REFERENCE","model_use":"역세권활성화 간선가로형","reference_name":"노선형 상업지역 판정용 참조도형"},"geometry":{"type":"Polygon","coordinates":[[[127.0460172550674,37.52369389515228],[127.04581516711457,37.523668921057464],[127.04566473581977,37.52365032550866],[127.04564218283198,37.52376608202618],[127.04568587885359,37.52377147588706],[127.04579265370506,37.52378465206769],[127.04590483897371,37.52379850418908],[127.04603904319877,37.52381507006541],[127.04627028754832,37.523843621672306],[127.0462928237785,37.523727853284605],[127.04629281983624,37.52372785279369],[127.0460172550674,37.52369389515228]]]}},{"type":"Feature","id":736,"properties":{"model_ref_id":736,"source_type":"MODEL_REFERENCE","model_use":"역세권활성화 간선가로형","reference_name":"노선형 상업지역 판정용 참조도형"},"geometry":{"type":"Polygon","coordinates":[[[127.04697883560809,37.52393110273862],[127.04700136811165,37.52381534787263],[127.0470013641679,37.52381534738964],[127.04700128497547,37.52381533750825],[127.0467336319643,37.523782290393086],[127.04635990707429,37.523736206506186],[127.04633738834937,37.52385190648079],[127.04697883560809,37.52393110273862]]]}},{"type":"Feature","id":737,"properties":{"model_ref_id":737,"source_type":"MODEL_REFERENCE","model_use":"역세권활성화 간선가로형","reference_name":"노선형 상업지역 판정용 참조도형"},"geometry":{"type":"Polygon","coordinates":[[[127.04720612869258,37.523810305653136],[127.04715117353747,37.523833941978445],[127.04704609650216,37.52382082585501],[127.04704605642512,37.52382082094671],[127.04702351710603,37.52393661118027],[127.04701402649698,37.523935447474486],[127.04718133642652,37.52395610373485],[127.04724557400372,37.52392760849964],[127.04729997236815,37.5239035317565],[127.04735794040106,37.5237944905118],[127.04739211721365,37.52373031153497],[127.04720612869258,37.523810305653136]]]}},{"type":"Feature","id":738,"properties":{"model_ref_id":738,"source_type":"MODEL_REFERENCE","model_use":"역세권활성화 간선가로형","reference_name":"노선형 상업지역 판정용 참조도형"},"geometry":{"type":"Polygon","coordinates":[[[127.04247541156126,37.523949569783255],[127.04267660425235,37.52397436068376],[127.04289759839256,37.52400168504996],[127.04291901569187,37.52388581110289],[127.04258106107089,37.52384407091426],[127.04255811587748,37.5238412371147],[127.04253668774282,37.523838593414574],[127.04249986467363,37.52383405499653],[127.04242114805771,37.52382432357326],[127.04241801046504,37.523823935448924],[127.04240227779376,37.52382198999878],[127.04229860450175,37.52380918452983],[127.04226431448977,37.52380495046888],[127.04222990003713,37.5238007002215],[127.04209734448955,37.52378436417535],[127.04189619770221,37.523759482173425],[127.04156857086674,37.523719036049876],[127.0414698077213,37.52370681479433],[127.04139675169127,37.523749365162324],[127.04138056455407,37.52382487223225],[127.04145946046629,37.52382403665953],[127.04154418423013,37.523834550624706],[127.04187179005521,37.52387497970313],[127.042072958647,37.52389987885765],[127.0422741623939,37.523924688459964],[127.04247541156126,37.523949569783255]]]}},{"type":"Feature","id":739,"properties":{"model_ref_id":739,"source_type":"MODEL_REFERENCE","model_use":"역세권활성화 간선가로형","reference_name":"노선형 상업지역 판정용 참조도형"},"geometry":{"type":"Polygon","coordinates":[[[127.04788400106807,37.52404287443946],[127.04810019718546,37.52406955148771],[127.0483016862333,37.52409443180184],[127.04832725418798,37.52409757545756],[127.04854390316059,37.524124323598755],[127.04866520350247,37.52413929987575],[127.04870838861439,37.52414463003368],[127.04858670632827,37.52401105332407],[127.04835022760042,37.5239818708245],[127.04812274102038,37.52395376597324],[127.04790650111622,37.52392709799215],[127.04787499272103,37.523923316799184],[127.04783992802496,37.52387465064278],[127.04778556284315,37.52379919572707],[127.04777873970728,37.52381200572561],[127.04775979080704,37.523847588313586],[127.0477289380573,37.523905532597],[127.04771300656525,37.523935451414054],[127.04777901421943,37.524029940032825],[127.04788400106807,37.52404287443946]]]}},{"type":"Feature","id":740,"properties":{"model_ref_id":740,"source_type":"MODEL_REFERENCE","model_use":"역세권활성화 간선가로형","reference_name":"노선형 상업지역 판정용 참조도형"},"geometry":{"type":"Polygon","coordinates":[[[127.04338075036311,37.5239428226462],[127.04298610252545,37.523894077518385],[127.0429638359148,37.524009854640866],[127.04312337158511,37.52402953955522],[127.0432504748815,37.524045263633944],[127.04343216423563,37.524067726327516],[127.04343216899328,37.52406772691009],[127.04345446641135,37.52395194178508],[127.04341064951528,37.52394651911583],[127.04338075036311,37.5239428226462]]]}},{"type":"Feature","id":741,"properties":{"model_ref_id":741,"source_type":"MODEL_REFERENCE","model_use":"역세권활성화 간선가로형","reference_name":"노선형 상업지역 판정용 참조도형"},"geometry":{"type":"Polygon","coordinates":[[[127.04347697208871,37.52407321281366],[127.04347699827781,37.524073216020376],[127.04360552830987,37.52408911041605],[127.04395049983782,37.52413169824056],[127.04415292671642,37.52415677541501],[127.04434976493442,37.52418102348673],[127.04454647889828,37.52420537128362],[127.04454650528011,37.52420537453399],[127.04456903957822,37.52408958644295],[127.0443722908695,37.52406528734859],[127.04434934853595,37.52406245368031],[127.04425175992525,37.52405040094129],[127.04417669851065,37.52404116051328],[127.04397543721852,37.52401627488537],[127.04381506644675,37.52399646581959],[127.0434992592073,37.523957460056266],[127.04347697208871,37.52407321281366]]]}},{"type":"Feature","id":742,"properties":{"model_ref_id":742,"source_type":"MODEL_REFERENCE","model_use":"역세권활성화 간선가로형","reference_name":"노선형 상업지역 판정용 참조도형"},"geometry":{"type":"Polygon","coordinates":[[[127.04953158390296,37.52412763333792],[127.04953158111371,37.52412763299373],[127.0492471777106,37.52409253400597],[127.04910303419598,37.524074760666636],[127.0488254180377,37.52404053197377],[127.04873095346319,37.52402885481548],[127.04868115381021,37.52402271071359],[127.04880283721145,37.52415628737174],[127.04885745665335,37.52416302875173],[127.04897004025243,37.52417692048597],[127.04922473625248,37.52420831969189],[127.04965328403698,37.52426121950631],[127.04953158390296,37.52412763333792]]]}},{"type":"Feature","id":743,"properties":{"model_ref_id":743,"source_type":"MODEL_REFERENCE","model_use":"역세권활성화 간선가로형","reference_name":"노선형 상업지역 판정용 참조도형"},"geometry":{"type":"Polygon","coordinates":[[[127.05421144932319,37.52432627599014],[127.05426266198955,37.52427841135073],[127.05431590453843,37.52422135573412],[127.05436439399972,37.524161689294495],[127.054407791131,37.524099592382676],[127.05444598300215,37.52403533534966],[127.0544932104451,37.52394863977574],[127.05452745012248,37.523885800060015],[127.0545331556774,37.52387532732188],[127.05456004002323,37.523825978116896],[127.05456302950164,37.52382048799609],[127.05458523370075,37.52377973620885],[127.05466019528572,37.52364214101236],[127.05452533219503,37.52359541902702],[127.05452533134127,37.5235954205973],[127.05445662767221,37.52372169691874],[127.05442815632142,37.523773876495135],[127.0543939229098,37.52383669022401],[127.05435833368315,37.523902027296735],[127.054312011003,37.52398692044943],[127.05427698300241,37.524046040437824],[127.0542383323274,37.524101287738965],[127.05419504215017,37.52415455486376],[127.05414756578517,37.52420539111721],[127.0540988402341,37.52425091206445],[127.05409510845566,37.52425451762799],[127.05405029804935,37.52429168921249],[127.05404219695818,37.524297968089456],[127.0539813645463,37.52434160214101],[127.05391894651436,37.5243809121037],[127.05385358592558,37.52441670944766],[127.05378584489227,37.524448813729066],[127.05370080793797,37.524482257952116],[127.0536952572532,37.52448444162366],[127.05363861742464,37.52450373802564],[127.05356598240816,37.52452405035014],[127.05348940734912,37.52454120184663],[127.05340988953739,37.52455448120304],[127.05338929135776,37.52455723619575],[127.0533842136402,37.52455791500187],[127.05333353610642,37.524563162320064],[127.05325333506983,37.52456815187566],[127.05317312886609,37.52456881663879],[127.05313135081637,37.52456725673551],[127.05311826194468,37.52456676764377],[127.05309597545339,37.524565425609794],[127.05301305068865,37.52455735183727],[127.05291123003214,37.524544871147754],[127.05291122606911,37.52454487065993],[127.05288721020115,37.524660387752334],[127.05288721130391,37.52466038788888],[127.05299287759173,37.5246734075649],[127.05308146022449,37.5246820195469],[127.05317060536757,37.52468594608858],[127.05325974737953,37.524685187429206],[127.05334877311849,37.524679743617014],[127.05343711694309,37.5246696148936],[127.05352443958354,37.52465498160295],[127.05361040158914,37.524635753793945],[127.05369455056741,37.524612111861025],[127.05375686798313,37.524590821812254],[127.05375685665238,37.524590794787485],[127.05377630394969,37.52458413956154],[127.05377654713078,37.52458405595378],[127.05385605201494,37.52455176642015],[127.05393283908262,37.52451542356004],[127.05400634282458,37.52447520782016],[127.05407633698543,37.524431119304424],[127.05415288448097,37.524375585369],[127.05420489241219,37.52433258574375],[127.05421144932319,37.52432627599014]]]}},{"type":"Feature","id":744,"properties":{"model_ref_id":744,"source_type":"MODEL_REFERENCE","model_use":"역세권활성화 간선가로형","reference_name":"노선형 상업지역 판정용 참조도형"},"geometry":{"type":"Polygon","coordinates":[[[127.04977873159001,37.5242767327058],[127.05019372122631,37.52432794835639],[127.05039643676433,37.52435295002656],[127.05040256531105,37.52435370511666],[127.05040256877437,37.52435370554382],[127.05040763957624,37.52432786275789],[127.0504251201319,37.524238018513486],[127.05042511817919,37.5242380182742],[127.05022908219169,37.52421381604615],[127.04993491135436,37.524177497273854],[127.0499125133105,37.52417477527139],[127.04989574475843,37.52417273668309],[127.0497703039714,37.524157109196544],[127.04967583684146,37.524145433696226],[127.04963690781258,37.524140629678385],[127.0496260357428,37.52413928879269],[127.04962600520602,37.52413928502442],[127.04974775017813,37.52427289502481],[127.049771731963,37.52427586731978],[127.04977873159001,37.5242767327058]]]}},{"type":"Feature","id":745,"properties":{"model_ref_id":745,"source_type":"MODEL_REFERENCE","model_use":"역세권활성화 간선가로형","reference_name":"노선형 상업지역 판정용 참조도형"},"geometry":{"type":"Polygon","coordinates":[[[127.04464356051226,37.524098769816156],[127.04463612677604,37.524097852821804],[127.04463612660412,37.52409785280063],[127.04461357003642,37.52421363724738],[127.04494153619935,37.52425406531613],[127.0451673481662,37.524282005702226],[127.04565825554275,37.52434266246223],[127.04566467920324,37.52434345481515],[127.04583302260176,37.52436422387253],[127.04583799816862,37.524364835642224],[127.04607330145352,37.52439387096189],[127.04622261390273,37.524412293917734],[127.04622261930166,37.52441229458399],[127.04628197406414,37.52430106420227],[127.04586055576924,37.52424905055959],[127.04568723706524,37.52422766976506],[127.04518968166116,37.524166220825755],[127.04511671145337,37.524157192819956],[127.04511375886197,37.52415682749065],[127.04464356051226,37.524098769816156]]]}},{"type":"Feature","id":746,"properties":{"model_ref_id":746,"source_type":"MODEL_REFERENCE","model_use":"역세권활성화 간선가로형","reference_name":"노선형 상업지역 판정용 참조도형"},"geometry":{"type":"Polygon","coordinates":[[[127.0514315148917,37.52448069666963],[127.05147589726002,37.52448617540207],[127.05148369851268,37.524487138314385],[127.0517418497777,37.524519001295985],[127.05190415519924,37.52453903292831],[127.0519413072471,37.52454361889531],[127.05195209909226,37.52454495059112],[127.0519676763711,37.52454687403707],[127.05282013043673,37.52465208445482],[127.05282700021434,37.52461905795773],[127.05284411732049,37.52453660962482],[127.05266590900722,37.52451460308986],[127.05196532855132,37.52442813838227],[127.0517104032578,37.52439670914226],[127.05145553581292,37.524365189229364],[127.0505867843461,37.52425787413904],[127.05051460535755,37.52424898339673],[127.05051460503357,37.524248983357026],[127.0504992703869,37.52432782597375],[127.05049205897363,37.524364742972544],[127.05056434604028,37.524373660074446],[127.05138655684502,37.52447514756118],[127.05141074240659,37.52447813195823],[127.0514315148917,37.52448069666963]]]}},{"type":"Feature","id":747,"properties":{"model_ref_id":747,"source_type":"MODEL_REFERENCE","model_use":"역세권활성화 간선가로형","reference_name":"노선형 상업지역 판정용 참조도형"},"geometry":{"type":"Polygon","coordinates":[[[127.04631483666655,37.52442364058859],[127.04635173220304,37.52442816799026],[127.0464622628899,37.524441823317474],[127.04655868072784,37.524453742944566],[127.04663373827196,37.52446302255575],[127.04682021508677,37.52448592876256],[127.04684257288153,37.52451271584307],[127.04691981483802,37.52460525780952],[127.04691981528264,37.524605256976386],[127.04698944313934,37.52447478376463],[127.04692354921256,37.524380294669456],[127.04656086080699,37.5243354604667],[127.04648595202862,37.52432621699762],[127.04637417703545,37.52431238285229],[127.04631483690841,37.524423640135076],[127.04631483666655,37.52442364058859]]]}},{"type":"Feature","id":748,"properties":{"model_ref_id":748,"source_type":"MODEL_REFERENCE","model_use":"역세권활성화 간선가로형","reference_name":"노선형 상업지역 판정용 참조도형"},"geometry":{"type":"Polygon","coordinates":[[[127.04789456085416,37.524618601499206],[127.04804000449157,37.52463665684788],[127.04809934013447,37.52452545153724],[127.04791493309017,37.52450267270187],[127.04787374515335,37.52449758045228],[127.04783076716527,37.52449227069444],[127.04782898473563,37.52449205114864],[127.04775960136531,37.5244835045432],[127.04752134320776,37.52445404212321],[127.04740422361633,37.524505942053786],[127.0474027076817,37.52450661431892],[127.04739005791181,37.5245303174947],[127.04732580383501,37.52465072748398],[127.04753204095935,37.52458091426121],[127.04754754726085,37.524575665572286],[127.04773926284776,37.52459946033101],[127.04789456085416,37.524618601499206]]]}},{"type":"Feature","id":749,"properties":{"model_ref_id":749,"source_type":"MODEL_REFERENCE","model_use":"역세권활성화 간선가로형","reference_name":"노선형 상업지역 판정용 참조도형"},"geometry":{"type":"Polygon","coordinates":[[[127.0481915436551,37.52453676876791],[127.04813218584533,37.5246480211618],[127.04816910156444,37.524652554245044],[127.04832066526392,37.52467124848881],[127.04832420747223,37.52467168591166],[127.04869053382552,37.52471695466049],[127.04875970367057,37.52472543412824],[127.0487597088777,37.52472543476758],[127.04871308825442,37.52460116904226],[127.04834675188032,37.52455593411619],[127.04834675116301,37.524555936405996],[127.0481915436551,37.52453676876791]]]}},{"type":"Feature","id":750,"properties":{"model_ref_id":750,"source_type":"MODEL_REFERENCE","model_use":"역세권활성화 간선가로형","reference_name":"노선형 상업지역 판정용 참조도형"},"geometry":{"type":"Polygon","coordinates":[[[127.05011303971747,37.524773956010705],[127.04984927412252,37.52474140822219],[127.0498197613173,37.52473777610447],[127.04978627370836,37.524733644820735],[127.04974851964317,37.52472897529484],[127.04951366079685,37.52469999377225],[127.04947549529145,37.52469529524814],[127.0494387860074,37.52469075413915],[127.0493316166346,37.524677529231596],[127.04932004962832,37.524676102157486],[127.04929075312418,37.52467248656865],[127.04920862903421,37.52466235219859],[127.04906991128206,37.524645269005966],[127.04878707753281,37.52461033047994],[127.04883368280082,37.524734569643265],[127.04904879413566,37.5247611442302],[127.04929754248523,37.52479186985162],[127.04945342845093,37.524811080818196],[127.04960942989025,37.524830301444304],[127.04976508977003,37.52484952019745],[127.04996695591586,37.52487440652776],[127.05009350662368,37.52489011444992],[127.05018797475728,37.524901789614105],[127.05023773002503,37.52490793069417],[127.05023777642688,37.52490793642097],[127.05011605986105,37.524774329583806],[127.05011605893671,37.52477432946959],[127.05011303971747,37.524773956010705]]]}},{"type":"Feature","id":751,"properties":{"model_ref_id":751,"source_type":"MODEL_REFERENCE","model_use":"역세권활성화 간선가로형","reference_name":"노선형 상업지역 판정용 참조도형"},"geometry":{"type":"Polygon","coordinates":[[[127.05243856163546,37.52517949922783],[127.05252918163244,37.52519067948616],[127.05253287209698,37.52519113564137],[127.05270252183904,37.52521204971331],[127.05272505175166,37.52509626386535],[127.05255172913934,37.52507489314868],[127.05245567767562,37.52506304034039],[127.05233043748004,37.52504759568908],[127.05209019906316,37.525017936507815],[127.05204556388276,37.525012429338595],[127.05169654410217,37.524969382522904],[127.0515667788532,37.52495339923413],[127.05105756100173,37.52489053823267],[127.05085928948793,37.5248660581797],[127.05073202825501,37.52485035502175],[127.05048996682736,37.52482048970113],[127.05021052579605,37.52478600371551],[127.0503322498831,37.52491959610847],[127.05033225476045,37.524919596710404],[127.05045191568792,37.52493436277212],[127.0504674150789,37.52493627565255],[127.0504881967072,37.524938837823],[127.05082481766375,37.52498036106921],[127.05103314335958,37.52500604484199],[127.05154067630029,37.525068745362425],[127.05154422985981,37.525069184486014],[127.05167463898978,37.525085168435005],[127.05230788963928,37.525163381985074],[127.0523138292241,37.525164116515],[127.05243312889314,37.525178827561334],[127.05243856163546,37.52517949922783]]]}},{"type":"Feature","id":752,"properties":{"model_ref_id":752,"source_type":"MODEL_REFERENCE","model_use":"역세권활성화 간선가로형","reference_name":"노선형 상업지역 판정용 참조도형"},"geometry":{"type":"Polygon","coordinates":[[[127.05347452342971,37.52523510371639],[127.0534745302744,37.52523509676567],[127.05345661151938,37.52522902969854],[127.05336892146141,37.52520293846226],[127.05327987613073,37.52518009129202],[127.05320938853801,37.52516480446773],[127.05318970176901,37.52516048898975],[127.05309839836363,37.52514412884993],[127.05300630528222,37.525131013429366],[127.05279214074535,37.52510452470841],[127.05276961106661,37.52522030988711],[127.05276962075132,37.52522031107951],[127.052982060262,37.525246530273904],[127.05306928971908,37.5252589269834],[127.0531540300415,37.52527411774564],[127.0531705500233,37.525277804783435],[127.05317551470596,37.525278876653104],[127.05323798170066,37.52529237213947],[127.05332057788544,37.52531360121014],[127.05337831102197,37.52533075232575],[127.05340679516006,37.52530267964565],[127.05346432639358,37.52524537932698],[127.05347452342971,37.52523510371639]]]}},{"type":"Feature","id":753,"properties":{"model_ref_id":753,"source_type":"MODEL_REFERENCE","model_use":"역세권활성화 간선가로형","reference_name":"노선형 상업지역 판정용 참조도형"},"geometry":{"type":"Polygon","coordinates":[[[127.05387392806175,37.52555554885718],[127.05388214486041,37.52556118730335],[127.05392010626443,37.52558724372882],[127.05395858701525,37.52561506765527],[127.05399706990637,37.52564433314791],[127.05403272399093,37.52567260876314],[127.0540516723005,37.52569032390319],[127.05419764102965,37.5258267882825],[127.0544483722442,37.52606119189575],[127.05443750387347,37.526021655999266],[127.05442220194244,37.52597823506882],[127.05440316752171,37.52593580684536],[127.05438096643617,37.52589464137735],[127.05435752110415,37.52585365664296],[127.0543327185243,37.52581303288801],[127.05430588018518,37.525773130801085],[127.05427836348491,37.525733769594495],[127.05424700162062,37.52569603182561],[127.05421337849013,37.52566009790368],[127.0541769280915,37.52562542477641],[127.05413957363814,37.52559210441086],[127.05409984473282,37.525560497836885],[127.05407883929307,37.525544522050836],[127.05405875859005,37.5255292504286],[127.05401744721058,37.52549944558386],[127.05396730889878,37.52546504949525],[127.05392939553646,37.525441369868425],[127.05388503150353,37.52541399895823],[127.05383863184497,37.525387529894076],[127.05380773925393,37.52537147954533],[127.0538077392504,37.52537147954351],[127.05379132962469,37.525362954174035],[127.05377854161866,37.52535652543515],[127.05375658697366,37.52534548904101],[127.05374300728182,37.52533873746582],[127.05370283464335,37.52531965467245],[127.05369753085834,37.52531712235748],[127.05369434745523,37.52531560296835],[127.05364489632495,37.52529327967851],[127.05362701768597,37.5252862596355],[127.05361002443705,37.52528060016782],[127.05354930343616,37.52534144233574],[127.0535145364272,37.52537568481197],[127.05356554889673,37.52539260246236],[127.05357539353804,37.52539656259513],[127.05362031940399,37.52541681558072],[127.05362733547292,37.52542014622924],[127.05363105851907,37.525421917777784],[127.05366637538886,37.525438689842],[127.05367837083881,37.52544472131523],[127.05371186757203,37.52546155631429],[127.05375554964056,37.52548424154676],[127.05379719613543,37.52550791962495],[127.05383895724907,37.52553376000874],[127.05387392806175,37.52555554885718]]]}},{"type":"Feature","id":754,"properties":{"model_ref_id":754,"source_type":"MODEL_REFERENCE","model_use":"역세권활성화 간선가로형","reference_name":"노선형 상업지역 판정용 참조도형"},"geometry":{"type":"Polygon","coordinates":[[[127.04721825758244,37.581558293707076],[127.04732733290034,37.58164453953166],[127.04734356842712,37.58165737603202],[127.04744118769223,37.58158216107045],[127.04743933350056,37.58158069379388],[127.04741091324912,37.581558221455374],[127.04721825758244,37.581558293707076]]]}},{"type":"Feature","id":755,"properties":{"model_ref_id":755,"source_type":"MODEL_REFERENCE","model_use":"역세권활성화 간선가로형","reference_name":"노선형 상업지역 판정용 참조도형"},"geometry":{"type":"Polygon","coordinates":[[[127.04837575996919,37.5824790641248],[127.0484093509817,37.582506692945145],[127.0484407423764,37.58253250412307],[127.04846743989323,37.58255444980019],[127.0484730816957,37.58255887143396],[127.04852346207656,37.5825992789436],[127.0485475316293,37.582618793873586],[127.04856228017204,37.58263050090893],[127.04867116356516,37.5827177015289],[127.04868772360088,37.58273134405108],[127.04870921662605,37.58274894535008],[127.04871835406556,37.58274182860362],[127.04880276997942,37.58267510547765],[127.04880567869083,37.58267281326577],[127.04878528963776,37.58265611061439],[127.04876819723103,37.58264202593142],[127.04865842921727,37.58255412387934],[127.04864397630199,37.58254265099609],[127.0486201672636,37.582523343209985],[127.04856894756652,37.582482260330835],[127.04856302373427,37.58247762347647],[127.0485475401273,37.582465348206746],[127.04854018866466,37.58245880993567],[127.04847219444233,37.5824029123799],[127.04829982523007,37.582268084069],[127.04813562231908,37.582136522936565],[127.04805949627512,37.58207617831222],[127.04796347024882,37.58199928843212],[127.04790472947838,37.5819525229472],[127.04780553143355,37.58187349071408],[127.0478023487027,37.581871005219675],[127.04768839173228,37.58177907646694],[127.0475592126199,37.58167566676623],[127.04747187942583,37.5816064500538],[127.0473746594741,37.58168197008926],[127.04746311907412,37.58175207802939],[127.04750593356887,37.58178636180048],[127.04759186778428,37.58185515553521],[127.04766802834811,37.58191659583958],[127.04770639107917,37.581947534654965],[127.04770986830015,37.581950254294945],[127.04780863593099,37.582028935388976],[127.04786723966119,37.58207561087526],[127.04796339140007,37.58215258097187],[127.0480394948025,37.582212926566974],[127.04805310777256,37.58222383405172],[127.048204015991,37.582344739983654],[127.04829327038183,37.58241455226515],[127.04837575996919,37.5824790641248]]]}},{"type":"Feature","id":756,"properties":{"model_ref_id":756,"source_type":"MODEL_REFERENCE","model_use":"역세권활성화 간선가로형","reference_name":"노선형 상업지역 판정용 참조도형"},"geometry":{"type":"Polygon","coordinates":[[[127.04914450963179,37.583090548860795],[127.04917517097813,37.583114043411605],[127.04921399966862,37.583145048920805],[127.04928190413841,37.5831984503667],[127.04935751407815,37.58325925389222],[127.04943657434065,37.583322814808746],[127.04946665969399,37.583346399147814],[127.0495272800583,37.58339390236537],[127.04961667238129,37.58346453087061],[127.04970818508622,37.58353983439058],[127.04979454600624,37.5834697583124],[127.04980344340913,37.58346266443322],[127.04980299844516,37.58346233991198],[127.04971335492145,37.583388576242164],[127.04962279592495,37.58331702927158],[127.04953250930168,37.583246265974594],[127.0494540697565,37.58318320131656],[127.04937792971434,37.58312197460029],[127.04930985534148,37.58306843722776],[127.04927041499883,37.58303694546077],[127.04923943763355,37.58301319878407],[127.04917258554032,37.582960490654266],[127.04916321796411,37.58295262877196],[127.04913227467618,37.58292895413179],[127.04907386128347,37.58288303602838],[127.04902389983387,37.58284349353195],[127.04899723635715,37.58282210567429],[127.04894741079275,37.58278616700634],[127.04893173465341,37.58277398376238],[127.04881484162797,37.58268029043417],[127.0488147839048,37.58268024334999],[127.04877127571262,37.5827145895528],[127.04871801257231,37.58275612669563],[127.04871802430019,37.582756136270696],[127.04872961172799,37.58276542413746],[127.04883604887165,37.5828507293322],[127.04885429617188,37.582864912664256],[127.04890332777268,37.582900284063],[127.04892778250112,37.58291988886263],[127.04897816028831,37.58295977079395],[127.04897823214306,37.58295982763982],[127.04903747125476,37.583006385162975],[127.04906680729499,37.58302883512352],[127.04907547119578,37.58303611048212],[127.04907574555152,37.58303632688913],[127.04914450963179,37.583090548860795]]]}},{"type":"Feature","id":757,"properties":{"model_ref_id":757,"source_type":"MODEL_REFERENCE","model_use":"역세권활성화 간선가로형","reference_name":"노선형 상업지역 판정용 참조도형"},"geometry":{"type":"Polygon","coordinates":[[[127.05038351691881,37.58412845413153],[127.0504051152191,37.58415036176599],[127.05042671352633,37.58417226038662],[127.05044100953533,37.58418674309694],[127.05049174070909,37.58423810479236],[127.05050688726705,37.58425335526312],[127.05051661863162,37.58426313297756],[127.05058933788449,37.584336209090566],[127.05061837302702,37.58436462325782],[127.05065229219942,37.58439999100054],[127.05071549211877,37.584475917964305],[127.05073073699963,37.58449468386882],[127.0507405890411,37.58450680237165],[127.05076158156065,37.58453300575988],[127.05079454526044,37.58457413769358],[127.0508205839683,37.58460642722852],[127.05085352084481,37.58464743543336],[127.05086339396672,37.584659965641414],[127.05088984729197,37.584693523772245],[127.0509002122239,37.58470241222597],[127.05092817472374,37.58473578891559],[127.050955073254,37.584767873070675],[127.05100770388421,37.584833129146496],[127.05101675705085,37.58484435008029],[127.05107291127729,37.58491343227547],[127.05112147354768,37.584972291432784],[127.0511224825563,37.58497444435976],[127.05113374480254,37.58498774722024],[127.05114874177242,37.58500642380462],[127.0511895836499,37.58505726195621],[127.0512144265795,37.58508790727816],[127.05122360841995,37.585099224647706],[127.0512591305893,37.58514393470091],[127.05126136271528,37.58514666825666],[127.05126360616516,37.58514940181031],[127.05129739407062,37.58519086002883],[127.05133078586039,37.5852324805755],[127.05135222117347,37.58525901654039],[127.05138560391401,37.58530032882368],[127.05140159319437,37.585321073927126],[127.05140979597715,37.58533170899279],[127.0515098252449,37.58535270580518],[127.05160612487909,37.58537336495801],[127.0514451885516,37.58517416746422],[127.05141163809304,37.58513234879935],[127.05137752042909,37.58509048530792],[127.05137347540831,37.58508554059385],[127.0513381005134,37.58504103773935],[127.05130390459792,37.58499884089608],[127.05124733032308,37.584928407516074],[127.05124391992281,37.58492438243703],[127.05124359568858,37.58492370593476],[127.05124319436344,37.584922868188904],[127.0511897245432,37.58485588425929],[127.05118969817133,37.58485585280584],[127.05112836439686,37.584790029741804],[127.05106861665914,37.58471376823696],[127.05100713236654,37.58464817498899],[127.05097659845315,37.584613418640444],[127.05092023448063,37.5845522200408],[127.05083347350563,37.58445756238029],[127.0508073593275,37.58442934529982],[127.05072553878526,37.584340902309094],[127.05070222292942,37.58431554918541],[127.05060761770807,37.58420467691183],[127.05052250785417,37.584105900880644],[127.05051845175339,37.584101163365894],[127.05042862466985,37.583998535344236],[127.05042851667693,37.583998424900834],[127.0503589600925,37.58393087131517],[127.05035752248664,37.583929429425],[127.0503188471134,37.58389162184816],[127.05020377059097,37.58377739678985],[127.05012579488957,37.58371558475883],[127.05004114725372,37.583647810854984],[127.0499450725814,37.58357203173215],[127.04987049546506,37.58351159452349],[127.04977573652579,37.58358910035375],[127.04981225526784,37.58361870555657],[127.04984878536024,37.58364831074343],[127.04989677146922,37.58368615595746],[127.04994515565802,37.58372430606098],[127.04998525043281,37.58375641727272],[127.0500296798333,37.58379198998408],[127.05010251190303,37.583849731706124],[127.05010251203598,37.58384973183808],[127.05010252323015,37.58384974071134],[127.0502131691056,37.58395956185326],[127.05025162922183,37.58399716232538],[127.05031946520907,37.58406519508213],[127.05033195642474,37.58407753348222],[127.05038351691881,37.58412845413153]]]}},{"type":"Feature","id":758,"properties":{"model_ref_id":758,"source_type":"MODEL_REFERENCE","model_use":"역세권활성화 간선가로형","reference_name":"노선형 상업지역 판정용 참조도형"},"geometry":{"type":"Polygon","coordinates":[[[127.05143694864447,37.58591394685595],[127.05126199308324,37.585860679648974],[127.05125610002156,37.58597464677082],[127.05133806311227,37.585999599189456],[127.05138267968489,37.58601318389382],[127.0514189955209,37.586058839593726],[127.05146199718584,37.586110892839216],[127.0514654926638,37.586109086094055],[127.05148474145363,37.58611178113065],[127.05150013295257,37.586102314544156],[127.05153741079381,37.585990181528636],[127.05148700075017,37.58592926007146],[127.05147341194149,37.585925103128716],[127.05143694864447,37.58591394685595]]]}},{"type":"Feature","id":759,"properties":{"model_ref_id":759,"source_type":"MODEL_REFERENCE","model_use":"역세권활성화 간선가로형","reference_name":"노선형 상업지역 판정용 참조도형"},"geometry":{"type":"Polygon","coordinates":[[[127.05150013295257,37.586102314544156],[127.05148922033936,37.5861429177954],[127.0517949911569,37.58649818573205],[127.05190974967694,37.58644012956532],[127.05193115399199,37.5864666725236],[127.05181517509575,37.58652302959589],[127.05187255636967,37.58659450050135],[127.05194058488087,37.58667642432508],[127.05205186239746,37.58661431978772],[127.0520643489522,37.58662935192493],[127.05198648367565,37.586535583420144],[127.05198643537723,37.58653552275595],[127.05191286564423,37.586443894363306],[127.05172399325227,37.58621566458051],[127.05158625728558,37.586049211552684],[127.05157675079406,37.5860550718189],[127.05150940179206,37.58609659853825],[127.05150013295257,37.586102314544156]]]}},{"type":"Feature","id":760,"properties":{"model_ref_id":760,"source_type":"MODEL_REFERENCE","model_use":"역세권활성화 간선가로형","reference_name":"노선형 상업지역 판정용 참조도형"},"geometry":{"type":"Polygon","coordinates":[[[127.05215535944235,37.58674082813462],[127.05213968877496,37.58672179698968],[127.05207667270436,37.586644473695415],[127.05196432170088,37.58670528784444],[127.05204125064732,37.58679950218803],[127.0520920417197,37.58686239884249],[127.05220343282774,37.58680035428721],[127.05215535944235,37.58674082813462]]]}},{"type":"Feature","id":761,"properties":{"model_ref_id":761,"source_type":"MODEL_REFERENCE","model_use":"역세권활성화 간선가로형","reference_name":"노선형 상업지역 판정용 참조도형"},"geometry":{"type":"Polygon","coordinates":[[[127.05206723400215,37.58612387504701],[127.05212874796122,37.58619862165001],[127.05216441788144,37.58624257544016],[127.05222803904896,37.58631735625108],[127.05229540187896,37.58640022714898],[127.05236363793892,37.586483349916136],[127.05243228380073,37.58657302258094],[127.05248395598898,37.586640313012886],[127.05291631076359,37.587159157477465],[127.05296648270689,37.58721488877921],[127.05337600189999,37.58769330528032],[127.053435821988,37.58776741311047],[127.05343585257509,37.58776743922576],[127.05356885728864,37.58783636122858],[127.05357132074045,37.587837540825134],[127.05362277790758,37.587862169169014],[127.05368673789775,37.587881386630634],[127.05369895437782,37.58788415106458],[127.05353279746687,37.587688526205966],[127.053420733686,37.5875565988581],[127.0533943331237,37.5875264904342],[127.05307924186721,37.587154574628066],[127.05259843809536,37.58658206183302],[127.05254825028938,37.58651670793064],[127.05247853803809,37.58642564827295],[127.0524093059058,37.586341300657864],[127.0523413311319,37.58625768226802],[127.05227773256867,37.58618293664608],[127.05224262915716,37.58613967730768],[127.05218034349772,37.58606398505755],[127.05215522367234,37.586034407392525],[127.05208912768047,37.58594896809556],[127.0520395677759,37.58589022688773],[127.05199952514273,37.58584206009529],[127.05187018650915,37.58568764007155],[127.05187018592805,37.585687639442384],[127.05185514390078,37.58578041099644],[127.05184489958775,37.58585238421394],[127.0518449005567,37.58585238536022],[127.05188635917534,37.58590186794808],[127.05190242492992,37.58592119628863],[127.05192652527568,37.585950188794534],[127.05195060610369,37.58597873892323],[127.0519609724246,37.585991014958644],[127.05197485009094,37.58600745295722],[127.05200162725185,37.586042075450464],[127.05204104799458,37.586093036431485],[127.05206723400215,37.58612387504701]]]}},{"type":"Feature","id":762,"properties":{"model_ref_id":762,"source_type":"MODEL_REFERENCE","model_use":"역세권활성화 간선가로형","reference_name":"노선형 상업지역 판정용 참조도형"},"geometry":{"type":"Polygon","coordinates":[[[127.05349737499697,37.58846791392288],[127.05359860994903,37.588395543963316],[127.0535036538844,37.588296349958625],[127.05341485198136,37.588203584480596],[127.05325796655053,37.58804250244929],[127.05322334317039,37.58800809982358],[127.05322143045342,37.58800916379038],[127.05317284285888,37.5880361326781],[127.05315317265385,37.58804743028077],[127.05313405701959,37.58805842131234],[127.05310310606042,37.5880300176047],[127.05315870842301,37.58797879144715],[127.05318971213866,37.587967696254196],[127.05309611409656,37.587868520309705],[127.0530691824675,37.5878399797412],[127.05303029767283,37.587798839549826],[127.05292176536442,37.587664333438674],[127.0527850920808,37.587503521524354],[127.05268132418949,37.58738153676921],[127.05255540541565,37.58723421670632],[127.05238078656505,37.587019331730794],[127.05237096809608,37.587007256509],[127.05229631870395,37.58691536991477],[127.05228975027781,37.58690723529381],[127.05223034960822,37.58683368353902],[127.05223036011184,37.586833696740385],[127.05211927975235,37.586896128755264],[127.05218211911296,37.58697394503297],[127.05225688172571,37.58706595778819],[127.0524239798779,37.587271591161816],[127.05244213469847,37.58729393592511],[127.05258976563562,37.587467032080234],[127.0526725009864,37.587564033535585],[127.0529584040581,37.58790263558047],[127.05307866172444,37.588030073017435],[127.05308512050205,37.588037827697796],[127.05330676991925,37.58826911361117],[127.05349147327027,37.588462024236414],[127.05349737499697,37.58846791392288]]]}},{"type":"Feature","id":763,"properties":{"model_ref_id":763,"source_type":"MODEL_REFERENCE","model_use":"역세권활성화 간선가로형","reference_name":"노선형 상업지역 판정용 참조도형"},"geometry":{"type":"Polygon","coordinates":[[[127.05417764588489,37.58898562792677],[127.0541782249464,37.588985151686344],[127.05420951317856,37.58895926205232],[127.05420951361168,37.58895926239142],[127.05420952471118,37.588959253207186],[127.05420952449462,37.58895925303765],[127.05420193453844,37.58895330987528],[127.05412088063667,37.5888897810069],[127.05402371861382,37.588814393165066],[127.05391699493542,37.588713664863064],[127.0538526432822,37.58865239907192],[127.05381565248044,37.588617213792105],[127.05377000149164,37.58857018599883],[127.05371083790354,37.58850924962852],[127.0536853456625,37.58848357369493],[127.05360487051935,37.58855451513368],[127.0535864399664,37.58855736110626],[127.05358586761464,37.58855775399297],[127.05358595343772,37.588557840634685],[127.05360375271042,37.588575814723974],[127.05370974553873,37.588684967766156],[127.05374841308897,37.58872174708892],[127.05381292333743,37.58878317504393],[127.05391985089744,37.58888408354645],[127.05392885730848,37.58889180104228],[127.05402577011243,37.58896699085378],[127.05410663142851,37.58903035769394],[127.05411424404792,37.58903632788188],[127.05411499398481,37.58903692330196],[127.05414119942793,37.589015584722645],[127.05417764588489,37.58898562792677]]]}},{"type":"Feature","id":764,"properties":{"model_ref_id":764,"source_type":"MODEL_REFERENCE","model_use":"역세권활성화 간선가로형","reference_name":"노선형 상업지역 판정용 참조도형"},"geometry":{"type":"Polygon","coordinates":[[[127.0542424578562,37.58907060859552],[127.05426943462419,37.58911415014689],[127.05430674877648,37.58917440033636],[127.05444508510969,37.589144454973955],[127.05443705465704,37.58913815853922],[127.05436035009782,37.58907802650645],[127.05433885227839,37.589061280881815],[127.05429539382699,37.58902744692107],[127.0542424578562,37.58907060859552]]]}},{"type":"Feature","id":765,"properties":{"model_ref_id":765,"source_type":"MODEL_REFERENCE","model_use":"역세권활성화 간선가로형","reference_name":"노선형 상업지역 판정용 참조도형"},"geometry":{"type":"Polygon","coordinates":[[[127.05420802555922,37.589098089255536],[127.05420014223154,37.58910455462494],[127.05422347059692,37.589122710345265],[127.05420802555922,37.589098089255536]]]}},{"type":"Feature","id":766,"properties":{"model_ref_id":766,"source_type":"MODEL_REFERENCE","model_use":"역세권활성화 간선가로형","reference_name":"노선형 상업지역 판정용 참조도형"},"geometry":{"type":"Polygon","coordinates":[[[127.05906997850461,37.51713761152732],[127.05906856086705,37.517140204344166],[127.0590617053927,37.517152768278805],[127.05902783913747,37.517214807494646],[127.05883569583456,37.51756677141424],[127.05809771345072,37.51891860046245],[127.05803275948024,37.519037831628616],[127.05816762674542,37.519084532728286],[127.05816762828643,37.51908452991195],[127.05869810184721,37.5181126551993],[127.05897056297236,37.5176135590363],[127.05920438970924,37.51718512169523],[127.05906997850461,37.51713761152732]]]}},{"type":"Feature","id":767,"properties":{"model_ref_id":767,"source_type":"MODEL_REFERENCE","model_use":"역세권활성화 간선가로형","reference_name":"노선형 상업지역 판정용 참조도형"},"geometry":{"type":"Polygon","coordinates":[[[127.05689177896747,37.51954624432522],[127.05694656868388,37.51944593933361],[127.05685157103333,37.51934878403097],[127.05682210892407,37.51940283872973],[127.05676732020363,37.519503143663975],[127.05675696998469,37.5195220862448],[127.05669886088171,37.51962841215806],[127.05668853891527,37.519647365531526],[127.05663458152495,37.51974647080708],[127.05648541743335,37.51980923816969],[127.05659008165057,37.51982800520087],[127.05663883066562,37.519836747762305],[127.05675994426576,37.51978776921863],[127.05682331981433,37.519671512890376],[127.05689177896747,37.51954624432522]]]}},{"type":"Feature","id":768,"properties":{"model_ref_id":768,"source_type":"MODEL_REFERENCE","model_use":"역세권활성화 간선가로형","reference_name":"노선형 상업지역 판정용 참조도형"},"geometry":{"type":"Polygon","coordinates":[[[127.05760347152875,37.52009542142918],[127.0576053961583,37.520096095380225],[127.05761385841804,37.52009905752383],[127.05774499586254,37.520145036456555],[127.05767577576512,37.51998565665018],[127.05774693349014,37.51985517863612],[127.05795222676605,37.519479119884345],[127.05813147597779,37.51915060325793],[127.057996610234,37.519103890757826],[127.05781744737074,37.51943229413418],[127.05776769030754,37.51952333684015],[127.05772224853543,37.51960660740306],[127.05768517522122,37.51967454105751],[127.05767374187339,37.519695485314074],[127.05766889351284,37.519704368453354],[127.0576607263392,37.51971933377484],[127.05765198551308,37.51973535310993],[127.0576123004161,37.51980810121158],[127.05751740796707,37.51998194564898],[127.05756680059785,37.52008256324217],[127.05760347152875,37.52009542142918]]]}},{"type":"Feature","id":769,"properties":{"model_ref_id":769,"source_type":"MODEL_REFERENCE","model_use":"역세권활성화 간선가로형","reference_name":"노선형 상업지역 판정용 참조도형"},"geometry":{"type":"Polygon","coordinates":[[[127.05644239279358,37.520078599054955],[127.05638377225856,37.52018437453077],[127.05636230630405,37.52022321681495],[127.05635115608997,37.520243683290104],[127.05634657286204,37.52025209247954],[127.05619172882768,37.52053631410934],[127.05618659756131,37.52054573166835],[127.05628951440914,37.52065101682489],[127.05649661167025,37.52027081838226],[127.05654485001823,37.520182319499476],[127.056483358084,37.520085942501154],[127.05644239279358,37.520078599054955]]]}},{"type":"Feature","id":770,"properties":{"model_ref_id":770,"source_type":"MODEL_REFERENCE","model_use":"역세권활성화 간선가로형","reference_name":"노선형 상업지역 판정용 참조도형"},"geometry":{"type":"Polygon","coordinates":[[[127.05760129927589,37.52039006359103],[127.05747862379823,37.52034708179262],[127.0574320308923,37.52033075753051],[127.05730570613994,37.52037018881926],[127.05725396658684,37.52046517673151],[127.05716393040528,37.52063045924944],[127.0571205501801,37.520710036371455],[127.05706872169684,37.520805139861814],[127.05705807913172,37.52082467064631],[127.05705807895043,37.5208246709798],[127.05719269883201,37.520871860030496],[127.05729856474154,37.52067762727627],[127.05738853282448,37.52051236270821],[127.0574253266403,37.52044491581872],[127.05760129927589,37.52039006359103]]]}},{"type":"Feature","id":771,"properties":{"model_ref_id":771,"source_type":"MODEL_REFERENCE","model_use":"역세권활성화 간선가로형","reference_name":"노선형 상업지역 판정용 참조도형"},"geometry":{"type":"Polygon","coordinates":[[[127.05627167754318,37.52068376234516],[127.05627285741876,37.520681596290764],[127.0562484141225,37.52072637996503],[127.05627167754318,37.52068376234516]]]}},{"type":"Feature","id":772,"properties":{"model_ref_id":772,"source_type":"MODEL_REFERENCE","model_use":"역세권활성화 간선가로형","reference_name":"노선형 상업지역 판정용 참조도형"},"geometry":{"type":"Polygon","coordinates":[[[127.05614767925022,37.520911381041294],[127.05615555514551,37.52089691925435],[127.0562484141225,37.52072637996503],[127.05614551965476,37.52062111684496],[127.05614101463817,37.52062938196568],[127.05611354320409,37.52067976946048],[127.05599808553727,37.52089190487609],[127.05586299450025,37.52113980106068],[127.05586298094366,37.52113982629441],[127.055763609234,37.52132224058517],[127.05566427319445,37.521504590800674],[127.05566424833961,37.52150463586117],[127.05560131132867,37.5216202966847],[127.0555382813837,37.52173598454342],[127.05550563143903,37.521795824651825],[127.05541265350652,37.52196651107598],[127.05554749262528,37.52201320310961],[127.05561879090857,37.521882327299316],[127.05572981209558,37.52167852120929],[127.05573621632603,37.521666763592904],[127.05576025730994,37.5216226314831],[127.05579674081393,37.52155565564681],[127.05579792861127,37.521553471041976],[127.0557992300698,37.52155107473359],[127.05580068292032,37.521548409863094],[127.05580379945647,37.521542695765454],[127.05580719059661,37.52153647207775],[127.05612308998484,37.52095654317564],[127.05613260648545,37.52093906527072],[127.05614767925022,37.520911381041294]]]}},{"type":"Feature","id":773,"properties":{"model_ref_id":773,"source_type":"MODEL_REFERENCE","model_use":"역세권활성화 간선가로형","reference_name":"노선형 상업지역 판정용 참조도형"},"geometry":{"type":"Polygon","coordinates":[[[127.0562560486458,37.522397348855826],[127.0563286768332,37.52245781243467],[127.05637492218933,37.5223731487621],[127.05640687120417,37.5223145250698],[127.05653163891495,37.52208534740875],[127.05658980972478,37.5219784819022],[127.05664800084018,37.521871769523855],[127.05670606848214,37.52176504816114],[127.05677023660499,37.521647367979206],[127.05683435926544,37.52152966976101],[127.05695309191813,37.52131182880257],[127.05716570734404,37.52092151813937],[127.05716571073484,37.52092151190112],[127.05703107829264,37.52087432743607],[127.05689704817638,37.52112037549059],[127.05689647207915,37.52112143300322],[127.05680935953012,37.52128135034117],[127.05680764645314,37.521284496056],[127.05680725659896,37.52128521079923],[127.05665590594926,37.521563051765725],[127.05663569132807,37.52160016327852],[127.05663415869485,37.5216029739598],[127.05639313815813,37.522045420642215],[127.05627225709102,37.52226732900183],[127.05624004816345,37.522326448318616],[127.0562560486458,37.522397348855826]]]}},{"type":"Feature","id":774,"properties":{"model_ref_id":774,"source_type":"MODEL_REFERENCE","model_use":"역세권활성화 간선가로형","reference_name":"노선형 상업지역 판정용 참조도형"},"geometry":{"type":"Polygon","coordinates":[[[127.05502387640497,37.52297443969921],[127.05508827406054,37.5228562017409],[127.05519918901132,37.52265259649151],[127.0551997154466,37.5226516283461],[127.05520260766693,37.52264631124064],[127.05534620955711,37.52238270788672],[127.05535471857688,37.52236709067833],[127.05551146178551,37.522079354559466],[127.05537661282855,37.52203266196723],[127.05521132258986,37.522336021591066],[127.05506740624475,37.52260021416779],[127.05500525937943,37.52271443272392],[127.05500524582233,37.52271445795756],[127.0547032754025,37.52326873935672],[127.05455232515156,37.523545771312925],[127.05468719756055,37.523592484786796],[127.05502387640497,37.52297443969921]]]}},{"type":"Feature","id":775,"properties":{"model_ref_id":775,"source_type":"MODEL_REFERENCE","model_use":"역세권활성화 간선가로형","reference_name":"노선형 상업지역 판정용 참조도형"},"geometry":{"type":"Polygon","coordinates":[[[127.0556635594167,37.52338460059207],[127.05556241881024,37.5235704751245],[127.05556153645412,37.52357209729473],[127.0554825422334,37.5237172815096],[127.05541351344134,37.52384399100291],[127.05541351326119,37.52384399133283],[127.05554838227172,37.52389070388014],[127.05554838855451,37.5238906923769],[127.05561661607604,37.52376535266378],[127.05569706753003,37.5236175368268],[127.05579941366993,37.52342957305206],[127.05587625017048,37.52328823590025],[127.05595032891289,37.523152359916295],[127.05596382845302,37.52312759562576],[127.0560354211358,37.522995893173096],[127.05610367083612,37.522870625228855],[127.05617189662946,37.522745465371884],[127.05626194756957,37.52257997643488],[127.05626993572889,37.52256535124496],[127.05621620421955,37.52252062193961],[127.05612707324154,37.522533275864255],[127.05603714515213,37.522698467318726],[127.05596902099902,37.52282364507319],[127.05593243977904,37.522890809293415],[127.05592943541248,37.522896327471365],[127.05592606597446,37.5229025096581],[127.05591951783435,37.522914528103115],[127.05590078921898,37.52294891743754],[127.05587711622509,37.522992415106025],[127.05582915672278,37.5230805792831],[127.05582181321317,37.52309400728262],[127.055821441769,37.52309468607316],[127.05582141892312,37.52309472824901],[127.05581561078283,37.52310536700485],[127.05574737495662,37.523230660174534],[127.0556635594167,37.52338460059207]]]}},{"type":"Feature","id":776,"properties":{"model_ref_id":776,"source_type":"MODEL_REFERENCE","model_use":"역세권활성화 간선가로형","reference_name":"노선형 상업지역 판정용 참조도형"},"geometry":{"type":"Polygon","coordinates":[[[127.0548934047584,37.52495766992264],[127.05488378103648,37.52502776196236],[127.05487783838292,37.52510272672701],[127.05487637985294,37.52517417567146],[127.05487630543786,37.525177779768896],[127.05488687605768,37.525249944107415],[127.05489425899214,37.525291296188996],[127.05490774891962,37.52533165450193],[127.05492352831722,37.52536353351581],[127.05492700615929,37.52537056869965],[127.0549443662874,37.52539641040049],[127.0550334201332,37.524990305204085],[127.0550378183937,37.52497066174102],[127.05503815771308,37.524968949715436],[127.05504638992586,37.524931573130516],[127.05505338053656,37.52489983727321],[127.05507086759319,37.5248316248183],[127.055092314435,37.52476404130616],[127.05511749505231,37.52469744722935],[127.05514674881087,37.52463184243583],[127.05516679090745,37.52459246133826],[127.05516821320532,37.5245896667482],[127.05526548946885,37.52440978666161],[127.05534438204663,37.524264818890856],[127.05552126231338,37.52394035786167],[127.05552127138974,37.52394034124378],[127.05538639771682,37.523893647586206],[127.05538639730317,37.52389364834374],[127.05538401328621,37.523898022417086],[127.05516730229384,37.524295712419345],[127.05513106326927,37.52436227478315],[127.05504474603109,37.52452061543259],[127.05500927311017,37.52459018728392],[127.05497776030877,37.524660928666165],[127.05495054694927,37.5247327493346],[127.05492740673085,37.5248055601938],[127.05490856572598,37.524879088147635],[127.05490191484735,37.52491305829625],[127.05489402495516,37.524953155703116],[127.0548934047584,37.52495766992264]]]}},{"type":"Feature","id":777,"properties":{"model_ref_id":777,"source_type":"MODEL_REFERENCE","model_use":"역세권활성화 간선가로형","reference_name":"노선형 상업지역 판정용 참조도형"},"geometry":{"type":"Polygon","coordinates":[[[127.05492782327057,37.589130584736424],[127.05500754362934,37.58904170495888],[127.05491029803312,37.58896809212465],[127.05481798274414,37.58889682928536],[127.05479686872413,37.5888815940035],[127.05460423217953,37.58873319719549],[127.05452984832944,37.58867333267083],[127.05443209627633,37.588594629821955],[127.05431710365846,37.58849040157537],[127.0542400520965,37.588421268766],[127.05414630615122,37.58833716438016],[127.05411096192671,37.588305448338176],[127.05410892722026,37.588310414430296],[127.0541001862961,37.588331751441935],[127.05409712423422,37.58833922187127],[127.05409713185308,37.58835037687258],[127.05409714150262,37.58837942438856],[127.05409717312517,37.58841080452613],[127.05410679019057,37.58845064159854],[127.05412624048618,37.58848209532282],[127.05421523062928,37.58856193745709],[127.0543326465375,37.58866836403509],[127.05434691178125,37.588679848992086],[127.05443323635603,37.588749343401325],[127.05443330131861,37.58874939568634],[127.0545120397241,37.58880659502609],[127.05461473950277,37.588883016170996],[127.0547085697106,37.588952954069335],[127.05492782327057,37.589130584736424]]]}},{"type":"Feature","id":778,"properties":{"model_ref_id":778,"source_type":"MODEL_REFERENCE","model_use":"역세권활성화 간선가로형","reference_name":"노선형 상업지역 판정용 참조도형"},"geometry":{"type":"Polygon","coordinates":[[[127.0547243894742,37.58936613544778],[127.05463616363524,37.58929674471403],[127.05459957952948,37.5892680465444],[127.05456198529251,37.58923856495372],[127.054517119598,37.589203905901044],[127.05447225395132,37.589169255840886],[127.05445577873235,37.58918376875622],[127.0543349613442,37.58920989398529],[127.0543460786662,37.58921861223716],[127.05437357501073,37.58924368349833],[127.05446698806558,37.58931586519969],[127.05450696554186,37.589347226383836],[127.0545753779322,37.58933478350787],[127.05460592882433,37.58933968950397],[127.05461950575011,37.58934188195771],[127.0546847281882,37.58939988540373],[127.05469451642996,37.589391871431054],[127.05471335632474,37.58940768435089],[127.05476440096996,37.58939676016839],[127.0547243894742,37.58936613544778]]]}},{"type":"Feature","id":779,"properties":{"model_ref_id":779,"source_type":"MODEL_REFERENCE","model_use":"역세권활성화 간선가로형","reference_name":"노선형 상업지역 판정용 참조도형"},"geometry":{"type":"Polygon","coordinates":[[[127.05539954200808,37.5893390077123],[127.05535201828552,37.589302385124604],[127.0551994983028,37.58919056922319],[127.05519469417783,37.589187192679965],[127.05504440046663,37.58907027696019],[127.05503176083207,37.58906032221917],[127.05494913206795,37.58914736058014],[127.05510219105054,37.58926642943737],[127.05510851083602,37.58927086846929],[127.05525870972153,37.58938098266597],[127.05530497713275,37.58941664180104],[127.05538165690537,37.58947583718704],[127.05551311381916,37.58957975162957],[127.05552754680829,37.58959165613549],[127.05561075954934,37.58965998527843],[127.05568078107055,37.58971746346648],[127.0557770185956,37.58977513712848],[127.05581296933303,37.589797627479065],[127.05589433986154,37.589813930300856],[127.05602845040377,37.589821291530264],[127.05598769325599,37.589786017630345],[127.0557083140556,37.58958473810549],[127.05562521686015,37.58951649907672],[127.05560988888868,37.58950385617962],[127.05547683577863,37.58939868028302],[127.05539954200808,37.5893390077123]]]}},{"type":"Feature","id":780,"properties":{"model_ref_id":780,"source_type":"MODEL_REFERENCE","model_use":"역세권활성화 간선가로형","reference_name":"노선형 상업지역 판정용 참조도형"},"geometry":{"type":"Polygon","coordinates":[[[127.05480373996548,37.58942035996294],[127.05471359831601,37.58943017264361],[127.05471385397715,37.589439677844375],[127.05467948312999,37.589444945583395],[127.0546694903718,37.58943554374906],[127.0546089424691,37.58937529481902],[127.05457033075676,37.58937134737887],[127.0545413343207,37.58937419140032],[127.05462953952404,37.58944355288547],[127.05467607611307,37.58947916619921],[127.0547171704547,37.58950380797102],[127.05473425411466,37.5895160889233],[127.05478329164148,37.58955133259929],[127.05480242384559,37.58956733998752],[127.05480345699337,37.58956820439977],[127.05480370590794,37.589567883615764],[127.05480830411382,37.58956982771077],[127.05487818681436,37.58947385195121],[127.0548419401864,37.58944779884181],[127.0548037509455,37.589420366550584],[127.05480373996548,37.58942035996294]]]}},{"type":"Feature","id":781,"properties":{"model_ref_id":781,"source_type":"MODEL_REFERENCE","model_use":"역세권활성화 간선가로형","reference_name":"노선형 상업지역 판정용 참조도형"},"geometry":{"type":"Polygon","coordinates":[[[127.05546182097821,37.589931020478545],[127.05541004907278,37.5898900850235],[127.05524726936079,37.58976311029595],[127.05513918660904,37.58967815783225],[127.05513666874145,37.58967618780314],[127.0549095043539,37.58949976724692],[127.05490480966998,37.58949612143101],[127.0549640006346,37.58954209031163],[127.05491116113029,37.58954456420006],[127.0548613897842,37.589613029082074],[127.0549112803751,37.589651140773746],[127.05493715526706,37.58967231138169],[127.05504050472102,37.58975258083448],[127.05504066445252,37.58975270509902],[127.05504157866162,37.589753418270426],[127.0553145421125,37.58996698973896],[127.05536574871067,37.59000746598742],[127.05548713512076,37.590104717679814],[127.05549025432495,37.59010458134353],[127.05552106729134,37.59010322499649],[127.05553723046792,37.59003132882254],[127.05554577834091,37.58999834023784],[127.0555226643872,37.58997980370666],[127.05550141380384,37.58996276414609],[127.0554763761393,37.58994268347376],[127.05546182097821,37.589931020478545]]]}},{"type":"Feature","id":782,"properties":{"model_ref_id":782,"source_type":"MODEL_REFERENCE","model_use":"역세권활성화 간선가로형","reference_name":"노선형 상업지역 판정용 참조도형"},"geometry":{"type":"Polygon","coordinates":[[[127.05693772814396,37.59109610413945],[127.05689190614062,37.591032399080795],[127.0568603248095,37.59098136411229],[127.05674115764043,37.59079563686876],[127.05667332068468,37.59069557814106],[127.05656978593922,37.59053475563505],[127.05656194234813,37.59052295638849],[127.05647726112814,37.59039547942858],[127.0564614139861,37.59036977270741],[127.05645082727908,37.59035360495427],[127.05638652499917,37.59025535541914],[127.05628237242058,37.59009968651852],[127.0562369322014,37.59003279051151],[127.05622244607125,37.590053096960524],[127.05616272999218,37.59015092404381],[127.05626630433379,37.590305728371135],[127.05633032312993,37.590403545629776],[127.05633533266777,37.59041120418003],[127.0563401515309,37.59041856949474],[127.05635619019658,37.590444564458245],[127.05644182451483,37.59057348263651],[127.0564466893999,37.590580803572436],[127.05644925891355,37.590584669411506],[127.05648438684311,37.59063923464386],[127.05655305530883,37.59074589734307],[127.05662084568199,37.59084589309182],[127.05673886776873,37.5910298280314],[127.05674698141421,37.591042943473525],[127.05677187961356,37.59108318780315],[127.05678908810542,37.59110710858705],[127.05693772814396,37.59109610413945]]]}},{"type":"Feature","id":783,"properties":{"model_ref_id":783,"source_type":"MODEL_REFERENCE","model_use":"역세권활성화 간선가로형","reference_name":"노선형 상업지역 판정용 참조도형"},"geometry":{"type":"Polygon","coordinates":[[[127.05596183249257,37.590479348449655],[127.0560008232976,37.59053802062704],[127.05602384287616,37.590571400517135],[127.05615844073917,37.59077344725864],[127.05633563055034,37.59104157035501],[127.05642678792408,37.59100259789199],[127.05644116360028,37.59096773664074],[127.05627859195278,37.590722966334404],[127.05625139979365,37.59068151471814],[127.0561434271318,37.590520073064496],[127.05612269701079,37.59049001587336],[127.05612044152079,37.59048674633983],[127.05608125794348,37.590427758946014],[127.05607369839659,37.590417220907426],[127.05604052476252,37.590370898540876],[127.05603608142503,37.590363926970994],[127.05603127536186,37.59035637893824],[127.05600668135892,37.59032205372852],[127.05594638646117,37.59023787542151],[127.05585016644612,37.59021883580478],[127.05581858333649,37.59021189438415],[127.0557801319795,37.59022411395248],[127.0559129029027,37.59040946354271],[127.05596183249257,37.590479348449655]]]}},{"type":"Feature","id":784,"properties":{"model_ref_id":784,"source_type":"MODEL_REFERENCE","model_use":"역세권활성화 간선가로형","reference_name":"노선형 상업지역 판정용 참조도형"},"geometry":{"type":"Polygon","coordinates":[[[127.0565799844177,37.59118017419307],[127.05657508774408,37.591172734341924],[127.05656930515983,37.59116394636293],[127.05652210510934,37.591092222705534],[127.05652210434639,37.59109222154651],[127.05646648429719,37.59111289558716],[127.05648005442039,37.59113672029272],[127.05641466189535,37.591161724966675],[127.056414514129,37.59116178245116],[127.05645989954799,37.591230755398726],[127.05646684880386,37.591241095472306],[127.05648912544771,37.5912750696282],[127.05650688613382,37.5912753595283],[127.05658018046492,37.59127999337057],[127.05664522472637,37.591306101200935],[127.05667020962827,37.591316270895156],[127.05665771937335,37.59129846424951],[127.0565869778886,37.59119057730799],[127.0565799844177,37.59118017419307]]]}},{"type":"Feature","id":785,"properties":{"model_ref_id":785,"source_type":"MODEL_REFERENCE","model_use":"역세권활성화 간선가로형","reference_name":"노선형 상업지역 판정용 참조도형"},"geometry":{"type":"Polygon","coordinates":[[[127.05693038887684,37.59131309809369],[127.0570707597792,37.5913042133621],[127.05707771985938,37.59130365541491],[127.05707441636083,37.59129866977759],[127.05705034887487,37.59126232726209],[127.0569741015049,37.5911492795705],[127.0569739382834,37.591149034579274],[127.05697393780525,37.5911490338704],[127.05696059300702,37.591149890297274],[127.05682708467704,37.59115992502225],[127.05682708525534,37.591159925879786],[127.05693038887684,37.59131309809369]]]}},{"type":"Feature","id":786,"properties":{"model_ref_id":786,"source_type":"MODEL_REFERENCE","model_use":"역세권활성화 간선가로형","reference_name":"노선형 상업지역 판정용 참조도형"},"geometry":{"type":"Polygon","coordinates":[[[127.05670066008877,37.591361657291344],[127.05670591785427,37.591363497549914],[127.05670591663274,37.59136349593431],[127.0567006592049,37.59136165597478],[127.05667137842023,37.59135140847517],[127.05670066008877,37.591361657291344]]]}},{"type":"Feature","id":787,"properties":{"model_ref_id":787,"source_type":"MODEL_REFERENCE","model_use":"역세권활성화 간선가로형","reference_name":"노선형 상업지역 판정용 참조도형"},"geometry":{"type":"Polygon","coordinates":[[[127.05663722965377,37.59148237170617],[127.05669561047513,37.59140113140498],[127.05662862508844,37.591384034256045],[127.05655341194397,37.591371501551244],[127.05655341261274,37.591371502446364],[127.05655350328178,37.59137162583912],[127.05663722965377,37.59148237170617]]]}},{"type":"Feature","id":788,"properties":{"model_ref_id":788,"source_type":"MODEL_REFERENCE","model_use":"역세권활성화 간선가로형","reference_name":"노선형 상업지역 판정용 참조도형"},"geometry":{"type":"Polygon","coordinates":[[[127.05710561966445,37.59134638926304],[127.05710347359198,37.591343101786826],[127.05695753602001,37.59135408917011],[127.0570294471876,37.59146423680413],[127.05702944848989,37.59146423838093],[127.05707619631282,37.59149450626684],[127.05705582776574,37.59149564181027],[127.0570722483493,37.59151518550018],[127.05714139268935,37.59162077538483],[127.05719464805016,37.59170589330672],[127.0572650867965,37.591815996416955],[127.05733618961936,37.59181125162401],[127.05733721059515,37.591813918046704],[127.05733818620187,37.59181647637301],[127.05740078685707,37.59181331216155],[127.05741248180051,37.59181002054786],[127.05738491230753,37.59176633351324],[127.05731616143852,37.59165751809488],[127.05726230518265,37.59157144546736],[127.05720014938227,37.59148509731917],[127.0571468104727,37.59140948474417],[127.05710561966445,37.59134638926304]]]}},{"type":"Feature","id":789,"properties":{"model_ref_id":789,"source_type":"MODEL_REFERENCE","model_use":"역세권활성화 간선가로형","reference_name":"노선형 상업지역 판정용 참조도형"},"geometry":{"type":"Polygon","coordinates":[[[127.05682855399851,37.59153391998975],[127.05680231127543,37.59149099137211],[127.0568001276658,37.59149328985838],[127.05676879285778,37.591446657644035],[127.0567449567714,37.59141513145002],[127.05673854325391,37.591413428241374],[127.05673473599266,37.59141241768074],[127.05672549713915,37.59140996541299],[127.05666346273703,37.59149178431769],[127.05666780458796,37.5915228134377],[127.05668277028614,37.59154260867796],[127.05670725597386,37.591582781130455],[127.05678116705894,37.59170463169537],[127.05680424550563,37.59174331004622],[127.0568551705363,37.59182866253391],[127.05698217313534,37.59177655511891],[127.05694758066475,37.591722549232664],[127.05691172360515,37.59166656987192],[127.05690919983441,37.591662702677986],[127.05690433308965,37.59165524706058],[127.05682855399851,37.59153391998975]]]}},{"type":"Feature","id":790,"properties":{"model_ref_id":790,"source_type":"MODEL_REFERENCE","model_use":"역세권활성화 간선가로형","reference_name":"노선형 상업지역 판정용 참조도형"},"geometry":{"type":"Polygon","coordinates":[[[127.05744493521415,37.59185825927146],[127.05735640505976,37.59186419274981],[127.05729798300305,37.59186815688676],[127.05732167397012,37.5919047887347],[127.05739218142192,37.59199986343563],[127.05740111245349,37.59201190538703],[127.05743778124392,37.59206673998071],[127.05746576658053,37.592114046069874],[127.05746578389244,37.59211407341919],[127.05749737803964,37.59216748678918],[127.05751236455629,37.59219049082905],[127.05760822933753,37.592325304799914],[127.05762815595325,37.592354406155316],[127.05774881551456,37.59253069853147],[127.05786751016072,37.59247805782958],[127.05774748238855,37.59230269790092],[127.05772703432811,37.59227282196667],[127.05763184833397,37.59213897182267],[127.05761920935282,37.592119570620724],[127.05758794277949,37.59206672564813],[127.05752042707178,37.5919600532083],[127.05750919526648,37.59194491296621],[127.05744493521415,37.59185825927146]]]}},{"type":"Feature","id":791,"properties":{"model_ref_id":791,"source_type":"MODEL_REFERENCE","model_use":"역세권활성화 간선가로형","reference_name":"노선형 상업지역 판정용 참조도형"},"geometry":{"type":"Polygon","coordinates":[[[127.05740138997226,37.59264257117442],[127.05742745060805,37.59268320224275],[127.057496945114,37.59279074121017],[127.0575199044004,37.59278086155477],[127.05761683158134,37.59273983133894],[127.05754837597908,37.592633908074],[127.05747629257681,37.59252151742539],[127.05745938090443,37.59249664023754],[127.05740121967693,37.592408425345155],[127.05731847250475,37.59228292128001],[127.05730601251598,37.59226584868721],[127.05729878534986,37.592255946968685],[127.05729447211691,37.59224961974378],[127.05728650977504,37.5922379411779],[127.05724632458215,37.59217429659785],[127.05722920978543,37.5921501492602],[127.05721215005256,37.592123848559474],[127.05715442260463,37.59203968773756],[127.05713768037575,37.592013963505394],[127.05706567180435,37.59190942907987],[127.05699761143578,37.59179990139063],[127.05689627052435,37.59184263596494],[127.05687176634595,37.59185277706681],[127.05694514406683,37.5919593983113],[127.05701776458076,37.5920648154872],[127.05703445010123,37.59209044966442],[127.05705714998,37.59212354207843],[127.05709213211702,37.5921745474967],[127.05710962256447,37.59220151474031],[127.0571263746366,37.59222514960531],[127.05716606098021,37.59228800069362],[127.05718029745339,37.59230888782306],[127.05719950854895,37.59233520556003],[127.05728089535889,37.592458656104945],[127.05735511939476,37.59257194692411],[127.05738022485433,37.59256079022652],[127.05738576654645,37.592567472924806],[127.05735956214212,37.59257872803699],[127.05740138997226,37.59264257117442]]]}},{"type":"Feature","id":792,"properties":{"model_ref_id":792,"source_type":"MODEL_REFERENCE","model_use":"역세권활성화 간선가로형","reference_name":"노선형 상업지역 판정용 참조도형"},"geometry":{"type":"Polygon","coordinates":[[[127.05785061264949,37.59269260192604],[127.05792584201434,37.59273990430294],[127.05798980932738,37.592777301127704],[127.05802994312245,37.592800563683895],[127.05812372393905,37.59288465318961],[127.05814597789157,37.59290627525998],[127.05814963936125,37.59290984713556],[127.05814686307602,37.59290592256476],[127.05810986458663,37.592853611989796],[127.05805889228023,37.592780765641436],[127.05797262599413,37.592645009664196],[127.05791033068076,37.59254061540164],[127.05789841489954,37.5925232073615],[127.05789486356123,37.59252488252159],[127.05786885270676,37.59253694967814],[127.05778036126189,37.59257678656609],[127.05778920173813,37.59258970281156],[127.05785061264949,37.59269260192604]]]}},{"type":"Feature","id":793,"properties":{"model_ref_id":793,"source_type":"MODEL_REFERENCE","model_use":"역세권활성화 간선가로형","reference_name":"노선형 상업지역 판정용 참조도형"},"geometry":{"type":"Polygon","coordinates":[[[127.05806336017368,37.59292830664592],[127.05803072360179,37.59289182327731],[127.05801523157153,37.59287314423095],[127.05792590699399,37.59281297350566],[127.05799130828967,37.592906428448984],[127.05803923103052,37.592974186627046],[127.05813681423606,37.59311657656522],[127.05817574914602,37.59309529533083],[127.05818639614277,37.59310006553518],[127.05820835188813,37.59308572974316],[127.05808996532386,37.59295432346597],[127.05806336017368,37.59292830664592]]]}},{"type":"Feature","id":794,"properties":{"model_ref_id":794,"source_type":"MODEL_REFERENCE","model_use":"역세권활성화 간선가로형","reference_name":"노선형 상업지역 판정용 참조도형"},"geometry":{"type":"Polygon","coordinates":[[[127.05823429521384,37.59362601543584],[127.05817137563199,37.593536532787866],[127.05809840043916,37.59343028761585],[127.05807270192827,37.59339022414764],[127.05803133003668,37.5933313285492],[127.05795325495698,37.593218283283576],[127.05788067660563,37.59311192966914],[127.05781614591781,37.59301682547609],[127.0577803616683,37.59296486471536],[127.05773796871685,37.59290259081957],[127.05768294993942,37.59282351052272],[127.05763124944521,37.592807244779564],[127.05762133915925,37.59281887196521],[127.05759265287709,37.592795667048826],[127.05761541383367,37.592814081507235],[127.05753717590204,37.59284783313184],[127.05760567684614,37.5929390154743],[127.0576187886796,37.59295452513689],[127.05766104553526,37.59301659101222],[127.0576967843892,37.59306848876127],[127.0577611902866,37.593163412881275],[127.05783401787951,37.59327011873453],[127.05791199082731,37.59338302807799],[127.05797899309479,37.59348187011634],[127.05805246692069,37.593588853929916],[127.05805546043985,37.593593113254336],[127.05811534105952,37.593678264583495],[127.05812959047178,37.593699088518896],[127.05812965489692,37.59369918266936],[127.05822373617877,37.593663807341215],[127.05823452615016,37.59363207890201],[127.05823429521384,37.59362601543584]]]}},{"type":"Feature","id":795,"properties":{"model_ref_id":795,"source_type":"MODEL_REFERENCE","model_use":"역세권활성화 간선가로형","reference_name":"노선형 상업지역 판정용 참조도형"},"geometry":{"type":"Polygon","coordinates":[[[127.0584026265793,37.59326543529052],[127.05835997229161,37.59324882570613],[127.05840262739889,37.59326543646424],[127.0584026265793,37.59326543529052]]]}},{"type":"Feature","id":796,"properties":{"model_ref_id":796,"source_type":"MODEL_REFERENCE","model_use":"역세권활성화 간선가로형","reference_name":"노선형 상업지역 판정용 참조도형"},"geometry":{"type":"Polygon","coordinates":[[[127.05845266733652,37.59333710143247],[127.05841946060461,37.59330718111615],[127.05840621704405,37.59331286348285],[127.05836938807973,37.59327287737652],[127.0583440153818,37.593260095394264],[127.0582612720345,37.59329644349926],[127.05839949313687,37.59348356571614],[127.05846107643187,37.59357096761409],[127.05858834466109,37.593753436692324],[127.05866543420426,37.593862328488406],[127.058714740485,37.59393131105723],[127.05872650563498,37.593947765852704],[127.05874146661317,37.593938073794654],[127.05877994776269,37.593945686903936],[127.0587922920278,37.593948663307636],[127.05878611754683,37.59395920765211],[127.05888081538579,37.59395836977701],[127.05885087789919,37.59390422647687],[127.0588328433663,37.59387785440128],[127.05878368435818,37.593809070026516],[127.0587069358873,37.59370067368309],[127.0586105779871,37.5935625173444],[127.05857973433086,37.59351829479744],[127.05851814073665,37.5934308749459],[127.05845266733652,37.59333710143247]]]}},{"type":"Feature","id":797,"properties":{"model_ref_id":797,"source_type":"MODEL_REFERENCE","model_use":"역세권활성화 간선가로형","reference_name":"노선형 상업지역 판정용 참조도형"},"geometry":{"type":"Polygon","coordinates":[[[127.05817089731093,37.5937594540247],[127.0581922274505,37.593790625545786],[127.05829838141392,37.593945498863846],[127.05839477499983,37.59408455550735],[127.05843064028892,37.59413761522518],[127.05843656937479,37.594148794465546],[127.05845047195365,37.594175014473024],[127.05846217488556,37.59419273128878],[127.05852627677682,37.5941103157634],[127.05855334697314,37.59409089599647],[127.05851410365787,37.59403283748193],[127.05841751721952,37.59389350172231],[127.05831153312073,37.5937388897138],[127.05830820204248,37.5937340217359],[127.05830819675624,37.59373402041369],[127.05830820057811,37.59373402599925],[127.05826158671917,37.59372236214488],[127.05817089731093,37.5937594540247]]]}},{"type":"Feature","id":798,"properties":{"model_ref_id":798,"source_type":"MODEL_REFERENCE","model_use":"역세권활성화 간선가로형","reference_name":"노선형 상업지역 판정용 참조도형"},"geometry":{"type":"Polygon","coordinates":[[[127.05863073046439,37.594215527734534],[127.05857342814767,37.59412877262434],[127.05857080611108,37.59412382700445],[127.05848047903284,37.59422044152232],[127.05851043806221,37.59426579575658],[127.05856523530959,37.594348903117876],[127.05857016537439,37.594356541982485],[127.05865833773028,37.59449315764245],[127.05877923224101,37.594443801251195],[127.05868583386561,37.59429908538469],[127.05863073046439,37.594215527734534]]]}},{"type":"Feature","id":799,"properties":{"model_ref_id":799,"source_type":"MODEL_REFERENCE","model_use":"역세권활성화 간선가로형","reference_name":"노선형 상업지역 판정용 참조도형"},"geometry":{"type":"Polygon","coordinates":[[[127.05892391119389,37.59402555349848],[127.05891573047404,37.594013126507754],[127.05876423861415,37.594016015559006],[127.05880027522764,37.594070750901004],[127.05880813378556,37.59408646022357],[127.05893292180723,37.59427811193937],[127.0589556844905,37.59431292391033],[127.05903041040796,37.59442721252643],[127.05914767011382,37.59460581152103],[127.05921945014592,37.59471380448577],[127.05926249409075,37.5947819879264],[127.05935563184511,37.59477389780819],[127.05941142729041,37.59477269698149],[127.0594087332349,37.59476864679842],[127.05938259405234,37.59473135884349],[127.05934022909423,37.594664256294266],[127.05926793996035,37.59455550682414],[127.0591508954282,37.59437723309789],[127.0590762249189,37.59426302381673],[127.05905350754757,37.59422829293515],[127.05893188317201,37.59404148890442],[127.05892391119389,37.59402555349848]]]}},{"type":"Feature","id":800,"properties":{"model_ref_id":800,"source_type":"MODEL_REFERENCE","model_use":"역세권활성화 간선가로형","reference_name":"노선형 상업지역 판정용 참조도형"},"geometry":{"type":"Polygon","coordinates":[[[127.05882130000565,37.59450800299991],[127.05870046067766,37.5945574459564],[127.05870057650178,37.59455762271381],[127.05878946380837,37.59469586267038],[127.05887066011584,37.59482263542843],[127.05893987058978,37.59481987404799],[127.05895674046478,37.59480265740389],[127.05900808808417,37.59479909223145],[127.05891048221308,37.59464669321543],[127.05882130000565,37.59450800299991]]]}},{"type":"Feature","id":801,"properties":{"model_ref_id":801,"source_type":"MODEL_REFERENCE","model_use":"역세권활성화 간선가로형","reference_name":"노선형 상업지역 판정용 참조도형"},"geometry":{"type":"Polygon","coordinates":[[[127.0594733586527,37.59510448199224],[127.05948257645963,37.59511898330859],[127.05954947395367,37.59522420338945],[127.05954947427114,37.59522420379694],[127.05961759616851,37.595243325521],[127.0596352294203,37.59524738047261],[127.05970108909123,37.59526771094928],[127.05974552814025,37.5952747178163],[127.05970891627322,37.59522519821546],[127.05968264109616,37.59518965919083],[127.05964937815877,37.5951358336863],[127.05958329853377,37.59503413518635],[127.05949761861741,37.59490227321679],[127.05943423801357,37.594806990094085],[127.0594342359461,37.59480698698589],[127.05928934734627,37.594820284661246],[127.05937722367095,37.5949523889994],[127.05947530537696,37.59510334583104],[127.0594733586527,37.59510448199224]]]}},{"type":"Feature","id":802,"properties":{"model_ref_id":802,"source_type":"MODEL_REFERENCE","model_use":"역세권활성화 간선가로형","reference_name":"노선형 상업지역 판정용 참조도형"},"geometry":{"type":"Polygon","coordinates":[[[127.05895105989731,37.594943735018546],[127.05907566459216,37.59513161965833],[127.05912941146129,37.59521359111214],[127.05915365721633,37.595250565579306],[127.05916874402088,37.59527141601469],[127.05917094291412,37.595274469521286],[127.05921507093768,37.595246337818665],[127.05927280581469,37.595198549560216],[127.05919598067972,37.59508138709525],[127.05907129641004,37.59489337648191],[127.05903892081847,37.59484431654778],[127.05903892023812,37.59484431569653],[127.05893879695269,37.59485290436063],[127.05889290297706,37.594856881583205],[127.05891904711272,37.59489522357486],[127.05895105989731,37.594943735018546]]]}},{"type":"Feature","id":803,"properties":{"model_ref_id":803,"source_type":"MODEL_REFERENCE","model_use":"역세권활성화 간선가로형","reference_name":"노선형 상업지역 판정용 참조도형"},"geometry":{"type":"Polygon","coordinates":[[[127.05922601762047,37.59525763986503],[127.05917975517818,37.59528670672284],[127.05926710932377,37.59540801130975],[127.05928634779175,37.59543857227927],[127.05930353166305,37.59546453935677],[127.05939181498032,37.59542736788858],[127.05940784322266,37.59539016792324],[127.05938689286482,37.59535688684121],[127.05928656644153,37.59521755361043],[127.05922601762047,37.59525763986503]]]}},{"type":"Feature","id":804,"properties":{"model_ref_id":804,"source_type":"MODEL_REFERENCE","model_use":"역세권활성화 간선가로형","reference_name":"노선형 상업지역 판정용 참조도형"},"geometry":{"type":"Polygon","coordinates":[[[127.06013868759297,37.5958689487383],[127.06012715066558,37.595851581732816],[127.06008622559209,37.59578858722114],[127.06003905553496,37.595716314751094],[127.06002185694663,37.59568996138249],[127.06000925026868,37.5956714623105],[127.05994756935232,37.59558096194048],[127.05994201816927,37.59557281888765],[127.05990227131949,37.595511707683066],[127.05987423736772,37.59546860855485],[127.05979664901976,37.59534705008838],[127.05978407627059,37.59532685623799],[127.05976828369273,37.59530549593654],[127.05971172486598,37.59530194295386],[127.05968965529497,37.59530103455102],[127.05968658858481,37.595303504698535],[127.05957029369813,37.59525092539636],[127.05966448580345,37.595378323388196],[127.05967517659167,37.59539549988262],[127.05974276810466,37.595501404257945],[127.05975333162998,37.59551795012248],[127.05982195119871,37.59562343950709],[127.05990183518307,37.595740645128686],[127.05996558021478,37.595838326208366],[127.05999222479565,37.59587934026633],[127.06000673193964,37.595901662122095],[127.0600211441599,37.59592336708793],[127.06003546947643,37.59594493221625],[127.06009759354431,37.59590645648183],[127.06012302868386,37.59588567993262],[127.06012304370874,37.59588566765964],[127.06013655356418,37.595871229416645],[127.06013861123131,37.59586903034751],[127.06013868759297,37.5958689487383]]]}},{"type":"Feature","id":805,"properties":{"model_ref_id":805,"source_type":"MODEL_REFERENCE","model_use":"역세권활성화 간선가로형","reference_name":"노선형 상업지역 판정용 참조도형"},"geometry":{"type":"Polygon","coordinates":[[[127.06026698435628,37.59606063156654],[127.06025039113399,37.5960354041599],[127.0601652369742,37.59590409023716],[127.06016463183543,37.5959033969551],[127.06006157429943,37.59598077741703],[127.06005528125395,37.595971014100975],[127.06010518666865,37.59604847373325],[127.06014591975901,37.596110450225005],[127.06020065335805,37.59619567424552],[127.06028072771393,37.59621087134941],[127.06037504527534,37.59622877155657],[127.0602935000184,37.5961018825297],[127.06026698435628,37.59606063156654]]]}},{"type":"Feature","id":806,"properties":{"model_ref_id":806,"source_type":"MODEL_REFERENCE","model_use":"역세권활성화 간선가로형","reference_name":"노선형 상업지역 판정용 참조도형"},"geometry":{"type":"Polygon","coordinates":[[[127.06042024347857,37.59716596418282],[127.06054603528594,37.59735653152892],[127.06056263593361,37.5973864809011],[127.06056832472775,37.597395677339414],[127.06056977628927,37.59739499164695],[127.06056910555189,37.597396939610405],[127.06058636555512,37.59742484191375],[127.06060676252996,37.59745858253854],[127.06060751296059,37.597459832103425],[127.06062935433235,37.59747509542312],[127.06062570113009,37.597480665238535],[127.06061613905955,37.59747419567994],[127.06066873867701,37.59756178074907],[127.06067650269836,37.59755832873868],[127.06070911357098,37.59754382800002],[127.06070909668257,37.59754383691311],[127.06070911470405,37.59754382890044],[127.06073323039588,37.597496876254496],[127.06075915935091,37.597463420585235],[127.06075915805044,37.597463418440384],[127.06070761553934,37.5973781031615],[127.06068491753096,37.597341327387376],[127.06066757981064,37.59731007197643],[127.0606000285483,37.59720761223552],[127.06057405183245,37.59716821383533],[127.06053971298022,37.597116127108066],[127.06046703364197,37.597005964076494],[127.0603957936435,37.59689716978268],[127.06024860898742,37.5966716457382],[127.06019196930473,37.596582692747845],[127.06003504733174,37.59634169436373],[127.05995803690904,37.59622224402773],[127.05985632495349,37.59606556817371],[127.05984339079694,37.59604678903917],[127.05979268477732,37.59597183416642],[127.05976156601587,37.59592394420403],[127.05967901701376,37.59580136094016],[127.05962191591053,37.59571438102259],[127.05955162921943,37.595605180298094],[127.05946953404653,37.595482866956544],[127.05944521074666,37.59548148206785],[127.05944433006088,37.59546982385203],[127.05933652937313,37.595514216030494],[127.0593365450654,37.59551423939075],[127.05943143713851,37.595655485238204],[127.05950149687574,37.595764208624395],[127.05955922129762,37.59585203611993],[127.05961680815344,37.595937456242645],[127.05963442431513,37.595963585125865],[127.05964167936777,37.59597434831621],[127.05967286608144,37.59602232837488],[127.0597244108141,37.59609843614557],[127.05973680081607,37.59611640467557],[127.0598377189032,37.5962716935095],[127.05991481977833,37.5963911528892],[127.06007167328761,37.596631837023565],[127.06012839212141,37.59672078102287],[127.06027600713267,37.596946736574395],[127.06034742831741,37.59705571104687],[127.06042024347857,37.59716596418282]]]}},{"type":"Feature","id":807,"properties":{"model_ref_id":807,"source_type":"MODEL_REFERENCE","model_use":"역세권활성화 간선가로형","reference_name":"노선형 상업지역 판정용 참조도형"},"geometry":{"type":"Polygon","coordinates":[[[127.06097227892684,37.59714745570887],[127.0609698898281,37.597143676760936],[127.06096123942235,37.59712999427498],[127.06090062080695,37.59703689909329],[127.06084055914596,37.59694486765927],[127.0607811631907,37.59685250070438],[127.06071555806967,37.59675190272917],[127.06063650588611,37.59663127356315],[127.06062752670975,37.596616925390386],[127.0605347659286,37.596468617797555],[127.06050900009232,37.59654815681639],[127.06048976856825,37.59660752432879],[127.06048269907753,37.59662934865069],[127.0605147948883,37.59668071540157],[127.06059434467772,37.59680219132324],[127.06065966746968,37.596902456141585],[127.06071901806887,37.5969948853464],[127.06077921685774,37.597087205987805],[127.06087049779745,37.597227491119696],[127.0608705032046,37.597227496810355],[127.06087052889822,37.597227491008034],[127.06087050070313,37.59722746132991],[127.06092102852818,37.59721604822461],[127.0609389155044,37.5971961278767],[127.06093925713716,37.59719567871427],[127.06097227892684,37.59714745570887]]]}},{"type":"Feature","id":808,"properties":{"model_ref_id":808,"source_type":"MODEL_REFERENCE","model_use":"역세권활성화 간선가로형","reference_name":"노선형 상업지역 판정용 참조도형"},"geometry":{"type":"Polygon","coordinates":[[[127.06092133429911,37.597280992887804],[127.06092133503674,37.597280993664114],[127.06106346319775,37.59743057282368],[127.06092134685703,37.59728098191187],[127.06092134611978,37.59728098113582],[127.06092133429911,37.597280992887804]]]}},{"type":"Feature","id":809,"properties":{"model_ref_id":809,"source_type":"MODEL_REFERENCE","model_use":"역세권활성화 간선가로형","reference_name":"노선형 상업지역 판정용 참조도형"},"geometry":{"type":"Polygon","coordinates":[[[127.06110253854598,37.59735358410937],[127.06109739135236,37.597345439112765],[127.06109738901492,37.597345435413935],[127.06106846081566,37.59737733168026],[127.06106346319775,37.59743057282368],[127.06124691143809,37.597730913029125],[127.06126741057334,37.59776448230204],[127.06131177371176,37.59777573162251],[127.06135115812327,37.5977600680343],[127.06130282418174,37.597682107494364],[127.0612408158967,37.59757960699059],[127.06114972692575,37.59743074752454],[127.06113756144202,37.59741098609385],[127.06110253854598,37.59735358410937]]]}},{"type":"Feature","id":810,"properties":{"model_ref_id":810,"source_type":"MODEL_REFERENCE","model_use":"역세권활성화 간선가로형","reference_name":"노선형 상업지역 판정용 참조도형"},"geometry":{"type":"Polygon","coordinates":[[[127.06163844563532,37.59845268951577],[127.0616521336111,37.598478594792134],[127.06166565178383,37.59850455420975],[127.06167902279364,37.59853055874756],[127.06169224664744,37.598556617415426],[127.06170530069075,37.598582721214896],[127.06171820757781,37.59860887914452],[127.0617309559777,37.59863508220021],[127.06174354589037,37.59866133038202],[127.06175597732265,37.59868763269976],[127.06176826159106,37.5987139801381],[127.06178037604808,37.59874037270835],[127.06179234333388,37.59876680138952],[127.06180414081506,37.59879328421245],[127.06181579113179,37.59881981215614],[127.06182728296024,37.59884638522632],[127.06183861629319,37.59887299441322],[127.06184977981376,37.598899648732335],[127.06186079616941,37.59892634817238],[127.0618645175152,37.59893544617567],[127.06189978007095,37.59902989825666],[127.0618997800941,37.59902989831863],[127.06189978131788,37.599029899924865],[127.0618997812948,37.599029899863105],[127.06186458559941,37.598935626336946],[127.06197411836239,37.59897653908046],[127.06200287857374,37.59897225438918],[127.0619992078836,37.59895726368432],[127.06196895084362,37.598885444876686],[127.06192188244447,37.59877453118671],[127.06188039437524,37.598692220683944],[127.06181847945867,37.598565095878456],[127.06180832745623,37.59854452263975],[127.06179993683243,37.598530399512015],[127.06177142609472,37.59847421171412],[127.06176564229169,37.59846309654682],[127.06173037072307,37.59839453178919],[127.06168907791876,37.598313760884764],[127.06163408741547,37.59822339416137],[127.06158175029702,37.59813752917379],[127.06157421058484,37.59812538775446],[127.06150231617507,37.59800855866832],[127.06148513840469,37.59797975395713],[127.06144858389,37.59791927960969],[127.06139603340148,37.597833694844326],[127.0613956328729,37.59783303780678],[127.06132616425879,37.59786066855257],[127.06130530325126,37.59786896000416],[127.0612942303621,37.5978733610513],[127.06129423165378,37.59787336314911],[127.06144554681943,37.59811910861396],[127.06144680528877,37.59812109013878],[127.06146233815298,37.598146057510625],[127.06147784859868,37.59817130419406],[127.06149321189024,37.59819660500672],[127.06150841670377,37.59822195995437],[127.06152347436986,37.59824737804118],[127.06153838488143,37.59827285025747],[127.06155313691458,37.598298376608845],[127.0615677417929,37.5983239570898],[127.06158218819968,37.598349600715764],[127.06159648744433,37.59837528946166],[127.0616106282172,37.59840104135262],[127.061624610504,37.5984268383693],[127.06163844563532,37.59845268951577]]]}},{"type":"Feature","id":811,"properties":{"model_ref_id":811,"source_type":"MODEL_REFERENCE","model_use":"역세권활성화 간선가로형","reference_name":"노선형 상업지역 판정용 참조도형"},"geometry":{"type":"Polygon","coordinates":[[[127.06161269443622,37.599048529637834],[127.06160204444355,37.599021800088885],[127.06159160643931,37.598996073392286],[127.06158100994524,37.59897039182204],[127.06157026628529,37.59894475537254],[127.0615593641288,37.59891915503954],[127.0615483147996,37.59889359081744],[127.06153711831193,37.59886808072561],[127.06152576332815,37.598842606750246],[127.06151424984839,37.59881716889118],[127.06150258921055,37.59879178516235],[127.06149078140065,37.59876643754417],[127.06147881510933,37.59874114406171],[127.06146671296993,37.59871588668421],[127.06145444102562,37.598690683447956],[127.06144203324057,37.59866552532632],[127.06142946696747,37.5986404123305],[127.06141675353018,37.59861534445479],[127.06140389293587,37.59859033070891],[127.06139088517764,37.59856536208308],[127.06137771893191,37.59854043858285],[127.06136441685315,37.598515569206725],[127.0613509562942,37.59849075396583],[127.06133735989545,37.598465983839176],[127.06132360501674,37.59844126784768],[127.06130970298184,37.59841660598567],[127.06129565379084,37.598391998253106],[127.06128146876756,37.59836744464435],[127.06126712525779,37.59834293616078],[127.06125264592289,37.59831849081067],[127.06123800810171,37.59829409058562],[127.06122323445572,37.59826975349391],[127.06120831365432,37.59824547053135],[127.06119324570459,37.59822125070761],[127.06119174914983,37.59821889088745],[127.06094493458959,37.59781806882019],[127.06094493330599,37.597818066698835],[127.06093351179163,37.59782152516183],[127.06083934494059,37.59783751047812],[127.06085193024059,37.597856911342014],[127.06090398367958,37.59794335161953],[127.06096446576794,37.59804780816107],[127.06102281263664,37.59814528315347],[127.06108174980875,37.598244460669996],[127.0611477743817,37.59835645645762],[127.06121305086796,37.59846872106566],[127.0612804830826,37.598584707404875],[127.06132731157092,37.59866379899878],[127.06133917554867,37.598687209507546],[127.06139966195599,37.59881159449916],[127.06141437163285,37.598840806779414],[127.06145822510412,37.59893944105779],[127.06148389966103,37.599015057175684],[127.06150325669277,37.59907613105974],[127.06161269443622,37.599048529637834]]]}},{"type":"Feature","id":812,"properties":{"model_ref_id":812,"source_type":"MODEL_REFERENCE","model_use":"역세권활성화 간선가로형","reference_name":"노선형 상업지역 판정용 참조도형"},"geometry":{"type":"Polygon","coordinates":[[[127.06201007470715,37.59932532496331],[127.06191562653996,37.5990723421062],[127.06191562605234,37.59907234223154],[127.06201007470715,37.59932532496331]]]}},{"type":"Feature","id":813,"properties":{"model_ref_id":813,"source_type":"MODEL_REFERENCE","model_use":"역세권활성화 간선가로형","reference_name":"노선형 상업지역 판정용 참조도형"},"geometry":{"type":"Polygon","coordinates":[[[127.06172661665227,37.59946837002587],[127.06169898142666,37.59937529492831],[127.06169898099492,37.599375293529405],[127.06159215111657,37.5993891680383],[127.06159309679416,37.59939368235966],[127.06160443895087,37.59943299532291],[127.0616171541688,37.59948896754929],[127.06165614910279,37.59965672792647],[127.06168019687429,37.599752551887256],[127.06169299127735,37.59982270452238],[127.06170121953829,37.599875065151195],[127.0617016278979,37.59987739937671],[127.061735435655,37.59985474915581],[127.06179273725598,37.59981511374921],[127.06180803757658,37.59981163350977],[127.06179703887527,37.59975566521942],[127.06178900306855,37.59971771110499],[127.061774480508,37.59965323548712],[127.06176217664722,37.59960215627482],[127.06174597920514,37.59953895186137],[127.06172661665227,37.59946837002587]]]}},{"type":"Feature","id":814,"properties":{"model_ref_id":814,"source_type":"MODEL_REFERENCE","model_use":"역세권활성화 간선가로형","reference_name":"노선형 상업지역 판정용 참조도형"},"geometry":{"type":"Polygon","coordinates":[[[127.06203726865196,37.599418373179994],[127.06205420110955,37.59947999146955],[127.06206795606455,37.59953292593722],[127.06207398832305,37.59955736639714],[127.06209354532456,37.599644291780116],[127.06209354545118,37.59964429234356],[127.06212140414891,37.599768291817306],[127.06212170490053,37.59976963046479],[127.06212441180375,37.59978458530953],[127.06212768789324,37.599803323967905],[127.06213074813277,37.59982117977786],[127.06213371778996,37.599839044642735],[127.06213660818871,37.59985691855699],[127.0621394193288,37.599874801520514],[127.06214216252698,37.59989268451794],[127.0621448151498,37.599910585580126],[127.06214739983058,37.59992848667623],[127.06214989392869,37.59994639682732],[127.06215232008466,37.599964307012335],[127.0621547809334,37.59998312716545],[127.06215662052524,37.59999778102419],[127.06215813293494,37.5999976041686],[127.0622338331774,37.599988704553596],[127.06223262365103,37.599984584676676],[127.06221269139165,37.599881694217736],[127.06218841282929,37.59976703017677],[127.06218637745141,37.599756408690986],[127.06218627625978,37.59975589158152],[127.06218600341549,37.599754537551526],[127.06216232197661,37.59963592692899],[127.06216217305483,37.59963519451018],[127.06213901213027,37.59953032350262],[127.06212674003876,37.59947674860808],[127.06212134972883,37.59944788403737],[127.06208930330108,37.59930452777105],[127.06207830644665,37.59926298926387],[127.06203590050222,37.599277515284115],[127.06201007470715,37.59932532496331],[127.06200990508502,37.599325622370095],[127.06201144908762,37.59933064904457],[127.06201411708933,37.59933940519787],[127.06201677377493,37.5993481703665],[127.06201939648986,37.599356935552045],[127.0620245966263,37.599374465945516],[127.0620297288438,37.59939202340197],[127.0620322609856,37.59940080665194],[127.06203726865196,37.599418373179994]]]}},{"type":"Feature","id":815,"properties":{"model_ref_id":815,"source_type":"MODEL_REFERENCE","model_use":"역세권활성화 간선가로형","reference_name":"노선형 상업지역 판정용 참조도형"},"geometry":{"type":"Polygon","coordinates":[[[127.06215295261622,37.600249940149844],[127.06226868058137,37.600234566336965],[127.0622680079924,37.60022961253155],[127.06225412759517,37.60012732450294],[127.06224088327939,37.600014372029406],[127.06215974401731,37.60002340908393],[127.06216173392035,37.60004052485422],[127.06216278308273,37.60004983140916],[127.06215394551371,37.600229688629476],[127.06215295261622,37.600249940149844]]]}},{"type":"Feature","id":816,"properties":{"model_ref_id":816,"source_type":"MODEL_REFERENCE","model_use":"역세권활성화 간선가로형","reference_name":"노선형 상업지역 판정용 참조도형"},"geometry":{"type":"Polygon","coordinates":[[[127.06227078475763,37.60026935562266],[127.0621532948375,37.600285807391636],[127.06215372321944,37.600292234481266],[127.06215484720626,37.60031023541487],[127.06215562791152,37.60032373164132],[127.06215811579045,37.60034807476129],[127.06227343063239,37.60034782153285],[127.06227117156011,37.600286329173116],[127.06227078475763,37.60026935562266]]]}},{"type":"Feature","id":817,"properties":{"model_ref_id":817,"source_type":"MODEL_REFERENCE","model_use":"역세권활성화 간선가로형","reference_name":"노선형 상업지역 판정용 참조도형"},"geometry":{"type":"Polygon","coordinates":[[[127.06227755689576,37.60048458569063],[127.06227750329843,37.600482684658616],[127.06227474576885,37.60038393819612],[127.06227474573198,37.60038393704322],[127.06215909551486,37.60038411330219],[127.06215811579045,37.60034807476129],[127.06215824621874,37.60038411372758],[127.06215824634924,37.6003841174312],[127.06216181396252,37.60048536832379],[127.06216181411348,37.60048537260837],[127.06216235365382,37.60049461634957],[127.06219763204814,37.60062869089665],[127.06219789126419,37.600712950018206],[127.06224732959902,37.600752973602035],[127.06227994896624,37.600753014544885],[127.06228022867238,37.60069798045722],[127.06227795600029,37.60058806255673],[127.06227755689576,37.60048458569063]]]}},{"type":"Feature","id":818,"properties":{"model_ref_id":818,"source_type":"MODEL_REFERENCE","model_use":"역세권활성화 간선가로형","reference_name":"노선형 상업지역 판정용 참조도형"},"geometry":{"type":"Polygon","coordinates":[[[127.06229536420689,37.601662633005105],[127.06229536229968,37.60166215106643],[127.06229346664222,37.60154220513664],[127.06229380127012,37.601435819569936],[127.06228833059232,37.60120589153029],[127.06228830832717,37.601204946418],[127.0622881176824,37.60119587278783],[127.06228584860101,37.601089090290415],[127.06228237950378,37.60098414728468],[127.06228228675347,37.60098142548365],[127.06228219523247,37.60086599096935],[127.06218199909375,37.60086632787953],[127.06214309236398,37.600866458680706],[127.06214309240792,37.600866459584786],[127.06214313823853,37.600983098975455],[127.06214672176404,37.601089790721836],[127.06214912585082,37.60120715961841],[127.06215450779938,37.60143712194605],[127.06215415011323,37.601543239934216],[127.0621560209183,37.60166354536117],[127.06229536420689,37.601662633005105]]]}},{"type":"Feature","id":819,"properties":{"model_ref_id":819,"source_type":"MODEL_REFERENCE","model_use":"역세권활성화 간선가로형","reference_name":"노선형 상업지역 판정용 참조도형"},"geometry":{"type":"Polygon","coordinates":[[[127.0621581404253,37.60216830684872],[127.06215814042181,37.60216830711129],[127.06215814042596,37.60216830774971],[127.06215662436381,37.602283127926015],[127.06215850241547,37.602392524329794],[127.06215894479656,37.60251258509099],[127.06215894479658,37.60251258509574],[127.06215894513892,37.602512677295366],[127.06229867762306,37.60251264036423],[127.06229858377057,37.60250998543621],[127.06229809166754,37.60239067941287],[127.06229620496025,37.60228204974587],[127.06229649088577,37.6022599027237],[127.06229766685037,37.60216773233932],[127.06229686118532,37.602051425813926],[127.06229570485634,37.60193703043137],[127.06229724107847,37.601832201154416],[127.06229559179229,37.601717022486994],[127.06215621057153,37.601717189358574],[127.06215621057468,37.601717190260324],[127.06215780157012,37.60183160435141],[127.06215781835762,37.60183281074928],[127.06215781835152,37.60183281115808],[127.06215781835834,37.601832811650254],[127.06215624787463,37.60193752291483],[127.0621573843914,37.60205291028275],[127.06215813926688,37.60216813082927],[127.0621581404253,37.60216830684872]]]}},{"type":"Feature","id":820,"properties":{"model_ref_id":820,"source_type":"MODEL_REFERENCE","model_use":"역세권활성화 간선가로형","reference_name":"노선형 상업지역 판정용 참조도형"},"geometry":{"type":"Polygon","coordinates":[[[127.0622989820881,37.60271236324101],[127.06230145969896,37.60266791687917],[127.06230170564025,37.60264818539369],[127.06230048357605,37.60256372766823],[127.06230047746537,37.602563554807425],[127.06216557022572,37.60256626393281],[127.06216557034503,37.60256626489793],[127.06216555453844,37.60256670882792],[127.06216260474886,37.602672454193886],[127.06216260474248,37.60267245534889],[127.06215941331173,37.602775194274166],[127.06215834741703,37.602814918814005],[127.062158347431,37.60281491969761],[127.06225290546088,37.60288775131763],[127.06229546681612,37.60288716378481],[127.06229718136917,37.602770711313326],[127.0622989820881,37.60271236324101]]]}},{"type":"Feature","id":821,"properties":{"model_ref_id":821,"source_type":"MODEL_REFERENCE","model_use":"역세권활성화 간선가로형","reference_name":"노선형 상업지역 판정용 참조도형"},"geometry":{"type":"Polygon","coordinates":[[[127.06178472796609,37.60336859343867],[127.06178102733318,37.60346398195126],[127.06179377708554,37.60347056943008],[127.06191285756623,37.603519018607045],[127.06191864086534,37.60337089538066],[127.06192178997746,37.60321400697414],[127.06192356368744,37.603122439963755],[127.06188009486947,37.6030871135873],[127.06184434157399,37.60305805970415],[127.06183577179469,37.6030580189391],[127.061790982263,37.6030578150395],[127.06179097379662,37.60305805475977],[127.06179058566585,37.60306851077217],[127.0617878441513,37.60321267810534],[127.06178472796609,37.60336859343867]]]}},{"type":"Feature","id":822,"properties":{"model_ref_id":822,"source_type":"MODEL_REFERENCE","model_use":"역세권활성화 간선가로형","reference_name":"노선형 상업지역 판정용 참조도형"},"geometry":{"type":"Polygon","coordinates":[[[127.0622744257368,37.603592772648014],[127.06227616142483,37.60355376765553],[127.06227981259461,37.60347400247959],[127.06228422415703,37.6033963370943],[127.06228356383751,37.603390490095904],[127.06228882370831,37.603298695188315],[127.06229095997523,37.60319220784009],[127.06229279863052,37.60306765189544],[127.06227556086894,37.603067664734915],[127.06215445573234,37.60313470332647],[127.06215445572468,37.603134703957004],[127.06215444651555,37.60313515851942],[127.0621544225367,37.60313712759734],[127.06215464815432,37.60313602829442],[127.06215120680375,37.6032950701865],[127.06214562179798,37.603392603873836],[127.06214627189449,37.603398468586505],[127.06214627186091,37.6033984691779],[127.06214627189523,37.60339846948748],[127.06214223991685,37.60346943142127],[127.06213854376671,37.60354978315048],[127.06213703256874,37.60358348849193],[127.06213598213222,37.603589624702444],[127.06219822405804,37.60360766704545],[127.06226845152668,37.60362776862512],[127.06227307347535,37.60362453686785],[127.06227304593071,37.60360929632627],[127.06227344510395,37.603598566411236],[127.0622744257368,37.603592772648014]]]}},{"type":"Feature","id":823,"properties":{"model_ref_id":823,"source_type":"MODEL_REFERENCE","model_use":"역세권활성화 간선가로형","reference_name":"노선형 상업지역 판정용 참조도형"},"geometry":{"type":"Polygon","coordinates":[[[127.06190744600389,37.6037365347597],[127.06190889069696,37.60362978648829],[127.06191127480683,37.603551139165944],[127.06178021853869,37.6034848296241],[127.06177903393382,37.603515364250285],[127.0617774185602,37.60354784611476],[127.06177503661058,37.60362798004262],[127.06177362099767,37.6037316280421],[127.06177174574904,37.603750460259306],[127.06177011639006,37.60381153151102],[127.06178596055923,37.60372641426435],[127.06190744600389,37.6037365347597]]]}},{"type":"Feature","id":824,"properties":{"model_ref_id":824,"source_type":"MODEL_REFERENCE","model_use":"역세권활성화 간선가로형","reference_name":"노선형 상업지역 판정용 참조도형"},"geometry":{"type":"Polygon","coordinates":[[[127.06189936087658,37.60415408765663],[127.06189936087587,37.60415408675566],[127.06189978892472,37.60410806472853],[127.06190231816238,37.60398361180933],[127.06190231816335,37.603983611759915],[127.06190211350491,37.60388195482574],[127.06190550215621,37.60375593372663],[127.06179883992739,37.60374521120754],[127.06178398588703,37.60382187357634],[127.06177600711226,37.60387142217612],[127.06176835015526,37.60391683948581],[127.06176849692235,37.60398261706941],[127.06176600097973,37.60410649159264],[127.06176557353614,37.604153388465896],[127.06176560682698,37.60419574239264],[127.06176532030909,37.604308112160915],[127.06176692219613,37.60434200695115],[127.06176884079,37.6046232093521],[127.06177168026494,37.604687334851945],[127.0618174375029,37.60474202288049],[127.06184452993128,37.60477582298221],[127.06191100009133,37.604826523756536],[127.06190852250529,37.60475784365987],[127.06190251515399,37.60462174535383],[127.06190065126344,37.60434018253781],[127.0618990733968,37.60430666794897],[127.06189907339925,37.60430666711449],[127.06189907339612,37.60430666704797],[127.06189939405162,37.60419619832003],[127.06189936087658,37.60415408765663]]]}},{"type":"Feature","id":825,"properties":{"model_ref_id":825,"source_type":"MODEL_REFERENCE","model_use":"역세권활성화 간선가로형","reference_name":"노선형 상업지역 판정용 참조도형"},"geometry":{"type":"Polygon","coordinates":[[[127.06212669346024,37.60418790390175],[127.06212786080033,37.60441816554444],[127.06213378778472,37.60465260531981],[127.06213505367879,37.60469244580602],[127.06213654655653,37.60480449032357],[127.06213745218308,37.604889956367856],[127.06213875872072,37.60491562492393],[127.06214847291355,37.604921205712905],[127.06216318425568,37.60492965735333],[127.06217731810095,37.60493692225192],[127.06217725237003,37.60493738581605],[127.06217725505097,37.604937387186645],[127.06218256383981,37.604940100922164],[127.06218256392597,37.60494010006559],[127.06221416387015,37.60494539097114],[127.06224841033554,37.604960618295834],[127.06225638511351,37.60496159528958],[127.06227371068906,37.604963717851945],[127.06227935466954,37.60496440929741],[127.06227935453711,37.60496440668638],[127.06227539471004,37.604886355400204],[127.0622745015726,37.60480255705562],[127.06227334694057,37.60471852640515],[127.06226469309352,37.60471513045179],[127.06225324040543,37.60471070340011],[127.06221146243031,37.60469451580858],[127.06220570171568,37.60465604705852],[127.06225076267322,37.6046708094647],[127.06227264071616,37.60467983998241],[127.06227168489028,37.60464940170926],[127.06226575853051,37.604416295383764],[127.06226453612756,37.60418853758016],[127.0622697501227,37.60400734884874],[127.06227107834935,37.603984320156364],[127.06227319221132,37.60389379811354],[127.0622736470121,37.6038703842416],[127.06227447601184,37.60382759290704],[127.06227288196311,37.60380671811027],[127.06227224461256,37.60379842134896],[127.0622732476682,37.603720918052375],[127.06227312394616,37.603652462458534],[127.06221071143514,37.603631869992235],[127.06213532815966,37.60360772558055],[127.06213548752864,37.60372044741902],[127.0621344393704,37.60380122862444],[127.06213450326597,37.603802069129024],[127.06213663878378,37.60383013067014],[127.06213542853173,37.60389211837323],[127.06213333816326,37.60398105558648],[127.06213333265927,37.60398115165947],[127.0621284573294,37.60412714125104],[127.06212669346024,37.60418790390175]]]}},{"type":"Feature","id":826,"properties":{"model_ref_id":826,"source_type":"MODEL_REFERENCE","model_use":"역세권활성화 간선가로형","reference_name":"노선형 상업지역 판정용 참조도형"},"geometry":{"type":"Polygon","coordinates":[[[127.0618004205419,37.604758871609114],[127.06180042286856,37.60475887572322],[127.06180042306993,37.604758875982576],[127.06181417355245,37.604776585642966],[127.06181417624286,37.60477658775766],[127.0618004205419,37.604758871609114]]]}},{"type":"Feature","id":827,"properties":{"model_ref_id":827,"source_type":"MODEL_REFERENCE","model_use":"역세권활성화 간선가로형","reference_name":"노선형 상업지역 판정용 참조도형"},"geometry":{"type":"Polygon","coordinates":[[[127.06216036910223,37.6050564540957],[127.06216882576503,37.60507670627661],[127.0621825637304,37.60494010201039],[127.06217886501337,37.60495977020494],[127.06217390303003,37.604986126211955],[127.06216421749095,37.60502960491306],[127.06216410382783,37.60503011519022],[127.06216036910223,37.6050564540957]]]}},{"type":"Feature","id":828,"properties":{"model_ref_id":828,"source_type":"MODEL_REFERENCE","model_use":"역세권활성화 간선가로형","reference_name":"노선형 상업지역 판정용 참조도형"},"geometry":{"type":"Polygon","coordinates":[[[127.06216417135444,37.605083698904444],[127.06216678836108,37.60508912542003],[127.06216895211158,37.605079529748714],[127.06216860854347,37.60507886622808],[127.06216862781659,37.605078674585],[127.06216417135444,37.605083698904444]]]}},{"type":"Feature","id":829,"properties":{"model_ref_id":829,"source_type":"MODEL_REFERENCE","model_use":"역세권활성화 간선가로형","reference_name":"노선형 상업지역 판정용 참조도형"},"geometry":{"type":"Polygon","coordinates":[[[127.06220210437584,37.605118582443886],[127.06224111083408,37.60513829424005],[127.06228890674456,37.605152736313414],[127.06228828382977,37.60514045506479],[127.06220193079585,37.60511389746059],[127.06218851349341,37.605116967500145],[127.06217435075779,37.60508993879898],[127.06218217644386,37.605108681704984],[127.06217668046374,37.605109637263105],[127.06218017847563,37.605116890588796],[127.06218048361197,37.605117525623356],[127.06218647097484,37.60511896868822],[127.06218855186849,37.60512252649694],[127.06220210437584,37.605118582443886]]]}}]}