{"type":"FeatureCollection","name":"safe_downtown_exclusion_reference","metadata":{"available":true,"source_type":"USER_CURATED_MODEL_REFERENCE","legal_source":false,"reference_name":"안심주택 서울도심 배제범위 내부 참조도형","model_use":"안심주택 서울도심 기본계획 범역 내 배제구간 판정 전용","source_file":"안심주택 배제.dxf","source_crs":"EPSG:5174","feature_count":2,"warning":"공식 법정 SHP가 아니라 사용자 정리 참조도형이며 일반 도시계획 FACT를 대체하지 않음"},"features":[{"type":"Feature","properties":{"reference_id":"safe_downtown_exclusion_1","category":"서울도심 안심주택 배제범위","source_type":"USER_CURATED_MODEL_REFERENCE","legal_source":false,"source_crs":"EPSG:5174","note":"사용자 제공 DXF를 EPSG:5174로 해석해 WGS84로 변환한 내부 판정용 참조도형. 서울도심 기본계획 범역 중 율곡로·사직로 북측 및 퇴계로 남측 배제판정 전용."},"geometry":{"type":"Polygon","coordinates":[[[126.97327947911965,37.555896432378816],[126.97328906950038,37.55594419615866],[126.97336438572778,37.556005760775484],[126.97346004028078,37.55606479839603],[126.97366068249069,37.556194065902105],[126.97367832098504,37.556208215606446],[126.97372750552537,37.55624057273656],[126.9737691360537,37.556256890447656],[126.97385891480079,37.55629268982778],[126.97425912958319,37.556451906752024],[126.97452420258226,37.55655442823536],[126.97475960604618,37.55664568002688],[126.97507131188475,37.55676999677574],[126.97532370090352,37.556870657578166],[126.97540449631369,37.55690287685623],[126.97544438414685,37.556920743292316],[126.97547845627524,37.556934427839025],[126.97589232967371,37.5570853441054],[126.97622094646705,37.557212968112715],[126.9765581537188,37.55734259321676],[126.97657840999385,37.557348904426334],[126.97659251031575,37.557352871759306],[126.97659960562738,37.557355215830675],[126.97660986945534,37.557358740866825],[126.97664803923699,37.5573715429693],[126.97670142956306,37.55738903340684],[126.97673260606247,37.55739904094321],[126.97674352626323,37.55740273729358],[126.97684004338439,37.5574335713598],[126.97684004296842,37.557434832745564],[126.9768648646908,37.55746205683559],[126.97698283588103,37.557505509120766],[126.97700944029238,37.557515155237766],[126.97708906051902,37.55754608470037],[126.97725314591331,37.557605403668354],[126.97734330069831,37.557643452943495],[126.97740388596326,37.557671486117],[126.97743486888369,37.557685818179294],[126.97748125281825,37.557707090991535],[126.97754481430522,37.557736395094],[126.97757926011356,37.557751818019],[126.97759071147024,37.55775821736806],[126.97761414646173,37.55776993498277],[126.97762552980353,37.55777669471062],[126.97765296988496,37.55779264778022],[126.97767276077369,37.55780391415172],[126.97769543714023,37.5578168028838],[126.97770570022308,37.55782303079382],[126.977716710129,37.55782970033851],[126.97775600778085,37.557856107255795],[126.97776832999531,37.557864488940446],[126.97783869854776,37.55791396741525],[126.97787163635131,37.557938580048344],[126.97791121503761,37.55797138399752],[126.97791541279632,37.557974808598004],[126.97795245705284,37.55800544965097],[126.97796412246593,37.55801518266859],[126.97796916879669,37.55801941832727],[126.97800518268006,37.55805168994953],[126.9780508252258,37.558092513867905],[126.97810811975413,37.558150107499216],[126.97813704958597,37.55818020629045],[126.97815198396836,37.55819597656808],[126.97815262884981,37.558196697487524],[126.97824745140547,37.558295563802254],[126.97837008369692,37.558424798849174],[126.9783875633107,37.55844493038571],[126.97839017976746,37.55843823654439],[126.97847590495525,37.55853238871307],[126.97855797596148,37.558622539713156],[126.97858087544037,37.55864731237126],[126.97859767710362,37.558664164141675],[126.97863416561808,37.558700670312376],[126.97870108015644,37.55876150006721],[126.97878236675936,37.55882756730188],[126.97886794626544,37.5588826432293],[126.97897827373906,37.5589514098542],[126.97901887475508,37.55897520372506],[126.97904434689929,37.558989092826835],[126.97906880034729,37.55900333311536],[126.97909606083063,37.559016853140164],[126.97912218941056,37.55903082343879],[126.97914767345202,37.55904290153118],[126.97917278390713,37.55905533994321],[126.97920106294873,37.55906913043331],[126.97922542650089,37.559081388495],[126.97931344575214,37.55911691308249],[126.97937793748329,37.55914530636681],[126.97945886500216,37.559165954176585],[126.97948854855431,37.559176321099336],[126.97956425954955,37.559193823409565],[126.97963846481329,37.559213028262626],[126.97965377668109,37.559216905354404],[126.97988498188295,37.55927821523599],[126.98009000270147,37.55928358647962],[126.98053162171576,37.55941340830312],[126.9808500121431,37.559506707878015],[126.98098169228238,37.559559348646225],[126.98098169289315,37.559557123202055],[126.98130466927904,37.559688453115996],[126.98145846012306,37.55976010801374],[126.98176603155298,37.55990275047177],[126.9824140160193,37.56025834250208],[126.98243622568654,37.56028779042958],[126.98244242846509,37.56028571915608],[126.98245243042099,37.56029801927787],[126.98247559328813,37.56031779072479],[126.9825155393374,37.56034306991501],[126.98256284217607,37.56036807096614],[126.9826063311589,37.56039198119015],[126.98265104316727,37.56041329674388],[126.98269763617549,37.560425918032216],[126.98329284121529,37.56046033910407],[126.98329268268645,37.5604606544259],[126.9835212103448,37.560530281904384],[126.9838109240334,37.560550498861275],[126.98388916418499,37.56055596155499],[126.98403440525978,37.56056890333952],[126.98427179642042,37.560587408536165],[126.98433536870617,37.56059192275191],[126.98438913946904,37.56059697610559],[126.98444010365748,37.560600767643656],[126.98450031453037,37.560605200195276],[126.98455856731266,37.56060998382086],[126.98461662775703,37.56061449709335],[126.9847248260892,37.560623342228205],[126.98474033124315,37.560625759084125],[126.98474708788665,37.56062673311261],[126.98476795779472,37.560629114687224],[126.98501626896163,37.56065789121499],[126.98510784056226,37.560669706938995],[126.98522149319668,37.56068373306575],[126.98527306810296,37.56069009214838],[126.98553258435162,37.5607196890316],[126.98565131899058,37.560733490185115],[126.98577118530721,37.5607481022606],[126.98586976293312,37.56076027872347],[126.98601081683478,37.560774352768114],[126.98606999675191,37.56078482101282],[126.98613776849633,37.560788433818004],[126.98625810006534,37.560797999919025],[126.98628684751473,37.56079998580762],[126.98636461248572,37.56080675323419],[126.98652695615613,37.560819207611694],[126.98661022203156,37.56082453399177],[126.98662907730389,37.56082759973487],[126.98664037249166,37.5608287724449],[126.98673783073201,37.56083662329274],[126.98680531919683,37.560842307954886],[126.986930506386,37.56085187397552],[126.98701686678466,37.56083332423213],[126.98702768684782,37.56083332556053],[126.9871999256361,37.560830283209036],[126.98720534698552,37.56083028386635],[126.98772222345019,37.56087315139742],[126.98777245235509,37.56087676121326],[126.98784853109946,37.560883797762926],[126.98787999525551,37.56088416179721],[126.98789949639703,37.56088353335553],[126.98810608362248,37.56089148570967],[126.9881420180183,37.5608940936454],[126.98852694064644,37.56092195016756],[126.98886487148536,37.56094641268807],[126.98891187487811,37.560949814445856],[126.98962351326296,37.561072945410146],[126.98963573608916,37.561077451587664],[126.9896551571898,37.561082183734726],[126.98976065433979,37.561074671026056],[126.9897690524507,37.56107413126844],[126.98984180636269,37.5610664350266],[126.98993320222431,37.56105184800185],[126.98999836229073,37.56104005141657],[126.99009302919556,37.56102429330097],[126.99030279249635,37.560989625321405],[126.9905690452171,37.56094747499919],[126.99067911644741,37.56092712279503],[126.99078627808072,37.56091230229862],[126.99085536458036,37.560905280840664],[126.99093080027356,37.5608998816927],[126.99098297700317,37.56089678695631],[126.99104329109828,37.56089598143213],[126.99105402058832,37.56089625268033],[126.99107241241012,37.5608965246057],[126.99115251061056,37.56089481978498],[126.99124345089194,37.56089765684046],[126.99131877197368,37.5609024926741],[126.99138439323103,37.560909165645946],[126.99151753744083,37.56092083580105],[126.99156430293166,37.560926696183856],[126.99167229905494,37.56093369691664],[126.99176723434752,37.560939110731375],[126.9918245490388,37.560939385747645],[126.99186805561047,37.56094020020198],[126.9920381445524,37.56093291596705],[126.99208398303197,37.56093066716511],[126.99229938961189,37.560922395077846],[126.99236908662608,37.56091969753094],[126.99247942704444,37.56091520108251],[126.99262571393854,37.56090818447345],[126.99284863584177,37.560897749575346],[126.99287412416143,37.560897481147315],[126.99305858697541,37.56088911530653],[126.99308631716201,37.5608809182866],[126.99316207151472,37.56085815567011],[126.99317883325683,37.56086091388274],[126.9935600184553,37.56092801885105],[126.9935923197278,37.56093279626756],[126.99383136258633,37.56099279093543],[126.99385824245944,37.560998378816514],[126.99392489307725,37.56101388013904],[126.9939643810582,37.56102199157637],[126.99399714605829,37.561030553067106],[126.99427001902781,37.56109382859737],[126.99474060436455,37.56120243477563],[126.99501852699807,37.56125966322561],[126.99511701515338,37.561284761159314],[126.99512887630277,37.56128765397755],[126.9952264252377,37.561311436324665],[126.99525619135119,37.56131824037654],[126.99525920202993,37.56131757380408],[126.9952804797043,37.56132252136155],[126.99535095618255,37.56134108544405],[126.9954234925234,37.56136055058009],[126.99552589694065,37.56138669352203],[126.99563996996415,37.561418864575096],[126.99565836159955,37.56142337043591],[126.99572997006065,37.56144220464484],[126.99587241768756,37.561476809531804],[126.99598397872573,37.56150411478964],[126.99600703321272,37.56151231487069],[126.99610781965094,37.56153697960931],[126.99615443849676,37.56154637905475],[126.99617048735269,37.561550623442336],[126.99623359635474,37.56156612329978],[126.99631780208468,37.56158693989137],[126.99635790167034,37.56159705976049],[126.99635810536456,37.56159753729371],[126.99644961149593,37.56161676836888],[126.99647892515449,37.56162298644975],[126.99650030488962,37.56162749230677],[126.99651309426221,37.5616300156196],[126.99663398203347,37.56165596917371],[126.99665022340844,37.56165930350481],[126.99666619312507,37.56166299821823],[126.99667982001998,37.56166606214098],[126.99671407967124,37.56167372194883],[126.99675935182168,37.5616830039718],[126.99676570121561,37.56168471610719],[126.99690172132823,37.56171481454574],[126.9969160952207,37.56171823886611],[126.99694596353822,37.561724637050396],[126.99696220492007,37.56172833173425],[126.99708002575795,37.561754564019544],[126.99720548637144,37.561782409237246],[126.997262993416,37.5617953855692],[126.99737146572092,37.561819896336615],[126.9974364428068,37.56183350353863],[126.99744418424415,37.561837504198294],[126.99745473251932,37.56184296455665],[126.99746006336726,37.56184350533356],[126.99746136494196,37.56184386577401],[126.99755060793618,37.56186459155949],[126.99764237484894,37.56188711933883],[126.99766692379826,37.561892255780876],[126.9977487082941,37.56191109810541],[126.99776616080128,37.56191488281617],[126.99780209580915,37.56192184859952],[126.99780347656791,37.56192314606746],[126.9978334922506,37.561928111458776],[126.997865171667,37.56193408600187],[126.99786768429965,37.561934356376355],[126.99795837612795,37.56195759565807],[126.99800062656438,37.56196842681502],[126.99801136742929,37.561971310300095],[126.99807933256064,37.56198961139056],[126.99809379708095,37.56199357616362],[126.99815239085346,37.5620096424865],[126.9981499349731,37.56200571410342],[126.99821304474531,37.562021753495245],[126.99824029876599,37.56202851167426],[126.99829892671993,37.56204067664197],[126.99832646378432,37.56204572292925],[126.9987398257055,37.56212365993783],[126.99875610122861,37.56212704803918],[126.99876093421396,37.56212457944171],[126.99877690457653,37.56211620061396],[126.9993464804526,37.56224865787781],[126.99953641122265,37.56229227810546],[127.00006638721021,37.56241680251657],[127.00007115168548,37.5624441025467],[127.00012837677791,37.56245708648811],[127.00024656202747,37.56248519868207],[127.00033543305258,37.56250601245542],[127.00041179743117,37.562524032978864],[127.00057601436104,37.56256259673929],[127.00064416178265,37.562578103286725],[127.00074423815015,37.562600899010604],[127.00078243740339,37.56261057587823],[127.00078792677834,37.562611972445474],[127.0008344223583,37.56262378469157],[127.00089725028106,37.56263838106279],[127.00092720984806,37.56264540893185],[127.00095559617645,37.56265189619232],[127.00110589213007,37.56268686420118],[127.0012671217322,37.562725426988884],[127.00143693080965,37.56276425985915],[127.00154307430573,37.56278850550172],[127.00161029402831,37.56280400248126],[127.00171821462061,37.56282868944947],[127.00184750437775,37.56285860199811],[127.00200966283268,37.56289627178896],[127.00364245667441,37.563497934191666],[127.00325596922204,37.56318459454902],[127.00340226058013,37.56321874880041],[127.0034163520391,37.56321982976158],[127.00350570016363,37.56323955995161],[127.0035980931168,37.56326379496559],[127.0036175269969,37.56326889421965],[127.00367531931964,37.563284047813646],[127.00374066109354,37.56330035450342],[127.00382320705492,37.56332119279726],[127.00394036507389,37.563349121112054],[127.00396622790372,37.563355157205166],[127.00408953199934,37.563384689004664],[127.00415640193286,37.563400743153885],[127.0042204422239,37.56341516653989],[127.00426628229503,37.56342480606442],[127.00450097250584,37.56347867951208],[127.00465567463681,37.56351310229269],[127.00468890600442,37.56352157070163],[127.0047773154666,37.56354301183268],[127.004847422831,37.56356039896443],[127.00486627960461,37.563564903376225],[127.00492165018095,37.56357841662811],[127.00497075030867,37.563591209246304],[127.00505271927693,37.56360328007361],[127.00508427534997,37.56360661278409],[127.00523830975746,37.56363166453536],[127.00538376532138,37.563665717246586],[127.00545929439832,37.56368121176019],[127.00549298989871,37.56368796804804],[127.00560053962033,37.56371418315775],[127.00580322240353,37.56375806314896],[127.0058941449878,37.56377634989032],[127.00589508442354,37.56377634985551],[127.00602298505657,37.56380202323056],[127.00615312694353,37.56382932716897],[127.00625030898065,37.563849865862345],[127.00631155423548,37.56386193664388],[127.00638399363575,37.563875718811865],[127.00644255645709,37.563887987853455],[127.00644719711448,37.56388896072789],[127.00648660875078,37.56389722114471],[127.00648675603635,37.56389940153175],[127.00653063858552,37.563908950159814],[127.0074262148738,37.564028578095666],[127.00745807698989,37.564033892331764],[127.00752081650859,37.564044349640305],[127.00756021702165,37.564052546629895],[127.00767840693797,37.56407281277351],[127.00776831146003,37.56408830505815],[127.00788239283129,37.56410830091819],[127.00795596444435,37.56412009988452],[127.00828747845172,37.564173609094986],[127.00841164496755,37.564193964260326],[127.0084842773994,37.56420675403989],[127.008561573124,37.56421972369443],[127.00857473683371,37.5642219753807],[127.00866408716207,37.56423800760929],[127.0087825606618,37.564258551936405],[127.00880589995201,37.564262514849275],[127.00903696069206,37.56429547655509],[127.00907439172418,37.564300249406685],[127.0091035261574,37.56430421188972],[127.00914292668679,37.564309525186395],[127.00919510633842,37.564319072287425],[127.00927685001089,37.564327256933296],[127.00930737653054,37.56433005699888],[127.00931614852936,37.56433095740875],[127.00934005435555,37.564340236012924],[127.00935634236133,37.56434555076715],[127.00940610057174,37.56436159406532],[127.00946081583982,37.56437285275829],[127.00955389078202,37.56439284841348],[127.00966432815244,37.5644095992388],[127.0096763715151,37.564413022164956],[127.00977011386553,37.564428512659184],[127.0098034364181,37.56443382615993],[127.00984909669457,37.56444310313236],[127.00991901320914,37.56445643281368],[127.01057197055293,37.564535689589974],[127.0105778610131,37.56451974152877],[127.01032489664587,37.5644605369753],[127.01004855654399,37.56441342112991],[127.01003385753631,37.5643179975593],[127.01000941472273,37.564155530301],[127.00999346426687,37.5639826641107],[127.0099800748525,37.56380616674419],[127.00998587116851,37.563537095883305],[127.00998143766128,37.56331639533947],[127.00994412966416,37.563174124630834],[127.01003596410236,37.56313643958074],[127.00999158934758,37.56307814878141],[127.00989157562095,37.563099828307095],[127.00976073716936,37.563027905248994],[127.00962044047152,37.56293758720028],[127.00955297869211,37.56283471417261],[127.00948555373242,37.562565675281036],[127.00940305085454,37.562241118392706],[127.00934449185537,37.56203046920983],[127.00934120185184,37.56199998806135],[127.00932010692397,37.56180458020695],[127.00930299575411,37.56168195939991],[127.00931108708825,37.561605528846265],[127.00935160802187,37.56152606611707],[127.00941452623115,37.56141322472804],[127.00942420177363,37.561195763997546],[127.00937196063781,37.56106520241239],[127.00932988739468,37.560995409160185],[127.00927235406694,37.56090689254681],[127.00929803416275,37.560803118501944],[127.00938531134422,37.56075191129271],[127.00950752644734,37.560683151286625],[127.00970582183957,37.5605798689967],[127.00972766659727,37.560568165429],[127.0098212908909,37.560521825500025],[127.00984528342738,37.56043583427718],[127.00982194026756,37.56034594420105],[127.00970787803077,37.56019457151637],[127.00952698723768,37.56000103245411],[127.00942997785232,37.55992616766404],[127.00910643615012,37.55966133310505],[127.00887475519733,37.55939108782431],[127.0087892496788,37.55934069446334],[127.00866353566731,37.55924527562131],[127.0085598297775,37.559117304378695],[127.00853943855174,37.55887661070203],[127.00807016953085,37.557848011869375],[127.00805490479165,37.55774949307654],[127.00805132283209,37.557698304435355],[127.00811348397863,37.55756213437605],[127.0081700429214,37.55750467868048],[127.00825210022602,37.5573845315273],[127.00826352254563,37.55731653676827],[127.00825529720369,37.55716830186459],[127.00823352356558,37.557081213413525],[127.0081870863303,37.557000080094596],[127.00799628656401,37.556770167975216],[127.00793333853942,37.55664663937005],[127.00786344407109,37.55657617671421],[127.00766759858418,37.556481019999595],[127.0075804351372,37.55646422734862],[127.00746483126106,37.5564919855235],[127.00730028840599,37.55645898502275],[127.00717183308825,37.55639107010528],[127.0070422519076,37.556169599354824],[127.00701838693493,37.55604544312721],[127.00697423758615,37.55594641914975],[127.00680208052007,37.55576623344903],[127.00670220238625,37.55572243263399],[127.00645503806925,37.555681022904864],[127.00632103836273,37.55561469933417],[127.00620386026077,37.55553869020044],[127.00616471479145,37.55549888599913],[127.0061328524359,37.55544761639939],[127.00605109761425,37.555332439676036],[127.00593664421356,37.55521693345841],[127.0058335660767,37.555121081815564],[127.00569188864746,37.55502430613473],[127.00559454720069,37.554980513297444],[127.00555970487004,37.55495677249944],[127.00553576120934,37.55493707947024],[127.00548909633793,37.554879355499885],[127.00542428749243,37.554814104337886],[127.00527485251374,37.554702087255215],[127.00518435808843,37.554648050499935],[127.00509165905311,37.55456681824824],[127.0050580114076,37.55452714865546],[127.00498111631921,37.55443167208337],[127.0047420607924,37.55419269655124],[127.00462384765783,37.55411769496869],[127.00456520050572,37.55409052262481],[127.00446641114019,37.55401595195495],[127.0044494278207,37.55399070932806],[127.00441687665354,37.55390271219461],[127.00441264138837,37.55380354748408],[127.0044307400194,37.553728964847835],[127.00448058401138,37.55357259219936],[127.00448346965226,37.5534822588162],[127.00443285723651,37.55331723825081],[127.00444770253704,37.553253358553064],[127.0044338000535,37.55314595180979],[127.00432461972646,37.553009835498045],[127.00426906861968,37.55291848266343],[127.00423039945224,37.55283989465007],[127.00421308245187,37.55274678306932],[127.00422185792085,37.5526950615001],[127.00425935006481,37.5525576730733],[127.00426556644642,37.55252847091979],[127.00426743149617,37.5524987724213],[127.00425702667461,37.5524635358181],[127.004242322824,37.55243402961384],[127.0042144113758,37.552410317981156],[127.00417979586045,37.55238593345302],[127.00415896470098,37.552375692359334],[127.00413047630059,37.552356428009624],[127.00406081781502,37.552313308114456],[127.00401794650304,37.55227962008574],[127.00399925920263,37.55224768216057],[127.00397892034647,37.55220183747473],[127.0039387713059,37.55207841518632],[127.00392008044632,37.55200348016642],[127.00391523415144,37.55195334012851],[127.0039070564923,37.55180522731999],[127.00391378448727,37.55174142261908],[127.00391439567512,37.55170879052153],[127.00393988983357,37.5516721367941],[127.00397179703958,37.551632958351576],[127.00399721310899,37.551563641893274],[127.00401524585197,37.5515192668136],[127.00401737766089,37.55151184260395],[127.00402807228366,37.55142223162927],[127.00405993524974,37.55131780790856],[127.00410960060678,37.551255632151644],[127.00424561862847,37.55120159486289],[127.00444345156413,37.551101984682994],[127.00447695598893,37.55105835967043],[127.00449547941155,37.55089884146469],[127.00455857485765,37.550731422223734],[127.00456911751363,37.55068021863521],[127.00455390375181,37.55062864089801],[127.00453170319501,37.55057695251503],[127.00449455739385,37.55053596827806],[127.00447022016839,37.550508325584275],[127.00443677996944,37.55048056057594],[127.00436991866636,37.55044902121755],[127.00433339844541,37.55042819838973],[127.00426678526598,37.55040216942776],[127.00416202207744,37.550377586478035],[127.00408920414566,37.55035054484055],[127.00393826791893,37.55029989701799],[127.00377765711126,37.55027528692751],[127.00357275914226,37.550280635349225],[127.0034883890404,37.55027239632312],[127.00341061926663,37.55024115753296],[127.00335083711727,37.550212353792375],[127.00321301686147,37.550136695127755],[127.00306069585386,37.550053367255664],[127.00290861859571,37.549975817238824],[127.00262408436025,37.54982784507397],[127.00242366061026,37.54980887911638],[127.00228735646708,37.54987260448043],[127.00221223762917,37.549933119111415],[127.00200333241683,37.55014452149097],[127.00189334703207,37.55019324118065],[127.00173283465304,37.55024039584874],[127.00158367358767,37.55025504163507],[127.00136183820489,37.55024503063848],[127.00085289056702,37.550136936972585],[127.00055805378075,37.550088142673935],[127.00019538290893,37.550063031250566],[126.99985707271347,37.55005759400032],[126.99956745548747,37.55002932908556],[126.99941307130189,37.5500245845184],[126.99931309862586,37.550024409703674],[126.99925892598252,37.55001751699899],[126.99922652831599,37.55001361057844],[126.99920247535778,37.55001048547222],[126.9991366820508,37.549998931656155],[126.99908991239674,37.54999963888268],[126.99905761848478,37.55000708220248],[126.99901457819472,37.55002341356297],[126.9989690991708,37.55004048817274],[126.99892101177042,37.55005522643779],[126.99888752852337,37.55006089383143],[126.9988568156838,37.550062327521026],[126.99881834551304,37.55006147611221],[126.99877738263471,37.55005240579253],[126.99873235717979,37.55004305155068],[126.99849435074422,37.55002709364922],[126.9984628898385,37.55002992105042],[126.99828810309641,37.550004629183476],[126.99811387878147,37.54995702402991],[126.99778104535267,37.549835760387126],[126.99764281974934,37.549799075683154],[126.99757973313771,37.549777630007675],[126.9975228457017,37.54973451567208],[126.9974944927455,37.549709121175816],[126.9974824427582,37.54969388410378],[126.99741865002042,37.549612621516786],[126.99733262652718,37.549530040859295],[126.9972957676939,37.5494961812008],[126.9972085832086,37.54941717554272],[126.99718094089575,37.54937654433413],[126.99715393248525,37.549313783897894],[126.99712345543303,37.54925509490501],[126.99709633475054,37.549217124321856],[126.99705167914898,37.54918495725563],[126.99698717573222,37.5491375527502],[126.9968551653511,37.5490500199191],[126.99678828329354,37.54900580832293],[126.99672305022155,37.548959612772805],[126.99665338509811,37.54890656406445],[126.99657953496705,37.54884179414441],[126.99650735407779,37.548777481951824],[126.99647241628749,37.54874458707518],[126.99647768512219,37.54872780994183],[126.99648463037403,37.54872062663466],[126.9964984957252,37.54871003066654],[126.99649794188156,37.54870031705611],[126.99649017829518,37.54869325205323],[126.99648380094739,37.54868618710896],[126.9964707682484,37.548666539536896],[126.99647107322586,37.548641282061396],[126.99647495647339,37.548631568640296],[126.99649797354866,37.54859933936076],[126.99649492510453,37.54858035354272],[126.99647926051314,37.548540316426234],[126.99645055919973,37.54847399863429],[126.99641846351938,37.5484012809468],[126.99641677703869,37.548373499707594],[126.99641774649949,37.54831198186367],[126.99642382155727,37.548287408488264],[126.99643749471566,37.548256401460435],[126.99646096186758,37.54824398680705],[126.99646891107199,37.54819949529359],[126.9964502200338,37.54815166626797],[126.9964281186318,37.54811614373309],[126.99639152266525,37.548077042728764],[126.996146463864,37.54787344562496],[126.99602164995409,37.54779103610859],[126.9959097502046,37.54775417669446],[126.99582952850587,37.5477358854345],[126.99556666157409,37.54770875984545],[126.99523297059248,37.54768588440438],[126.9950444999199,37.547703530951964],[126.99487878487028,37.54774426368241],[126.99464902355733,37.54781442065333],[126.99453935657814,37.54785612562031],[126.99441913205808,37.54785670860359],[126.99430224799225,37.54796352936562],[126.99417680898064,37.548135705589885],[126.99413993651174,37.54816979320075],[126.99407227191315,37.54820111462094],[126.99401813911321,37.548232436862406],[126.99396892657879,37.548274528942954],[126.99393324625629,37.54831270526334],[126.99388526096068,37.54837045931938],[126.99383973806547,37.54841646639079],[126.99379790706037,37.548456600123366],[126.99376837661029,37.54849771402626],[126.99371395065947,37.5485372026925],[126.99362536795036,37.54859691180486],[126.99355278049627,37.54863606491313],[126.99347896236763,37.548680112077314],[126.99337410977577,37.54875190758977],[126.99325107687957,37.548839024895],[126.99321771815994,37.54886570090575],[126.99303138102994,37.54898891803426],[126.99299014476054,37.54904669743246],[126.99296719505341,37.54907904406042],[126.99294047046142,37.54915860775451],[126.99293281294976,37.549215861584486],[126.99292974852337,37.54931425410373],[126.9929213467407,37.549368309358634],[126.99290156523043,37.54947162096907],[126.9928759182667,37.54951726060343],[126.99283812329043,37.549561826259094],[126.99278413518034,37.549591354965756],[126.9927220504858,37.54961819809123],[126.99266794445782,37.54963934932022],[126.99262745359394,37.54965652908036],[126.99259282227372,37.54968365621152],[126.99256419129367,37.54972617181475],[126.99250502346406,37.549811963290466],[126.9924725753948,37.54986358940104],[126.99242486227777,37.549908382112356],[126.99236170586268,37.54996949055597],[126.99228154825035,37.550024909679976],[126.99223001807276,37.55006818294179],[126.99215558808437,37.55010993619745],[126.99207161771325,37.550138021509895],[126.99201747554679,37.55015418004467],[126.99193480355905,37.55016961184588],[126.99184538492725,37.550174303223514],[126.99180236301997,37.55017564216831],[126.99175596584655,37.55018235072505],[126.99173486905599,37.550187472014144],[126.9916417043198,37.55022036484756],[126.99157366046424,37.5502565915903],[126.99152393511476,37.55028823830603],[126.99148558952093,37.550311759930025],[126.99145418263006,37.550339243790496],[126.99142068150222,37.550380054021524],[126.99137664598646,37.55044471887719],[126.99135151829522,37.55049052760369],[126.9913153268628,37.55054146561174],[126.9912739730928,37.55059018762372],[126.99124675367734,37.5506218370722],[126.99120439119817,37.55065644134393],[126.99113490742458,37.55069973057346],[126.9910369630648,37.55074701313395],[126.99098461696416,37.55078164437026],[126.99094194586861,37.55082045794902],[126.99085005052237,37.55091119478672],[126.9907708475891,37.5510336719141],[126.99070833207679,37.55112321299056],[126.99055172265719,37.55121000541838],[126.99051180812454,37.551231347079714],[126.99046338806107,37.55125997604674],[126.9904208556864,37.55129068773711],[126.99037439968068,37.5513146316994],[126.99033710343184,37.55133024594946],[126.99028925337946,37.55134522759001],[126.99022388677975,37.55136455211495],[126.99015967923415,37.55137467219258],[126.99008621777568,37.551379267364844],[126.99000130566995,37.551379581668606],[126.9898158373959,37.55137991121666],[126.98968237913961,37.55138070520323],[126.98952654916665,37.55139481972094],[126.9893865721523,37.55142569769645],[126.98935782807865,37.55143155478435],[126.98933198119818,37.55143656072796],[126.98921836106778,37.55147765935798],[126.98906158376192,37.55153841655757],[126.98881689245366,37.55160072103715],[126.9885950397874,37.55164484731805],[126.98844823408781,37.55162665186882],[126.98838399078551,37.55161862231849],[126.98828185335582,37.55160585648793],[126.98813532865918,37.55158655876928],[126.98802045946235,37.55157091891021],[126.98795708321822,37.55156229006777],[126.98782359541605,37.55153712890938],[126.98772319220166,37.551522748220954],[126.98766791462504,37.55151196499902],[126.98763068628251,37.55150567351261],[126.98758877408848,37.551535320184236],[126.98757156916668,37.55156684742642],[126.98754066693851,37.5516083794494],[126.98752447910815,37.551635136959355],[126.98751892728532,37.55167072543826],[126.98751496061803,37.551701899249764],[126.98750340856554,37.55175019098606],[126.98749786008253,37.551767849746945],[126.98748744542047,37.55178550792944],[126.98747510720317,37.55180163419787],[126.98741183405863,37.5518697415593],[126.9873070198768,37.5519830736302],[126.98727872151376,37.55201757816711],[126.98719733737083,37.5521058654183],[126.98710825195569,37.55222370416825],[126.98706387927714,37.55228064135831],[126.98699675651383,37.55235460445996],[126.98688650744924,37.55247568399947],[126.9868558337138,37.55250234951885],[126.98674253488836,37.552591893868964],[126.98663172373723,37.55269026813096],[126.98660591494713,37.552722520339636],[126.98656708556433,37.552785855071534],[126.98655814232488,37.55280054008618],[126.98651206770924,37.55287567685816],[126.9864699497739,37.55297135670131],[126.98645353356834,37.55300487145857],[126.98643598682214,37.55303261972913],[126.98640746004968,37.55307343095592],[126.98634735090421,37.553154782698286],[126.98630931523893,37.55320838674457],[126.98626392486642,37.55325541259713],[126.98616974711729,37.55335802321745],[126.98610149348262,37.55341901138566],[126.9860633495653,37.55344729750224],[126.98603765688614,37.553462881272914],[126.98601117294346,37.55347395998142],[126.98598785818663,37.55348287672354],[126.98596352446827,37.55349386560503],[126.98590670668189,37.553526023468535],[126.98583755226828,37.55356340541192],[126.98577654795136,37.553591508199105],[126.98571463834546,37.55361907023913],[126.98559342032917,37.55368158269437],[126.98556614188499,37.553702842388034],[126.98553818417554,37.553725183172],[126.98551215024068,37.55374797470525],[126.98548792789595,37.55376662192243],[126.98546800746443,37.553778422191755],[126.98544627754603,37.55378445587234],[126.98541368333076,37.553790397968655],[126.98538086280927,37.55379615982695],[126.98530888497541,37.553804258882664],[126.9852860247636,37.553803715148106],[126.98526610828148,37.55379713517812],[126.98525241718653,37.553785780812944],[126.9852271856291,37.553761270393544],[126.9852003703193,37.553733966679296],[126.98510102905811,37.55363430336088],[126.98500338228453,37.55354968673583],[126.98499984188307,37.55354663188277],[126.98487337540524,37.55343749516162],[126.98476633762955,37.55334602948548],[126.98468939390264,37.55329547297494],[126.98461716282705,37.55323908137259],[126.9845484911722,37.553197017789145],[126.98411815532769,37.55308685861793],[126.98399193386385,37.55306142480871],[126.98368935013026,37.55310299806765],[126.98353310015436,37.553182875117884],[126.98337828613917,37.553262017873564],[126.98329445287311,37.553358963261196],[126.9831026578532,37.553364614250974],[126.9824753605529,37.55348900101224],[126.98218106169972,37.55363552541959],[126.98199714934323,37.55380151256643],[126.98170491039112,37.55387496218968],[126.98156358767793,37.553847030212665],[126.98119514163668,37.55381207291461],[126.98099683993406,37.55381901498766],[126.98081131522825,37.553854075277336],[126.98067774126666,37.55405507445943],[126.9805665384884,37.554242764420785],[126.98043998449215,37.55439485610535],[126.9802761125646,37.55456027650104],[126.97999877920856,37.55468903456688],[126.97955377286601,37.554808138331694],[126.97936861249983,37.55482522796634],[126.97905782816828,37.554808715375415],[126.97848447096953,37.55469837416452],[126.9779287218784,37.55501768893577],[126.97757994786654,37.555155935166106],[126.97741569980083,37.55520644640619],[126.9772290554319,37.555261819060796],[126.9771631568876,37.55530211398815],[126.9771258418389,37.55532613479415],[126.97707778487936,37.555383505320364],[126.97704720749913,37.555523417360824],[126.97698918747459,37.555636923779225],[126.97698131203036,37.5557259246552],[126.97690332396523,37.55586554477878],[126.9768268590434,37.55597735250181],[126.9765280165725,37.555535234128],[126.9765853835324,37.55498893983515],[126.97652882220484,37.553122382962364],[126.97521350174928,37.55348630108097],[126.97422541406756,37.55361718045327],[126.97423246396609,37.55378734805754],[126.97421818171685,37.55384996359292],[126.97413804486054,37.55388409257635],[126.97405701721499,37.553878307421506],[126.97379632762475,37.554037451516855],[126.97373870933367,37.55407681125699],[126.97373327558488,37.554081044633485],[126.97369954100692,37.55410743570983],[126.97356030073078,37.554216332563634],[126.97355010363009,37.554247774713396],[126.97354565091452,37.554352288542496],[126.97354176895813,37.554443648045606],[126.97353989088714,37.55447240721273],[126.97353894041947,37.55450222976807],[126.97353893799433,37.55450871689798],[126.97352922916906,37.554505380932824],[126.97337103739552,37.55444876113641],[126.97332944832776,37.554475501619024],[126.97330841019597,37.55450459858309],[126.97330799333258,37.554529664034874],[126.97330372148778,37.55472383543962],[126.97330043552492,37.55503459521474],[126.97329081599015,37.5550344127175],[126.97328429821474,37.55548196003612],[126.97327947911965,37.555896432378816]]]}},{"type":"Feature","properties":{"reference_id":"safe_downtown_exclusion_2","category":"서울도심 안심주택 배제범위","source_type":"USER_CURATED_MODEL_REFERENCE","legal_source":false,"source_crs":"EPSG:5174","note":"사용자 제공 DXF를 EPSG:5174로 해석해 WGS84로 변환한 내부 판정용 참조도형. 서울도심 기본계획 범역 중 율곡로·사직로 북측 및 퇴계로 남측 배제판정 전용."},"geometry":{"type":"Polygon","coordinates":[[[126.95711323427645,37.58015649951261],[126.95711354843783,37.580157445666444],[126.95711530193965,37.58016145751724],[126.95711781698141,37.58016989259647],[126.95712496207263,37.58018825558348],[126.95713126038875,37.5802046586063],[126.95713276950305,37.5802103353877],[126.95713375524937,37.580216582296636],[126.95713377296812,37.580219154619314],[126.95713523888641,37.580230850874216],[126.95713707955618,37.58024250312161],[126.95713882829435,37.58025645375053],[126.95714038236342,37.580270317811525],[126.95714160075407,37.580273709582116],[126.95714098462328,37.58028560687507],[126.95713955578196,37.580302994473186],[126.95713877209812,37.58031489440604],[126.95713894524106,37.580316917185435],[126.9571317530036,37.58033980674206],[126.95712451190289,37.580364903696264],[126.95711872034818,37.58038159859667],[126.95711769304756,37.580384320990966],[126.9571164717422,37.58039918139994],[126.95711505885694,37.580416376192346],[126.95711378257482,37.58043611812438],[126.95711314202293,37.580451001276316],[126.95711593916117,37.58046864273934],[126.95712008537217,37.580494576486586],[126.95712400240821,37.580511806619754],[126.95712864690194,37.580537484673805],[126.95713044643186,37.58054598075022],[126.95713450632935,37.580562855047006],[126.95713839495151,37.58058028428681],[126.95714075581705,37.580591008713114],[126.95714692109352,37.580614180793916],[126.95714920283937,37.58062278607054],[126.95714949344686,37.58062527290192],[126.95715663468533,37.58063876695427],[126.95716142661519,37.58064685961169],[126.95716242139527,37.58064743391373],[126.95716567883454,37.580650624629065],[126.95716992205325,37.58065620422924],[126.95717555629852,37.58066234386426],[126.95717958564585,37.58066776300817],[126.9571817104227,37.580669985638366],[126.9571857397714,37.580675403881095],[126.95719125212774,37.58068281926612],[126.95719230808551,37.580683320611],[126.9571957690136,37.58068509595242],[126.95720511740696,37.580689826035936],[126.9572117812367,37.580693220750476],[126.95722167768032,37.58069776723717],[126.95722290371062,37.58069783617215],[126.95722826050353,37.58069840039745],[126.95723961824193,37.58069955611854],[126.95725048564098,37.58069903221622],[126.95726124224227,37.58069825689623],[126.95728280638998,37.580696704470405],[126.95729308966848,37.5806961010585],[126.95730389530583,37.58069663758899],[126.9573149024609,37.58069716968903],[126.95732599569718,37.5806976324443],[126.95733389190697,37.580698024626074],[126.95733660060347,37.58069875904267],[126.95734030048304,37.580700411034165],[126.9573579775718,37.5807055181314],[126.95736803119136,37.58070848163174],[126.9573781946223,37.58071145147915],[126.95739119663332,37.5807156819656],[126.9574112808915,37.58072219369121],[126.95742848680501,37.58072768892688],[126.95744871959444,37.580733829495266],[126.95746899084378,37.580740029539584],[126.95748851911556,37.58074677079608],[126.95750791534151,37.580754743648306],[126.95752629812743,37.5807630702073],[126.9575445432908,37.58077248780652],[126.95756316096869,37.580781826254835],[126.95761911481638,37.58080786485564],[126.95765765346498,37.580824278932425],[126.95767758249978,37.580831092385345],[126.95769745493071,37.58083790941784],[126.95771953081118,37.58084604000148],[126.95773630023565,37.580852693698574],[126.95774886384226,37.58085747628752],[126.95776588373944,37.58086366606534],[126.95777838069455,37.580868210766056],[126.9578052704885,37.58087799012002],[126.95781795293571,37.58088284031956],[126.95782808450281,37.580886163303006],[126.95783798965167,37.58088948169683],[126.95784792847836,37.58089329023883],[126.95785686200165,37.58089708399239],[126.95786812336668,37.58090437263069],[126.95788402791086,37.580914863287326],[126.95790618822708,37.58093358225746],[126.95792064118528,37.58094641313508],[126.9579259263819,37.58095331123552],[126.95793113649204,37.58096084089931],[126.95793635791385,37.58096838858678],[126.95794709731366,37.580983586782885],[126.95795214209637,37.580991191166554],[126.95795254989685,37.58099272119166],[126.95795253650218,37.581007937943134],[126.957952293805,37.58101061107969],[126.95795302828853,37.581016880412896],[126.95795493486708,37.581034190863825],[126.95795529427512,37.5810371696569],[126.9579583000343,37.58104299384001],[126.95795925404458,37.58104361136758],[126.95796305586966,37.58104716445803],[126.95796385583994,37.58104790716582],[126.95806080449233,37.58122858522356],[126.95806595561193,37.581251963206434],[126.95807537389747,37.5812944454685],[126.95807912379256,37.58131141692315],[126.95807856441331,37.581313561965416],[126.95807366540808,37.58131414850655],[126.9580679342483,37.58131676826702],[126.95806106091081,37.58132111659923],[126.9580516562403,37.58132727678321],[126.95804255305471,37.58133284603051],[126.95803891738743,37.5813336078268],[126.95803175064978,37.58133631715539],[126.95802721102503,37.581337987713354],[126.95802074766848,37.58134206229445],[126.95801620145261,37.58134533119906],[126.95801517272392,37.5813466498637],[126.95798142521647,37.581479301328265],[126.9579571695019,37.58163878404605],[126.95786178077857,37.58170990779153],[126.9578509513819,37.58174204105991],[126.95784897040157,37.58174551813352],[126.95784604610934,37.581751368055535],[126.95783769647589,37.581767267371156],[126.95782945546475,37.58178326583483],[126.9578275817737,37.58178525091476],[126.95782076621369,37.58179911997417],[126.95781288065253,37.58181516902338],[126.95779072429875,37.581862827487875],[126.95777115930308,37.58190282672446],[126.95776362014198,37.58191889031422],[126.9577593565465,37.581926650729],[126.957758314765,37.58192897218395],[126.95775586813451,37.581934960131484],[126.95775252017322,37.58194315335873],[126.9577516889834,37.58194544606015],[126.95774598048968,37.58195952635602],[126.95774524984444,37.58196218489502],[126.9577429093531,37.581970582118394],[126.95773733936203,37.58199366872196],[126.95773325493109,37.58201059042851],[126.95773275985363,37.58201310129305],[126.95773075715668,37.582028507412005],[126.95772772012512,37.58204511235967],[126.95772536319322,37.5820622419334],[126.95772300626021,37.582079371507014],[126.95772240694392,37.58208202288665],[126.95772154512518,37.582088281717056],[126.95772167185382,37.58209033330937],[126.9577192829451,37.582096335693144],[126.95771598708794,37.58210446496845],[126.95770930814425,37.582120814485954],[126.95770603940633,37.58212902846367],[126.9577027706677,37.58213724244132],[126.95769906470727,37.582145831066754],[126.95769813645256,37.58214760836767],[126.95768077430344,37.58216662714292],[126.95766194485721,37.58218765997526],[126.95766057511477,37.582189362329984],[126.95765485870679,37.582193714671654],[126.95764705371899,37.5821996573782],[126.95763923174006,37.58220561359267],[126.95763140862832,37.58221156890523],[126.95761576240002,37.58222348133074],[126.95761295594106,37.582225256130485],[126.9576079253,37.58223011598],[126.9576060618895,37.582231916357976],[126.95758726352996,37.582250075044236],[126.95757349467483,37.58226337478023],[126.95757154414432,37.582265080521644],[126.95756182297366,37.58227782855761],[126.95755075105855,37.58229268800088],[126.95754513362384,37.58230005327127],[126.9575404136018,37.582308040556065],[126.95753686795597,37.582317344618744],[126.95753419236019,37.582325672336694],[126.95753151109152,37.582334019874125],[126.95752882982228,37.58234236741148],[126.95752605232443,37.582350709506976],[126.9575231854353,37.58235897048035],[126.95752273334297,37.58236152640918],[126.95752083428756,37.58237002199955],[126.95751565700162,37.58239318712321],[126.95750999948098,37.582418627958184],[126.95750058257816,37.5824606374246],[126.95749868692205,37.58246911950093],[126.95749835926945,37.58247183404958],[126.95749762614001,37.5824806111818],[126.95749744190245,37.5824897155766],[126.95750093945581,37.58250443178409],[126.95750729507263,37.582529742850305],[126.95751753625103,37.582572245276026],[126.95752388276384,37.582597655446136],[126.95752944975884,37.582614486136826],[126.95753494552775,37.58263115372223],[126.95754044129914,37.582647821307305],[126.95754952774195,37.582672982923306],[126.95757041853838,37.58272200704198],[126.95758853498117,37.58276249238125],[126.95760337764668,37.58279467751807],[126.95760697772634,37.582802591315904],[126.95760957569895,37.58281078674945],[126.95761317838654,37.58282775725875],[126.95761678559218,37.582844748492285],[126.95761598558975,37.58286138580115],[126.95761554019273,37.58288724393191],[126.95761539135204,37.58289585910409],[126.95761473134786,37.58291315418461],[126.95761381962036,37.582933037704045],[126.9576130628821,37.58294154723467],[126.9576120245603,37.58294372903641],[126.95760538881981,37.5829576747313],[126.95759447754325,37.58298222614224],[126.95758488442056,37.58300040446829],[126.95757328198113,37.58302202831663],[126.95757206103066,37.583024808304636],[126.95756502677344,37.58304451114868],[126.95756417842581,37.58304899774263],[126.9575596508382,37.583064660597785],[126.95755935259254,37.58307512543805],[126.95756009721013,37.58308146685413],[126.95756061450032,37.583097039687146],[126.9575604009717,37.58310205719812],[126.95756180256511,37.58312516350347],[126.95756244033878,37.583139927295875],[126.95756291150585,37.58314729753595],[126.95756245849782,37.58315718208354],[126.95756401900809,37.58317765666801],[126.95756458378936,37.58319333223084],[126.95756495399783,37.58320874283131],[126.95756675905515,37.58322921390269],[126.95756684983802,37.58323655787241],[126.95756732487474,37.583241199027555],[126.95756760895011,37.58324713482831],[126.9575691326931,37.58326467939265],[126.95757055759289,37.583280888659054],[126.95757159902188,37.58329461736854],[126.95757254730611,37.583306945911254],[126.95757337291352,37.58331611194788],[126.95757571747018,37.58334135303876],[126.95757602035891,37.58334417503924],[126.9575765791957,37.58335841352687],[126.95758219840027,37.583375137916015],[126.95758830873939,37.58339223639677],[126.95756574320424,37.58340114865812],[126.95753859447501,37.583410496185834],[126.95753615520832,37.58341155213345],[126.95752836538745,37.58341265113655],[126.95751770533406,37.583414155413976],[126.95749625042671,37.58341728915269],[126.95749529000561,37.58341790056392],[126.95749265741564,37.583420412431664],[126.95748921461254,37.583426081952595],[126.95748450257418,37.58343383858422],[126.95747979053435,37.58344159611659],[126.957479851095,37.58344257280785],[126.95748053789734,37.5834432713281],[126.95759990990103,37.58354633361983],[126.95760282629963,37.58355021975573],[126.95760585723703,37.583557635095666],[126.95761037347951,37.58356517982898],[126.95761284161522,37.58357087948234],[126.95761622631265,37.5835773966707],[126.95761793994811,37.58358200134559],[126.95762051141746,37.58358910657512],[126.95762306641075,37.583595350456015],[126.95762568792203,37.58360207008209],[126.95763060483321,37.58361174309205],[126.95763254251392,37.58361655597771],[126.95763356772203,37.58361937103855],[126.95763652910652,37.583627634179415],[126.95764040472301,37.58363489936774],[126.95764462715512,37.583645381204214],[126.95764873093488,37.583653554670725],[126.95765443807399,37.583667121133004],[126.95765671638917,37.583674112728474],[126.95765876489124,37.583683011625524],[126.95766047148408,37.58369191039547],[126.95766218774868,37.58369976222345],[126.95766377928884,37.58370793475604],[126.95766571436454,37.58371719670803],[126.95766707765111,37.583726548546174],[126.95766844356098,37.583733358704286],[126.95766959876998,37.58374230502144],[126.95766981607844,37.58374820655921],[126.9576758593482,37.583773577861045],[126.95768200851406,37.58379985379152],[126.95768542240353,37.58381647013825],[126.95768757889411,37.58383429694286],[126.9576910740886,37.583847413890716],[126.95769594766689,37.583861522434496],[126.95770220163145,37.58388479811982],[126.95770587948856,37.58389919723766],[126.957714301849,37.583927736384865],[126.95772220389357,37.583953541747434],[126.95773250614714,37.583987023497436],[126.95773767093567,37.583996874088456],[126.95774637474358,37.58401850277649],[126.9577620045859,37.58405260367414],[126.95777501081403,37.58408355104822],[126.95778636583054,37.58410960815933],[126.95779707385702,37.58413464511376],[126.95780989354249,37.584163254356504],[126.9578207053139,37.58418902565033],[126.95783502143664,37.58422201693762],[126.95784309129313,37.58423976303558],[126.95785349865201,37.584260153489716],[126.95785649093543,37.58426793550923],[126.95786453592335,37.58428757096347],[126.95786872359994,37.584301463008856],[126.95787223512764,37.58433129774632],[126.95787473465298,37.584357001089906],[126.95787556426957,37.58437489767575],[126.95787151069484,37.584408609260194],[126.95786864364769,37.58443064450839],[126.95786945442275,37.5844691763625],[126.95786993776791,37.58450423299345],[126.95787226576242,37.58454256358726],[126.95787073610174,37.584569894422316],[126.95786656384823,37.58462263387795],[126.95785942414727,37.584696755328196],[126.95783116649014,37.584741151753846],[126.95780605839317,37.58477990736656],[126.95779044480226,37.58480289563847],[126.9577886570107,37.58480499787669],[126.95777916444092,37.584827085626735],[126.9577754767555,37.58483518682416],[126.957774968554,37.58484461815347],[126.95777758757188,37.58485376232618],[126.95778126091552,37.584879852627225],[126.9577714426983,37.58491088073607],[126.957762085554,37.58492400823251],[126.95775692077274,37.58493143764738],[126.9577557643516,37.584934183422845],[126.95775000461781,37.58494837361293],[126.95773277228572,37.584990153133276],[126.95771903994833,37.58500214286035],[126.9576652976803,37.585049063356976],[126.95765904582551,37.5850529226586],[126.9576504448634,37.5850584542172],[126.95764223913018,37.58506381203186],[126.95763895069975,37.58506676604232],[126.95763651867289,37.58507275759349],[126.95763551093518,37.58507486372323],[126.9576330800399,37.58508085527475],[126.9576296322933,37.585089047555975],[126.95762653658446,37.58509735439317],[126.95762343857723,37.58510571799149],[126.95762081615817,37.58511395202465],[126.95761950176723,37.585117702338884],[126.95762080011947,37.585123913315414],[126.95762188340967,37.58512618149899],[126.95762395737974,37.58513225851703],[126.9576251334883,37.585134560972534],[126.95762720745938,37.585140637089516],[126.95763046552793,37.58514890844759],[126.9576313165077,37.58514961513666],[126.95763387242708,37.585150516171474],[126.95764055253575,37.585153891043724],[126.9576500522635,37.585158333730405],[126.95765946826123,37.58516269169254],[126.95766900978123,37.58516730558047],[126.95767842578067,37.585171664442086],[126.95789740279196,37.58532330665319],[126.9579222523797,37.58533590079948],[126.9579330370779,37.585342439630196],[126.95793887105124,37.585346552080225],[126.95795463790542,37.58535793284259],[126.95797819849318,37.58537545128837],[126.95799340326087,37.585387757150336],[126.95800335472798,37.58539617602421],[126.95801787056764,37.58540557414864],[126.95804306448645,37.585421887664566],[126.95806836911257,37.58543864359971],[126.95808501907332,37.58545007872867],[126.95809356038828,37.58545564725872],[126.95810735129515,37.58547151688454],[126.95811300958147,37.58547795650691],[126.95812185210465,37.585489301363936],[126.95814996205354,37.585512356201576],[126.95817827024808,37.58553719685856],[126.95821346103799,37.58556976147968],[126.95824699023707,37.58560355712829],[126.95827476545304,37.5856299887068],[126.95829825800848,37.585657752169276],[126.95831038787546,37.58567202641832],[126.9583229098156,37.585685723277855],[126.9583478579383,37.58571427382317],[126.95836511335379,37.58573615155549],[126.95837667575655,37.58575088689466],[126.95838832651414,37.58576555288905],[126.95839969418223,37.5857803025705],[126.95840174554085,37.585782538664816],[126.95842897701023,37.58580773385556],[126.95843104745039,37.58581026007365],[126.95845279432768,37.585826170403266],[126.95849206516955,37.585855837056954],[126.95851492359236,37.58587421287645],[126.95851793974819,37.58587615379692],[126.95854177784214,37.585890036753455],[126.95859109756674,37.58591853935477],[126.9586374626202,37.58594652549841],[126.9586542762075,37.58595727765858],[126.95866913567635,37.585969952711],[126.95868298112967,37.585981897595346],[126.958704521402,37.58600092070798],[126.95873882994398,37.58603474622966],[126.95875765610229,37.58605625596966],[126.95876464578399,37.586062970843],[126.95877255847226,37.586069209428906],[126.95878823815592,37.586081064866356],[126.9588048023576,37.58609244039651],[126.95882333655993,37.58610185429056],[126.95884730595724,37.586114032567906],[126.95887525431606,37.58612741869734],[126.95890707955854,37.586142336092934],[126.9589355452622,37.58615587466129],[126.95894513118365,37.58616041728351],[126.95896542267134,37.58616767843374],[126.95899582101423,37.58617728578375],[126.95900475094366,37.58618064787389],[126.95906153991388,37.58621544544938],[126.9590840603847,37.58623125773254],[126.95909244565486,37.586236766668485],[126.95909646085985,37.58623795380833],[126.95913510407388,37.58624718116626],[126.95915622954222,37.58625130354981],[126.95917734509929,37.586254938492885],[126.95918793114815,37.58625681814113],[126.95919908877933,37.58625700594273],[126.95921308242026,37.58625741910506],[126.95922508822476,37.586257319793816],[126.95924654648083,37.58625358208357],[126.95925759826397,37.58625074433269],[126.95927783962655,37.586244623074656],[126.9593016968134,37.586237184063656],[126.95931745013841,37.58622910785726],[126.95933814242859,37.586218394427306],[126.9593540992512,37.586210830048415],[126.95935650657744,37.586210314643594],[126.95938396253989,37.58620164165021],[126.95941422194892,37.58619269935479],[126.95944480163197,37.58618398511504],[126.95948634487253,37.586174246747305],[126.95950720466098,37.58616962400882],[126.95952824687275,37.58617079286595],[126.95957136502885,37.58617305615445],[126.9596146611048,37.58617704758049],[126.95964714604524,37.58617877458386],[126.9596687589507,37.586179826490245],[126.9596875522655,37.58618368756713],[126.95971878293383,37.58619115068058],[126.9597488294813,37.58620038380315],[126.95977929003621,37.58621030001142],[126.9598085520206,37.586221509603384],[126.95982802604017,37.58622899916674],[126.95985762574817,37.58623964124495],[126.95988723226375,37.58625027250632],[126.95990773740031,37.5862563100316],[126.95993851111012,37.586265100077306],[126.95996918547732,37.58627338102324],[126.96001098840017,37.586283260618984],[126.96004228738185,37.58629016866376],[126.96007200287487,37.58630036564201],[126.96010190422305,37.58631025994687],[126.96013142698878,37.58632094607762],[126.96016161616745,37.5863304106982],[126.96019157752924,37.58634033473385],[126.96022085443204,37.586351386556174],[126.96025082918403,37.58636169530222],[126.96028071909748,37.586371881476985],[126.96030012424967,37.586379171820454],[126.96032911349218,37.58639043164302],[126.96036801584282,37.58640649536484],[126.96037103913618,37.58640793709439],[126.96038863740236,37.58641303199297],[126.96039888803416,37.586415531293696],[126.96041042456838,37.586414402773116],[126.96045032013203,37.58640734212227],[126.9604676751842,37.58640382170202],[126.96048563129231,37.5864046757723],[126.96050625767343,37.5864045054462],[126.96054937113072,37.58640531328439],[126.96058583438443,37.586405580912746],[126.96061419982328,37.586408598234506],[126.96062461875846,37.5864097596106],[126.96065685025034,37.586413488237866],[126.96067802880985,37.58641600120741],[126.96068858329423,37.58641774105741],[126.96070978627833,37.58642114420329],[126.96071992502127,37.58642330196399],[126.9607404497937,37.58642883750242],[126.96076101086958,37.58643424420887],[126.96078150632988,37.58643956169157],[126.96080017396369,37.58644781935654],[126.96081250166061,37.586453368272366],[126.96082821961919,37.58646220965521],[126.9608458082966,37.58647044261444],[126.96087388781216,37.586482976883985],[126.96089101369905,37.58649071864004],[126.9609131401954,37.58650108938725],[126.96092980428887,37.586508585009796],[126.96095001508309,37.586519028972155],[126.96096948502816,37.586528122099445],[126.96098548103255,37.58653581299843],[126.96100147049951,37.5865472159528],[126.96101178180794,37.5865548184023],[126.96102663355931,37.58656388650969],[126.96105291375903,37.58657910865959],[126.96107184605357,37.586587990755035],[126.96110025738838,37.58660051787632],[126.9611130382662,37.58660559479942],[126.96115034189974,37.58661808891264],[126.96116040200559,37.58662127463285],[126.96118913656922,37.586632827877985],[126.96121091311309,37.58664144603305],[126.96123659073409,37.58665305047989],[126.96127438103062,37.58667017037872],[126.96130242645575,37.586683209086125],[126.96132170101903,37.586691553369704],[126.96134088753236,37.58669941919691],[126.9613791857378,37.58671535263722],[126.96140120574623,37.586723978047736],[126.96142845711974,37.58673358370103],[126.96144107444975,37.58673758655844],[126.96145487415664,37.58674091587878],[126.96145935036401,37.586741854422655],[126.96147792414294,37.58674383208029],[126.96149938712692,37.58674611795057],[126.96150918354775,37.586747029464554],[126.96152999604294,37.58675045395427],[126.96156428421601,37.58675763830913],[126.96159585349172,37.58676363153286],[126.96161691703709,37.58676763001981],[126.96162461294149,37.586769090415245],[126.96163118443462,37.58677505445602],[126.96164656680612,37.586787182410646],[126.96166194918264,37.586799310363226],[126.96166382788478,37.586800712930746],[126.96166947593014,37.58680801191785],[126.96167751150857,37.586817952498556],[126.96168193650563,37.586823644615386],[126.96169854085056,37.58683093558523],[126.96170697428582,37.58683578212699],[126.96173306555042,37.58685117705031],[126.9617439232471,37.58685774258553],[126.9617502785529,37.58686149282575],[126.96175985574317,37.58686591358297],[126.96178046120716,37.58687550790632],[126.96179003494647,37.58688003767913],[126.96181565378797,37.58689605050104],[126.96183265490087,37.586906723884304],[126.96183521383257,37.58690855734874],[126.96185048715981,37.58691719752564],[126.96186169261537,37.58692347395051],[126.96187401316917,37.586932114033324],[126.96188305508953,37.586938208631494],[126.96188825701141,37.586941364727636],[126.96189878654798,37.58694550828977],[126.96191510515352,37.58695369200953],[126.96198566540296,37.586983010297985],[126.96209133977271,37.58701456390942],[126.96210784201654,37.58701595333354],[126.96212796760028,37.58701678715556],[126.96214042144075,37.58701751209894],[126.96216397185577,37.58701634867184],[126.962201382549,37.587032668972434],[126.96223879325856,37.58704898926112],[126.96226958305931,37.58706062221308],[126.9622831656116,37.58706801480799],[126.96229674816655,37.58707540740129],[126.96231581529297,37.58709541560886],[126.96233488242953,37.587115423813295],[126.96235462882773,37.58713556738775],[126.96237437523656,37.58715571095882],[126.96238257857362,37.58716553441856],[126.96239078191286,37.587175357877655],[126.96241340851145,37.58720879192975],[126.96241962776764,37.58722384044413],[126.96242334232143,37.58726537709592],[126.96241833766597,37.58730925342118],[126.96240040934363,37.58738465994805],[126.96240384958287,37.587433294470216],[126.9624084890201,37.58752269356548],[126.96243312605631,37.587609016110875],[126.96244104159386,37.58762802951978],[126.9624490728053,37.587642357843215],[126.96246378613898,37.58765272404205],[126.96247895574938,37.58765660329643],[126.96255401658348,37.587665818146135],[126.96258220518126,37.587672494738094],[126.96260891918854,37.58768439655147],[126.96262340831369,37.58769052802599],[126.96268136699126,37.5877109093749],[126.96273049715326,37.587726062080435],[126.962798754638,37.58775491601619],[126.96285897257464,37.587785479151535],[126.96288127266303,37.58779422600924],[126.96290651781555,37.587800451067515],[126.96302482482304,37.58781859950909],[126.96306309208002,37.58782167533148],[126.96309807494683,37.587826642141415],[126.96312841518484,37.58783268861343],[126.96315637537336,37.58784341942718],[126.96318931458816,37.58785946766372],[126.9632068566648,37.58787361882588],[126.96322032300469,37.587887318170566],[126.96327315913967,37.587962207169475],[126.9633171673547,37.58803069629256],[126.96335359852827,37.58808206423103],[126.96336774476934,37.588094772694554],[126.96340136117415,37.5881153260159],[126.96342897977604,37.58813011108745],[126.96345546291255,37.58815129278092],[126.96348092445336,37.58817760975449],[126.96352199122731,37.58824213351634],[126.96353703030225,37.588280430224245],[126.96354787166004,37.58833548390299],[126.96358165645705,37.588470732630235],[126.963596703836,37.588492811600105],[126.96364468745405,37.58853760596436],[126.96366686583089,37.588563741645686],[126.9637166506183,37.58862925921446],[126.96374686230241,37.58866638947048],[126.96375896841383,37.58868364720764],[126.9637710745308,37.588700904943515],[126.96378227669068,37.588714558448885],[126.96379347885464,37.588728211953146],[126.9638461046059,37.58877354830836],[126.96387553179262,37.588794911041894],[126.96391458335154,37.58881546594786],[126.96399573419185,37.58887522707994],[126.96403681719907,37.5889090270709],[126.96408005224959,37.58894129605541],[126.9641143482541,37.588962480075935],[126.96414162444182,37.588983661863864],[126.96417218074153,37.589011602070876],[126.96419119108215,37.5890339525122],[126.96421800188058,37.589080271616766],[126.96423633062044,37.589107216858714],[126.96424673126498,37.58913911501212],[126.96424966294425,37.58916344253261],[126.96424871066048,37.589256694177855],[126.96425320681304,37.58932246750035],[126.9642525213619,37.58933472067949],[126.96424684593538,37.589363280110916],[126.96423879482715,37.58938778435939],[126.96422338079415,37.58941904366824],[126.9642057034401,37.58944795969863],[126.96416716747972,37.5895276846784],[126.96415390072615,37.58956678322576],[126.96415229847396,37.58960102014581],[126.96415665904527,37.589711392178245],[126.96414485317754,37.58977247521728],[126.96412591072439,37.589840403479116],[126.96412125747715,37.5898624761347],[126.96412597463902,37.5899389712452],[126.96414553226867,37.58999943352363],[126.96418422357024,37.590062604805986],[126.96421601878534,37.590104600752056],[126.96423615771099,37.590134880205355],[126.96425550210188,37.59016912373749],[126.96427937515186,37.59020408948294],[126.96429894293489,37.590244549873375],[126.9643230382201,37.59028807503538],[126.96433593568953,37.59030857650338],[126.964348833166,37.59032907796991],[126.96435759909316,37.590347235573866],[126.9643663650246,37.590365393177095],[126.96442368952003,37.590528038961104],[126.96447909523121,37.59067897130889],[126.96449853997996,37.59073970378131],[126.96454049532196,37.59084369057128],[126.96455542863126,37.5908690129195],[126.96457477709899,37.59089568812469],[126.96459977989858,37.59093651055535],[126.96469222913056,37.59105123478801],[126.96472459552972,37.591084401118344],[126.96475288571861,37.591117746367],[126.96480834112026,37.59116975044328],[126.96484376898266,37.59119426823943],[126.96498843076692,37.59127963634609],[126.96505068889208,37.59131353262049],[126.96509404589091,37.591331655799294],[126.96514431079495,37.59134761872788],[126.9652622809594,37.59137261229708],[126.96531900461159,37.591378756402115],[126.96543177797727,37.59137987211469],[126.9654779744669,37.59137997632731],[126.9656578847146,37.5913948973688],[126.96571336313707,37.59140059041371],[126.9657540085506,37.59140690962843],[126.96579374781166,37.591413949342616],[126.96583314645328,37.591422971106695],[126.96587084622855,37.59143298342769],[126.96590367738634,37.59144272397234],[126.96593831842473,37.59145615909046],[126.96596412670323,37.59147184399979],[126.96615756397485,37.59161470817071],[126.96615393026127,37.59163678120524],[126.96615392859863,37.59164029504473],[126.96618154644894,37.59166057546973],[126.9662142534122,37.591693831588806],[126.96623869889277,37.59171843577747],[126.96625703045267,37.59174231734706],[126.96627977445134,37.591773498206294],[126.96630806393955,37.59181035691823],[126.96633838981195,37.59185091026691],[126.96635423034536,37.59187497127534],[126.96635784972736,37.59188326141165],[126.9663598273528,37.59189146096039],[126.96636180497862,37.5918996605091],[126.96636519589458,37.591912230253826],[126.96636858681168,37.59192479999845],[126.96637695298928,37.591951741928156],[126.96638339582671,37.591975439740224],[126.96639051891334,37.5919972682113],[126.9664025020141,37.5920377935574],[126.96640606119759,37.592053742042815],[126.96640962038258,37.5920696905281],[126.9664128382773,37.592089062652974],[126.96642441202394,37.59215745082135],[126.96643378232743,37.59221628789689],[126.96644143840773,37.59231364785667],[126.96644328891095,37.592467305006394],[126.96644237268129,37.59248946895254],[126.9664489278207,37.59251528410579],[126.9664554829646,37.59254109925852],[126.96648278831263,37.592605722368965],[126.96649414061945,37.59263471581419],[126.96649766079192,37.59265186169201],[126.96649740124352,37.59265965422961],[126.96649278931662,37.592667158061715],[126.96647364926443,37.592676522619],[126.9664577914472,37.59268886139684],[126.96644476265338,37.59270480495099],[126.96644385272144,37.5927135442298],[126.9664648746154,37.59279599055136],[126.96647493357197,37.592835276459596],[126.96648488471607,37.592863029734005],[126.96651351533313,37.5928979063255],[126.96657576576712,37.59295261452438],[126.96667662562307,37.59301129842438],[126.96681825034004,37.59306539920828],[126.96697731251169,37.593119685122716],[126.96711724008014,37.593171892983115],[126.96732147817151,37.59323303907191],[126.96737548009114,37.59325188527823],[126.96742415987384,37.59327154080856],[126.96746978211102,37.593292006322734],[126.96775153535211,37.59345912976035],[126.96781108394327,37.59348212188129],[126.96790278183195,37.59352305272059],[126.96791829175585,37.59352882343641],[126.9681506011713,37.593615473930996],[126.96816996260857,37.593617551666675],[126.96819091115799,37.59361539522107],[126.96841095065923,37.59354040515048],[126.96850528141958,37.5935175465694],[126.96858568634043,37.593491260287784],[126.96864548133102,37.59346956323329],[126.96869010220931,37.59345074507906],[126.96876258698191,37.5934105813146],[126.96880256761989,37.59338662621902],[126.96884276921628,37.5933751948535],[126.9689365287345,37.59336323767971],[126.96895985376047,37.59336396490342],[126.9689949535106,37.59336739832059],[126.96909096594082,37.5933822909787],[126.96913138567304,37.593389960443204],[126.96924550941375,37.593417651921435],[126.96943877098265,37.59346861021997],[126.96955063367177,37.59348855232302],[126.96960305612043,37.593495684285394],[126.969643591118,37.593498848683815],[126.96972319285138,37.593496437495354],[126.96984627742155,37.5934880914322],[126.96989802421585,37.59348648353418],[126.96994037177654,37.59348757605228],[126.969973659912,37.59349109879211],[126.96999924787822,37.593495880844706],[126.97013182992531,37.59352042294798],[126.97017473851993,37.59353376891816],[126.97022274063501,37.59355153104652],[126.9703133084947,37.59359038744949],[126.97035859322999,37.59360796860715],[126.97040602992308,37.593624198838185],[126.97043727685009,37.59363528917746],[126.97046422081283,37.59364691896706],[126.97049501210672,37.59366458635663],[126.97052467014073,37.59368459599981],[126.97055070437226,37.59370568586593],[126.9705803608337,37.59372956972706],[126.9706264293906,37.593768774610304],[126.97067623445301,37.59380834084542],[126.97070928739082,37.593833486939225],[126.97072920968921,37.59384871877209],[126.97075241609018,37.59386296037492],[126.97077573584176,37.5938769317074],[126.97080981302805,37.593889644456446],[126.9708446828773,37.59390226730322],[126.97087604569151,37.593907320961286],[126.97091579119295,37.593903547138765],[126.97095089478772,37.593898420624406],[126.97100332884169,37.59387816204532],[126.9710682216426,37.59384952750369],[126.97108317078973,37.59384286407557],[126.97110604720756,37.59383340963697],[126.9711310745596,37.59382503692887],[126.97115723347888,37.5938184664751],[126.97119414910718,37.59381234927167],[126.97124352073914,37.59380461348049],[126.9712969687305,37.59379669851555],[126.97133184385929,37.59379634704606],[126.97137736228802,37.59379689926892],[126.97142854191424,37.59379826380339],[126.9714744002898,37.59379818538649],[126.97151448311567,37.593800087649214],[126.971547547497,37.593797393096544],[126.97158740566762,37.59379479035598],[126.97161276860615,37.59379650865493],[126.9716272606282,37.59380020636143],[126.97165103384192,37.593813186553255],[126.97167503244555,37.59382886975015],[126.97169597275614,37.59384725512231],[126.97172211906091,37.59387221899032],[126.97174736158406,37.59389204701406],[126.97177747163977,37.5939153900976],[126.97180588429285,37.5939361198917],[126.97183452249266,37.59395919229473],[126.97185501138654,37.5939739735877],[126.97187889853332,37.59398542208864],[126.9719049378932,37.593994798860905],[126.97193018503651,37.594003184346136],[126.97194897952765,37.59400778407571],[126.97197060585961,37.594009681558404],[126.971996876577,37.59400671488384],[126.97203277393481,37.59399861499828],[126.97211623486793,37.593973588455086],[126.97218972971132,37.59395297419983],[126.97227896481135,37.59392921035396],[126.97235596901284,37.593910398832854],[126.97245154555374,37.59388501465123],[126.97251552713662,37.59386881267268],[126.97258335894911,37.59385153042217],[126.97267598971,37.59383037996251],[126.97270611215389,37.59382227846062],[126.97275878181368,37.59377688169685],[126.97282944666789,37.59375329310473],[126.97286840645718,37.59373104825525],[126.97291382397326,37.59369934462269],[126.97291790105778,37.59369727334673],[126.97296139027827,37.593674308776315],[126.97301563826977,37.59364630127608],[126.97305743336948,37.59361180366156],[126.97311780296609,37.59356469672201],[126.97314917564277,37.59354380142987],[126.9731952705989,37.593516602772496],[126.97322664285855,37.59349669854223],[126.97326730193548,37.593471570817435],[126.9733136251341,37.59343941675416],[126.97336968684283,37.59340519273132],[126.97339528225294,37.59339069298426],[126.97342064922881,37.59338141888652],[126.97344273233044,37.593372684592914],[126.97346107559589,37.59337259885617],[126.97349187285805,37.593375939814955],[126.9735176866262,37.593382973619505],[126.97354225288095,37.59339532293049],[126.97358006572598,37.5934111892115],[126.97363361243436,37.59344075416066],[126.97366189822168,37.59349896442883],[126.97369642066444,37.593533119877904],[126.97374169480962,37.59358124310459],[126.97378968620397,37.59363026793623],[126.97381074107814,37.593646310401624],[126.97382953259117,37.593659018690296],[126.97389790445422,37.5937110215047],[126.97396299236487,37.59376401459522],[126.97400736475866,37.593801866286604],[126.97402796630878,37.59381926008358],[126.97404845616136,37.59383250932315],[126.9740855865122,37.593857745518925],[126.97410482906452,37.593875859773924],[126.9741195427318,37.59389307199021],[126.97413504720465,37.59391523980169],[126.97415915075354,37.59395506889644],[126.97418811863824,37.594007512892276],[126.97421425348763,37.594066263115046],[126.97422851051041,37.594093836530575],[126.97424083587576,37.59413987967506],[126.97426301012389,37.59419205178539],[126.97427081738444,37.59420764061531],[126.9742768156764,37.59421575085801],[126.97429447569141,37.5942268370387],[126.97434858699867,37.59426306907311],[126.9744186589303,37.59431317990514],[126.97448397530539,37.59436310940921],[126.97450367084687,37.5943816741935],[126.97452427003618,37.59440636587377],[126.97453536267874,37.59441754061434],[126.97457113080868,37.59445358815399],[126.97458539206339,37.59446998932152],[126.97459908687465,37.59448720124385],[126.97460485743126,37.594499005452754],[126.97461221216092,37.59451378327036],[126.97461718796005,37.594531533793116],[126.97462838268201,37.59457379250248],[126.97464059993688,37.59460650101099],[126.97465180456255,37.59462127970248],[126.9746640299619,37.594631373507376],[126.97467840712373,37.59464047671772],[126.97469255931325,37.59464543534794],[126.97471520372527,37.59465084639731],[126.97473909352861,37.594656708217],[126.9747713625519,37.59466239173409],[126.97480498942761,37.59467068840375],[126.97483895465525,37.59468276927381],[126.97487507020648,37.59469791396569],[126.97490212837903,37.59470981306137],[126.97492499621147,37.5947238735688],[126.97495499580442,37.59474316138511],[126.97499767588644,37.59476668666917],[126.97499914754994,37.59476767808237],[126.97503718444648,37.594793184473865],[126.97507658088641,37.594816618894015],[126.97509865689278,37.59482860692662],[126.97512401759032,37.5948378927372],[126.97515571859032,37.59484916212374],[126.97517711535353,37.594860789596254],[126.97519386998817,37.594871334848634],[126.97520462373802,37.59488070748159],[126.97521514982122,37.59489350380257],[126.97521775035511,37.594904316191695],[126.97522193480847,37.59491891306699],[126.97522238434487,37.594928553697365],[126.97522158461776,37.594948735563754],[126.97521919700706,37.59497639524448],[126.97521749012017,37.59500027094343],[126.97521680761879,37.59500910043572],[126.97521680444775,37.5950181102762],[126.97521940023007,37.595042437425754],[126.97522130885204,37.59508883853274],[126.9752225436295,37.59511947226742],[126.97521765938085,37.595162808514374],[126.975212773509,37.595210739779304],[126.97520596032774,37.5952653378962],[126.97519903012753,37.595330657696536],[126.97518643747689,37.595398228692794],[126.97516398546186,37.59548868248071],[126.97514538570498,37.59557237974353],[126.97513109691575,37.59563301277508],[126.97512191410624,37.59566391447376],[126.97509753706026,37.595754097519176],[126.97508959536104,37.595797523170084],[126.97508777533965,37.59582094834645],[126.97508878421253,37.59584987015852],[126.975096589015,37.59587338758802],[126.97510949019639,37.59589447350057],[126.97512737325329,37.5959167318048],[126.97514571211744,37.59593088135231],[126.97516699652688,37.5959408870283],[126.97519213260293,37.5959460282461],[126.97521443796599,37.59595080843419],[126.9752459155499,37.59595477977445],[126.97528328170314,37.59595758113616],[126.97531645688369,37.59596416568845],[126.97536208709022,37.59597273515691],[126.9753909598105,37.59597814745556],[126.97542198268677,37.59598725425683],[126.97545323147253,37.595997982870955],[126.97548142185539,37.59601186424609],[126.97550191303723,37.59602376175289],[126.97551764783914,37.59603727997958],[126.97553372131452,37.59605377152577],[126.97554866239524,37.59607044301735],[126.9755594146406,37.59608477102753],[126.97557514571217,37.59610910105301],[126.97559755513163,37.596140550316306],[126.97562268025175,37.5961775862715],[126.97564916205424,37.5962208393076],[126.97567836026214,37.59626769686788],[126.97569352293553,37.59629869403343],[126.9757066477774,37.59632860957057],[126.97572022765124,37.5963524886133],[126.97575485726185,37.59641078983625],[126.97577330506849,37.59643809367387],[126.97578835973111,37.59645413447008],[126.97580398051079,37.596470355584465],[126.97581937557183,37.59648441428623],[126.97584880748427,37.5965108195189],[126.97588095562654,37.596541369860006],[126.97590563151094,37.59656840473379],[126.97592147646378,37.596591473358444],[126.97594015029023,37.59662039898912],[126.9759471649866,37.596637519202645],[126.97595168901377,37.59665319730203],[126.97595598509376,37.5966732000744],[126.97595812983703,37.59669284198709],[126.97595981856018,37.59672149363955],[126.9759621852769,37.59675428996437],[126.97596590912114,37.59679204199393],[126.97597223629762,37.596832948030055],[126.97598048930958,37.59687142182593],[126.97598987769842,37.59690106622501],[126.97600141876377,37.596927197251674],[126.97601601602052,37.59695675267601],[126.97603536846484,37.596988381387916],[126.976077583792,37.59705136926331],[126.97610531402479,37.597087955179674],[126.97613259106723,37.59712535187724],[126.9761593042829,37.597155900970314],[126.97618567735542,37.59718780145989],[126.97622789844131,37.59723448147426],[126.97628597152006,37.59728431830627],[126.97632276411747,37.59731108538409],[126.97634676549269,37.597324785458454],[126.9763679368602,37.597335872072016],[126.97639884521469,37.597350834984624],[126.97643314926651,37.597369943136115],[126.97644741378362,37.597379496594804],[126.97645443141742,37.59738841782443],[126.97646133472935,37.59740058257088],[126.97647016084991,37.597419324906355],[126.976482609319,37.59744167194454],[126.9764953981674,37.59746203688923],[126.97650377259617,37.59747708509291],[126.97652097889919,37.59749375693752],[126.9765367125683,37.59751214033699],[126.97655007003262,37.59752529752599],[126.97656467288854,37.597539085665396],[126.97657984036705,37.59755755903763],[126.9765967060354,37.59757711394694],[126.97661209612794,37.597607210051976],[126.97664785964861,37.59766470035459],[126.9767060347904,37.597750035755865],[126.97673523473621,37.597795451469146],[126.97674112001829,37.59780455264006],[126.97674122826557,37.59781959909044],[126.97674043220367,37.597829870137396],[126.97673646533752,37.597840681108806],[126.97672683562318,37.59785455423527],[126.9767115406035,37.59787887758106],[126.97668469273627,37.59791130734763],[126.97666724667259,37.59793418866097],[126.97665297383637,37.59794923208225],[126.97663485043364,37.59796580636225],[126.97661865210874,37.59798220084882],[126.97657175865271,37.598022374818],[126.97649892607484,37.59808587874916],[126.976474910899,37.59811254277198],[126.976473549639,37.598119750352296],[126.97647388744754,37.598125426620925],[126.97648418655353,37.59814173660976],[126.97650501773776,37.598154985485806],[126.97654747287856,37.5981812130994],[126.97656196506249,37.59818770324677],[126.97657226855785,37.59819094896601],[126.97658619606327,37.59819293407286],[126.97659797284514,37.598192576166554],[126.976610430221,37.598188704566525],[126.97661949138268,37.59818212929787],[126.97663523710243,37.598164833732675],[126.97669051721908,37.598103398289695],[126.97672450105365,37.598065023530005],[126.9767642642323,37.59801367580783],[126.97679881906046,37.597960525013725],[126.97683880759404,37.5979122406572],[126.97685954079367,37.597879268988],[126.97689714985125,37.59783530883556],[126.97691799274013,37.597812968786116],[126.97693441598325,37.5978009891249],[126.97694426954729,37.59779495458614],[126.97695604730136,37.59779144320133],[126.97697903543995,37.597788024245],[126.97700644012562,37.59778361511944],[126.97706441981434,37.5977756984898],[126.97715569131195,37.59776688772454],[126.97721718136124,37.59775879154762],[126.9772506995917,37.59775807765706],[126.97729101171771,37.59775826613544],[126.97732996462709,37.597759625600325],[126.97736382172164,37.59776152459983],[126.97740537849161,37.597764686540096],[126.9774570125002,37.59777037327488],[126.97751011864905,37.59777588008977],[126.97756163975463,37.597780575673724],[126.97760987666179,37.59778635175041],[126.97765347142565,37.597790414999814],[126.97769264968237,37.597795378325365],[126.97770589781082,37.59779709286798],[126.97774530343622,37.597799263172455],[126.97778810633177,37.59780089355666],[126.97781652930311,37.597799007202084],[126.97783747920437,37.59779540747249],[126.9778642051646,37.597788655453996],[126.97789670732134,37.59777830065077],[126.97791743287425,37.59776794348432],[126.97794019727493,37.59775569465575],[126.97795922571748,37.59774074212601],[126.97797225324653,37.59772380623197],[126.97801518231985,37.59768417150507],[126.9780785005803,37.59762318749898],[126.97810840353645,37.59759580352853],[126.97812765956161,37.597577066884675],[126.97815031071808,37.5975645476976],[126.97817511338215,37.59755193883332],[126.97820138757353,37.59754104212364],[126.97822720808257,37.59753248787625],[126.97825098940972,37.59752690646759],[126.9782906251618,37.597516913354994],[126.97831067013573,37.59750988962489],[126.97834068382204,37.59749016397866],[126.97841203650324,37.597445038683105],[126.97845235608409,37.59742053981146],[126.97848089912999,37.597395948529545],[126.97850887681001,37.59736865417911],[126.97852269705015,37.59735090749236],[126.97853017505167,37.597336493208786],[126.97853561785391,37.59731216770695],[126.97853449727397,37.5972738756783],[126.97853224575182,37.597230988411816],[126.97853543525021,37.5971695419385],[126.97853850549518,37.597127646789716],[126.97853760631662,37.597105842806634],[126.97853342142591,37.59709016487353],[126.97852402776225,37.597074305728796],[126.97850953861989,37.597058085196565],[126.97848961365759,37.597043575471275],[126.97847353848331,37.59702978728137],[126.97846176575784,37.59701762170068],[126.97845452356188,37.59700185306888],[126.97844762193725,37.59698329145331],[126.97844423478274,37.59695121576701],[126.9784449281602,37.59690598651424],[126.97844572673206,37.596886795714624],[126.97844901430666,37.59687463307543],[126.97845354877352,37.596858236055716],[126.97846816355118,37.59683409254377],[126.97848730694334,37.59681247266842],[126.97851120630577,37.59679049332355],[126.97858640864611,37.596743927093264],[126.97865379570196,37.59670384638481],[126.97869977783863,37.59667511389806],[126.9787321696222,37.596653406444624],[126.97875493464767,37.59663755352111],[126.9787712453649,37.596621429054316],[126.97879321981169,37.596598728493504],[126.97881689358653,37.59657332530367],[126.97884305752312,37.59655116612942],[126.97887533586754,37.59652981900799],[126.97893751264247,37.59649352126872],[126.97898292793333,37.59646623013643],[126.97901837603423,37.59644731623724],[126.97905110435006,37.59643551958253],[126.9790890408184,37.59642579617152],[126.97913456247305,37.59642111969698],[126.97917804431283,37.596421758623876],[126.9792179032963,37.59642023448892],[126.97924032457644,37.596417355574545],[126.97926954102108,37.596410783902975],[126.97929581475887,37.59639952655379],[126.97933443456894,37.59637637853217],[126.97937237361391,37.59635773528971],[126.97940748138195,37.59634044298049],[126.97943579385095,37.59632729391567],[126.97946342613311,37.596316757570314],[126.97949139667615,37.59631108659482],[126.97952310275254,37.59630947073658],[126.97957417093656,37.596311102013345],[126.97962240842408,37.5963121921526],[126.97965241514028,37.596313459092926],[126.97967517607457,37.59631058015882],[126.97969691908256,37.59630364660444],[126.9797219469313,37.59629310971698],[126.97975965884424,37.59627626827566],[126.97979669193732,37.596257354434265],[126.97982896935947,37.596237809018604],[126.9798914882338,37.59619078912881],[126.97996125639857,37.59613548147737],[126.97999908294284,37.59611332417467],[126.980013239654,37.596104767407255],[126.98008322863704,37.596068560583255],[126.98011142798586,37.59605424005604],[126.98013396671314,37.59603613436393],[126.98015559845125,37.596021902734364],[126.980167715734,37.59601749010545],[126.98019024970495,37.59601596250675],[126.98026656818281,37.596019940602424],[126.98029951892376,37.59602102771155],[126.98033371559558,37.596020853657535],[126.9803672331957,37.596019508192754],[126.9803967878904,37.596017170927006],[126.98042464440631,37.59601366207116],[126.98045329487721,37.596005468233784],[126.98047911561271,37.59599330955557],[126.9805128633885,37.59597871962596],[126.98054842377613,37.59596097656477],[126.98058285067376,37.5959472877197],[126.98061365221481,37.595940265504],[126.98065622972901,37.59593441664149],[126.98069608947706,37.59592910787459],[126.98073085410412,37.59592235662258],[126.98075939097237,37.595915243871566],[126.98078158787467,37.59590407557194],[126.98081250468502,37.59588957515742],[126.98085225417942,37.59587336441202],[126.98087014760584,37.595864267605286],[126.98089359337813,37.595841026317366],[126.98095079656703,37.595767516004216],[126.98100335574037,37.595698870169066],[126.9810679226212,37.59561166611962],[126.98114992894189,37.59551824825443],[126.9811639751695,37.59549869932358],[126.98117949268335,37.5954818535967],[126.98120112577669,37.59546131488594],[126.98122490891431,37.59544582205163],[126.98125242907143,37.59542906847645],[126.98130180360886,37.595410696868804],[126.98136906942909,37.59539043622956],[126.9814264819194,37.595377742141245],[126.98151220137258,37.595369647845196],[126.98158920029232,37.59536749850967],[126.98168680868642,37.59536120806182],[126.98173085755134,37.59535635014073],[126.98177354849737,37.59534815833493],[126.98184205715592,37.59533753816349],[126.98191622819091,37.595324035743715],[126.98197964201547,37.59531080179227],[126.9820368284627,37.59529585490924],[126.98208438891058,37.59528550143275],[126.98212153050899,37.595280642228296],[126.98215527514445,37.59527569235652],[126.98219060433429,37.59527344568684],[126.98221540246115,37.595272819056156],[126.98223578446539,37.59527237189567],[126.98226601722772,37.59527381840551],[126.98229874187564,37.59527229206588],[126.98231753922322,37.59526950207458],[126.98233746977522,37.595263288524905],[126.98235219168959,37.595256803830985],[126.98237099067036,37.59524761684435],[126.98239624570643,37.59523140322488],[126.98241300766273,37.59521762088257],[126.98242693953429,37.595200954930995],[126.98245117742626,37.59517699267179],[126.98247858663991,37.59514978737633],[126.9825011271349,37.59512141001068],[126.98251653154063,37.5951025819236],[126.98252865178617,37.59508537507753],[126.98253918713863,37.59506672640072],[126.98254904361764,37.59504600535033],[126.98255969230608,37.59502690619771],[126.98257249295118,37.59500564502761],[126.98257600450013,37.59500032978483],[126.98259016383197,37.59497942922441],[126.98260613423317,37.59496105170803],[126.98263411015525,37.5949311435138],[126.98267148525488,37.59489754277897],[126.9826980997097,37.59487808576804],[126.98272777141693,37.59485862923779],[126.98274894819272,37.59484917227362],[126.98276638712973,37.59484439982947],[126.98278405207685,37.59484142938693],[126.98280975645325,37.594838640413165],[126.982838970751,37.59483693317031],[126.98288754779516,37.59483495868295],[126.98291698817253,37.59483478312954],[126.98293363332841,37.5948346055548],[126.98295367575898,37.59483316713427],[126.98297156736135,37.59482938581357],[126.98299964995662,37.59482515559746],[126.98303701828794,37.594818043679695],[126.98307200833962,37.594812553149914],[126.9831034878165,37.594808593735145],[126.98312930522437,37.594806525496764],[126.98315874554574,37.594806530079886],[126.98318863861836,37.594807255513324],[126.98321819278982,37.594804737343615],[126.98324695486401,37.59480005668192],[126.98327481215651,37.59479096105094],[126.98331388131652,37.59477402858089],[126.98337163591528,37.594748089130434],[126.98344218853113,37.59471034871953],[126.98350934431706,37.59467179686219],[126.98354750947914,37.59464666522039],[126.98356789546003,37.59462891893394],[126.98358907474496,37.59460828961499],[126.98361376571114,37.594581353935524],[126.98363437870393,37.594561175014455],[126.98365340551696,37.59454487008178],[126.98367718740293,37.59453126881746],[126.98370685749362,37.59451694764965],[126.98373901885981,37.59450181596387],[126.98378001272077,37.594484793530135],[126.98382780143373,37.59446362757335],[126.98386324644365,37.5944485864441],[126.98388487580038,37.59443948973682],[126.9839189605674,37.59443057508028],[126.9839522522192,37.5944237325596],[126.98398610947245,37.59441923267249],[126.9840212119507,37.594416084436595],[126.98405450242868,37.59441419730013],[126.98408371653223,37.59441248974905],[126.98412051722256,37.59441042291553],[126.98415335453961,37.59440952676703],[126.98419298532228,37.594410433575206],[126.98424903466,37.594411342773505],[126.98430655594515,37.59441252245512],[126.98437698478631,37.59441730792085],[126.98443903473762,37.59442110104975],[126.98447730547905,37.5944275936679],[126.9845098014851,37.59443381514632],[126.98453233292412,37.59444093616639],[126.98455565686493,37.594448597886625],[126.98457977257317,37.59446004384957],[126.9846086424215,37.59447851816572],[126.98463955035004,37.59449744325831],[126.98466208047928,37.59451051074917],[126.9846858574626,37.594517812114596],[126.9847112206856,37.59452069887847],[126.9847362448228,37.59452088263603],[126.98476772342241,37.594519896025],[126.98479682452107,37.594517287297194],[126.98482649229881,37.59451233608341],[126.98485581995605,37.59450927688097],[126.98486895489684,37.59450891834087],[126.98488763778269,37.594510362549556],[126.98491039588406,37.59451685284039],[126.98494232502777,37.59452658795832],[126.98497674521505,37.594536593712014],[126.98499905068459,37.5945418225444],[126.98501360533086,37.59454247779409],[126.98508952527615,37.59454058821033],[126.98520577631714,37.5945167273518],[126.98535753660744,37.59447755541528],[126.98543372827083,37.59444918932497],[126.98554282061384,37.59439863369852],[126.9856452662115,37.5943370373172],[126.98570040045563,37.59429584721441],[126.98572330585061,37.594269779401664],[126.98581197504211,37.59414536350581],[126.9858280135025,37.59411639629165],[126.98582653350604,37.594100541474575],[126.98581815982787,37.594069394235405],[126.98582013635296,37.594039367395034],[126.98591025841198,37.59395567610418],[126.98595482829722,37.593884952919616],[126.98599038467873,37.59384823077914],[126.9860115656921,37.59381498273749],[126.98601267854882,37.593739540762925],[126.98601873998932,37.59368389766732],[126.9860241267916,37.593599872574195],[126.98607178153506,37.59343219301559],[126.98609267562239,37.593372971341516],[126.98614179637362,37.59330442995719],[126.98617159938297,37.59325572571814],[126.98626090784319,37.593157375926836],[126.98638486134332,37.59302866373384],[126.98651906435681,37.5928808329194],[126.9865842508997,37.59277040031025],[126.98661684193446,37.59271752114487],[126.98665274536205,37.592696294873654],[126.98669145517555,37.59268347332738],[126.98674458888412,37.59267792361865],[126.98682237517191,37.592681765216476],[126.98694696302148,37.59269365653978],[126.98699897683638,37.592700015791344],[126.98703643164198,37.59270081776411],[126.98710512722289,37.592690860383335],[126.98713694243673,37.59267813515514],[126.98716622142892,37.59265892252158],[126.98731455928258,37.59253246296296],[126.98754821999377,37.59230845203493],[126.987612608722,37.59225172013571],[126.98766358909457,37.59221218822513],[126.98801577429904,37.59203347459939],[126.98814232592731,37.59199382496376],[126.98828240619667,37.59195230626598],[126.98833693210234,37.59194599376285],[126.98837240055524,37.591933783971115],[126.9883994008494,37.59192073080719],[126.98851048774922,37.59182737947137],[126.98867351802986,37.59169754561742],[126.98879225391248,37.59159071881733],[126.98891670542127,37.5914554430137],[126.98902214263815,37.59131823425391],[126.98909824123805,37.59125661493161],[126.98912052951219,37.59124530541167],[126.98914118948916,37.59124138829641],[126.98919858107688,37.591238863434675],[126.98927320655814,37.59124522494455],[126.98939221966417,37.59129031079411],[126.98950697508198,37.59134558983114],[126.98960192464762,37.59138905665066],[126.98971967356064,37.591440528220886],[126.98978208181892,37.591463118525176],[126.98986852078609,37.59147517775876],[126.98988901458583,37.59147698174917],[126.98990973507838,37.5914772540843],[126.989963858111,37.59147374555479],[126.99002171764185,37.59147014726597],[126.99010086365466,37.59146772228997],[126.99021669393976,37.59147358983833],[126.99026266367834,37.59147629718518],[126.99034905315872,37.59149432508568],[126.99045808736452,37.59151722036432],[126.99054798755995,37.591531284115455],[126.9906750253527,37.591551658108486],[126.99076447486115,37.59155085540612],[126.9908129364373,37.59154815685759],[126.99088393136333,37.59153726136098],[126.99097508223245,37.59151537561079],[126.99107076326139,37.59148538132899],[126.99113349392425,37.591464393921854],[126.99121286856042,37.59144593069282],[126.99131171921611,37.591419900824725],[126.99138260183278,37.5914008060575],[126.99142517552988,37.59139783645634],[126.99146797421125,37.59140576877385],[126.99148529707374,37.59141207714057],[126.9915482481108,37.59143532788016],[126.99160372470307,37.59146993036554],[126.99167437052583,37.59152913097263],[126.99168059654264,37.59154030370178],[126.99170312168724,37.59159391416528],[126.9917190823669,37.59162707172728],[126.99172745891285,37.591644371328],[126.99177126730612,37.59172519327768],[126.99182526436104,37.59182070209678],[126.99185322762338,37.591851067572144],[126.99191481760039,37.59189621192948],[126.99196214355769,37.59192108294634],[126.9919844483105,37.59192964410407],[126.99208238746454,37.59195154590092],[126.99210740994324,37.59195821518492],[126.99217534512951,37.59196966308683],[126.99223954416831,37.591978317603676],[126.99230430997166,37.59198201671448],[126.99233884421926,37.5919837312762],[126.99247687062484,37.591968875684415],[126.99257051170015,37.59195419677152],[126.99269585813394,37.59192555489696],[126.99282041196241,37.59189619204301],[126.99291790364339,37.59187259339021],[126.99300033558042,37.59185268760787],[126.99332145696361,37.5917789197049],[126.99351847779214,37.59173118103742],[126.99363748378578,37.591692807097566],[126.99366420714082,37.59167650105663],[126.9937663463893,37.59159695086348],[126.99382364453044,37.591546409372704],[126.99384731010737,37.59153550899858],[126.99399813210754,37.5915001100069],[126.99404851907771,37.59149056276902],[126.9940701465906,37.59147894143338],[126.99419164551492,37.591413807844866],[126.99428664642527,37.59137696342979],[126.99436511425509,37.591359759403794],[126.99442308626827,37.59136084408481],[126.9945237428611,37.59138247372614],[126.99456121979048,37.59139481943172],[126.99458567571848,37.59140635347501],[126.99468112094095,37.59146122901099],[126.99473614568632,37.59150033492144],[126.99489069126683,37.59160494802267],[126.9949669992484,37.591686221100055],[126.99502100354738,37.59174505838342],[126.99503764615842,37.59176596214232],[126.99515640829021,37.591923550816674],[126.99530019316013,37.59209465545735],[126.99545892446226,37.59226999531376],[126.99551338498834,37.592297658323595],[126.99553806872368,37.59229783977387],[126.99569455180941,37.59227604377306],[126.99574539192912,37.59226739681907],[126.99593142910349,37.592223257528595],[126.99598091058319,37.59221244804575],[126.99619763276111,37.59216146228826],[126.99635887294696,37.59211065391672],[126.9964876153076,37.59207786363566],[126.99660933487897,37.59208390535842],[126.99663050826385,37.59208742007721],[126.9967309378711,37.59214256445125],[126.99679887074689,37.592204464828576],[126.99688333568963,37.592256004494025],[126.996999845508,37.59228817416175],[126.99703822973673,37.592290337988175],[126.99718712518417,37.59228403665495],[126.99734598540576,37.59226485140727],[126.99739105036296,37.59226215003831],[126.99757934828853,37.59227161681183],[126.99776017234511,37.59229811165551],[126.99785992496089,37.592327486887086],[126.99789457211233,37.59234181361068],[126.9979174438596,37.59234938258115],[126.99797710646172,37.592365842671626],[126.99827067814986,37.59246751641121],[126.99832699356743,37.59249152558179],[126.9983413325653,37.59249763824782],[126.99866269816721,37.59251588599393],[126.99921761282839,37.592378646639084],[126.9992561130146,37.59236912487783],[126.99939016176069,37.59232924078559],[126.99956360685209,37.59233762834931],[126.99972550390304,37.59234296204655],[126.99979247207413,37.59232402164689],[126.9998281390811,37.59231924694515],[126.99990207718638,37.59231636483083],[127.00016906882364,37.59234682146554],[127.00034661019927,37.59238349343469],[127.00041511302058,37.59240547811858],[127.00050320449465,37.592420255056524],[127.00068085966868,37.59243629397738],[127.0007553639796,37.59243530340021],[127.00082760379858,37.592425843508],[127.00088761497655,37.592411247894816],[127.00095928885949,37.59236899208115],[127.00120805245373,37.59213419641934],[127.0013057683079,37.592091489966826],[127.00143643340337,37.59200067088272],[127.00155124631299,37.5919073289009],[127.00161771084053,37.591842728266094],[127.0016639652847,37.591775218340175],[127.001705536519,37.591689834669154],[127.0017568665889,37.59156720695936],[127.00181688074953,37.591382904998156],[127.00181721577435,37.59135115069215],[127.00183125569087,37.59130231728419],[127.00185127031286,37.59119822015693],[127.00181606984296,37.59104671065516],[127.00174565942756,37.590838316636116],[127.00172901047378,37.59076605137911],[127.00171179995397,37.590694423116055],[127.00169549531967,37.59064279671137],[127.00169424980804,37.59063045322112],[127.00169073980373,37.590626939385444],[127.00168394626019,37.590625678016345],[127.00167466175368,37.590625227536506],[127.00165428113228,37.590625497857005],[127.0016291450324,37.590625858276965],[127.00160400893222,37.590626218691575],[127.00159279959033,37.5906264889945],[127.00157834180304,37.590626068242706],[127.00157220157368,37.59062490957913],[127.00156408555642,37.59062366802536],[127.00153219554413,37.590618086432116],[127.00152583905474,37.590612502128685],[127.00152337752867,37.59060711964542],[127.00152091600259,37.590586226708254],[127.00152463772025,37.59046827607969],[127.00152548690289,37.590369663287014],[127.00152554350373,37.590228343809216],[127.00152961960463,37.5902149191341],[127.00153686600576,37.59020464790552],[127.0015755889368,37.59016131052007],[127.00162744592544,37.590126982959326],[127.00166362124187,37.59010301672223],[127.0016997965351,37.590079050473946],[127.00184674397816,37.59001148259625],[127.0019071107078,37.589977418876444],[127.00191114707889,37.58996038304014],[127.00191967054036,37.58994326970379],[127.00197062906254,37.58986155198821],[127.00200323739308,37.58981037591406],[127.00206709522934,37.5897081138422],[127.00210094887566,37.58965468527149],[127.002109098634,37.58963946399088],[127.00211305460014,37.589628533221294],[127.00215556633032,37.589564162127665],[127.00218640023088,37.5895181792874],[127.00219868700282,37.589485550946584],[127.00221502662724,37.58939356839094],[127.0022050966028,37.58936128795783],[127.00220499904634,37.58934123203182],[127.00220941454151,37.58931627472088],[127.00221360367257,37.58930059755684],[127.00223307760186,37.58924383538355],[127.00225798633193,37.58919743450068],[127.00229874626908,37.58914679887884],[127.00231799401278,37.58912427412384],[127.0023181344082,37.58912412095541],[127.00234663918584,37.58909282954799],[127.00245827634976,37.589008046017945],[127.00270294951298,37.588867129750966],[127.00277671371857,37.588832170766494],[127.00285047785519,37.588797211735724],[127.00291558066385,37.588777749705315],[127.00299115660093,37.588760765217884],[127.0030667325037,37.588743780682016],[127.00312368345817,37.58873783341999],[127.00316331140294,37.58873594080604],[127.00321607306923,37.588728642080014],[127.0032655510369,37.58871161273973],[127.00329396961953,37.5886975118988],[127.00332238819142,37.58868341105099],[127.00334548513207,37.588663048432075],[127.00337107235852,37.58861844926948],[127.00337424213623,37.58860006912293],[127.00337752472736,37.5885652910449],[127.00337208661657,37.588426989909294],[127.00337722791815,37.588376400412294],[127.0033889791292,37.588326000917995],[127.00339056052135,37.588313141131444],[127.0033921238568,37.58830265363913],[127.0033924629453,37.58827958841303],[127.00339625529934,37.58825620778714],[127.00340004765104,37.58823282716102],[127.00340757629168,37.588208049947966],[127.00341510492731,37.588183272734284],[127.00342325634522,37.58816110836711],[127.00343140775824,37.58813894399927],[127.0034404651661,37.5881255191726],[127.00344952257072,37.5881120943452],[127.0034637882674,37.588102138224464],[127.0034780539603,37.588092182102],[127.00349730132507,37.58807902739691],[127.0035077175911,37.58807371140914],[127.00353273936895,37.588064701132815],[127.00354355198361,37.588062223238545],[127.00355436459759,37.58805974534327],[127.00357202709925,37.58805618614585],[127.00358968959927,37.58805262694575],[127.0036001059667,37.58805132033407],[127.00361052233376,37.588050013721414],[127.00362637333798,37.5880484367154],[127.00364222434158,37.5880468597073],[127.00367556811693,37.58804559772363],[127.00370891189118,37.588044335730544],[127.00375943697141,37.58803987490573],[127.00378035463586,37.588038027487215],[127.00381392475028,37.588033566962615],[127.00384749486071,37.58802910642844],[127.00386255314089,37.5880223487413],[127.00387059165732,37.58801514069966],[127.00392244238101,37.58786503551465],[127.00393195198926,37.58783413152648],[127.00398954086333,37.587660284326844],[127.00403960689582,37.587514809282105],[127.00407071864582,37.587474629173975],[127.00408303427028,37.58745872111049],[127.00410182923011,37.5874344481564],[127.00412501244153,37.58740516382213],[127.0041482225914,37.58740191976035],[127.00416599788612,37.587391467933415],[127.00418298044754,37.58737588050533],[127.00419894389579,37.587356959452165],[127.00420743468888,37.58733578610385],[127.00421637794696,37.58730317023075],[127.00422203790744,37.58727352768363],[127.00422611263541,37.58724001093547],[127.0042355085398,37.58720144854666],[127.00424309346238,37.58717811285121],[127.00425147099895,37.587156849403165],[127.00426822689934,37.58713720753329],[127.0043012865636,37.58711864646033],[127.00432981763169,37.58710630228498],[127.00440714570854,37.587069540215495],[127.00445209371175,37.587058006494544],[127.00449477737843,37.587048545079966],[127.00455093429828,37.587040434782736],[127.00461648858999,37.58703484697167],[127.00466607865256,37.587025295215156],[127.00474578493603,37.587007813947096],[127.00480918770356,37.5869954686974],[127.00487326996112,37.58698735802563],[127.00493271018667,37.58697942765046],[127.00497822429284,37.58697086696442],[127.00501320910192,37.58696627090867],[127.00505385511757,37.586965999403034],[127.00511193705087,37.58696608774821],[127.00517194376182,37.58696689679358],[127.00521757141414,37.58696563399339],[127.00526863368097,37.58696536208702],[127.00531641267342,37.58696725262914],[127.00534969955969,37.586970495101156],[127.00549405619795,37.586988510036555],[127.00553289085602,37.58699112158017],[127.0055862176945,37.5869936425141],[127.00559787937755,37.586993732210324],[127.00565811248148,37.58699318952263],[127.00569422954138,37.586990034801964],[127.00575740570709,37.58697786924803],[127.00582941250322,37.58695669348426],[127.00586552937587,37.58695074565645],[127.00588692775052,37.58694687062949],[127.00590583504815,37.58693903135552],[127.00592791230753,37.5869278583142],[127.00594874401679,37.586914613049046],[127.00596176366474,37.58690353043942],[127.00598282142471,37.586883978261895],[127.00600048262287,37.586865237096404],[127.00601304897386,37.58684748720619],[127.0060241434055,37.58682883638538],[127.00602957720092,37.58681622238213],[127.00603659583336,37.58679964398215],[127.00604406747304,37.586785227929354],[127.00606286004228,37.58675351252078],[127.00608052079373,37.58672828424784],[127.00610372908486,37.58669954191367],[127.00613271133975,37.58666719540754],[127.00624184865266,37.58656492924415],[127.00632132486541,37.58650428971673],[127.00633592878506,37.58648275556923],[127.00634770253794,37.58646626705424],[127.00635924985862,37.586449958744424],[127.00637713687111,37.58642464031797],[127.00639309917315,37.586399772460936],[127.00640951444176,37.586376436258185],[127.00643068460485,37.586348504829346],[127.0064493642694,37.586325709117915],[127.00646962899036,37.58630291333698],[127.00649374293235,37.586276873842536],[127.00651604579238,37.58625741161387],[127.00654185826734,37.58623551657081],[127.00656155732685,37.58621992868183],[127.00657423704504,37.58620794503235],[127.00659235071936,37.58618785227849],[127.00660321885066,37.586174787521045],[127.00661125657888,37.58616280406732],[127.00661612441489,37.586154334593424],[127.00662167126798,37.58614154035949],[127.0066261989709,37.58612613331137],[127.00663117937478,37.586108203483946],[127.0066337816882,37.58608306587515],[127.00663106252101,37.58605504534304],[127.00661373585793,37.585993508780106],[127.00659278581334,37.58592584566801],[127.00657534663917,37.58587385954982],[127.00656606063748,37.58584295614249],[127.00655745391127,37.5858114220154],[127.00655077228006,37.585785473916],[127.00654533628504,37.58576294950825],[127.0065423914829,37.585746191301894],[127.00653774775488,37.58571970252339],[127.00653457572785,37.585691141415225],[127.00653219653245,37.58566708520111],[127.00653287414954,37.58564185757579],[127.00653513726076,37.58562320707784],[127.00653966516794,37.58561104357982],[127.00654838163288,37.58559131162418],[127.00655868314553,37.585571579600185],[127.00657090922465,37.585549865324545],[127.00658290922082,37.585533466872356],[127.00659139979183,37.585522023990606],[127.00660328691653,37.58551085125765],[127.00661324944363,37.58550130038067],[127.0066246838686,37.58549274052337],[127.00663509952109,37.58548697376449],[127.00665355361087,37.58548075616256],[127.00667846116626,37.58547525906437],[127.00671038808817,37.585467779484055],[127.00674242811452,37.585458768214565],[127.00677446811417,37.58544948664069],[127.006802205663,37.585437862688096],[127.00682326343598,37.58542741031058],[127.00684081146444,37.58541713828469],[127.00685756692512,37.58540632570064],[127.00687613349055,37.58539028731535],[127.006890850872,37.58537740255203],[127.00690160547288,37.585362355602086],[127.00691111459047,37.58534613742666],[127.00691711392405,37.58532946891817],[127.00692243387097,37.58531171925765],[127.00692639502175,37.58529144689928],[127.00692763918991,37.585274508312104],[127.00692763774286,37.5852545064307],[127.00692344540465,37.585209006847094],[127.00691449522911,37.58512593637812],[127.00691279568834,37.585108187038],[127.00690871755245,37.58507611213417],[127.00690509320418,37.58505674110743],[127.00690101613165,37.58503935226966],[127.00689569371076,37.58502250407984],[127.00688799359594,37.58500376392794],[127.00688660760272,37.585000767312586],[127.0068799539305,37.584986375269466],[127.00686953657407,37.5849670946482],[127.0068601380866,37.58494655259987],[127.00685458919601,37.58492898362962],[127.00685073870474,37.58491339675091],[127.00685141687586,37.58489753937186],[127.00685379276133,37.5848741136361],[127.00685843239191,37.58484239872922],[127.00686760005527,37.5848017638583],[127.00687914477037,37.58475428138696],[127.00689238777335,37.584707519625404],[127.00690868768052,37.58466174880679],[127.0069232900486,37.58462606910367],[127.00693494956906,37.58460138155977],[127.00695057136531,37.58457263939649],[127.00696415539754,37.584545879493675],[127.00697366422023,37.584527228649435],[127.0069863422741,37.584497315335504],[127.00700003913289,37.58446560000125],[127.00701384930895,37.58443541633576],[127.00702958449551,37.58440991770474],[127.00705505549944,37.5843740572788],[127.00706931943074,37.58435639728759],[127.00708596087446,37.584338466886756],[127.0070950172664,37.5843263932497],[127.00710588453431,37.5843065710484],[127.00712535252258,37.584237464514366],[127.00713870822504,37.58418709877243],[127.0071595327909,37.58409213387347],[127.00717888585518,37.58400185416625],[127.00718873125712,37.58394437079663],[127.00719676594903,37.58389679835723],[127.00719835022666,37.58388706763372],[127.00719823658686,37.583881481526824],[127.00719812148932,37.58385670442107],[127.00719653509815,37.58383859468141],[127.00719279608408,37.58380030296157],[127.007193134342,37.58378201293199],[127.00719528388016,37.583761560449176],[127.00719720676769,37.58373822482231],[127.00719946897786,37.58371065454535],[127.00720942640241,37.58363821479981],[127.00721440652134,37.58362055523598],[127.00722063209956,37.58360415699199],[127.0072291217621,37.58358496558183],[127.00724553511661,37.58354811446301],[127.00725821349744,37.58352603969237],[127.0072764395392,37.583505766621734],[127.00730043933403,37.58348297050498],[127.00732092967141,37.583462967612164],[127.0073288539253,37.58345287618007],[127.0073426646518,37.58343386469646],[127.00734990955482,37.58342305250763],[127.00736111601461,37.583399986713644],[127.00736666231045,37.58338430928373],[127.00737515124715,37.58335664859453],[127.00737832011397,37.58334205246496],[127.00738284627606,37.58331114842218],[127.00738261835588,37.58329213762992],[127.00738035210085,37.58326709033286],[127.00737684030437,37.583239700534],[127.00737208265778,37.583206003894894],[127.00736653071785,37.58314933215242],[127.00736041434811,37.58311356331186],[127.00734773115057,37.58307256907642],[127.00733742622188,37.583041305370934],[127.00732519643749,37.58300715860382],[127.0073170435662,37.58298841849573],[127.00730209680869,37.58295616392994],[127.0072847728408,37.582927423323675],[127.0072569185069,37.58287940212625],[127.00723280127183,37.582844535137],[127.00719928705725,37.58280633494681],[127.00719090853633,37.582797145292126],[127.00717369860456,37.58277822541106],[127.00714539258003,37.58274398929416],[127.00712365327931,37.582713807295846],[127.00710236709968,37.58268695892038],[127.00708402444235,37.58265947971194],[127.00706817246359,37.582631549890465],[127.00705775513984,37.58260893562964],[127.00704563957325,37.58258569075706],[127.00703114597347,37.58255487771124],[127.00701676589048,37.58252802899692],[127.00700000788135,37.582494963587216],[127.00698653319824,37.582463609896486],[127.00697838016846,37.58244072522729],[127.0069696609461,37.58241603861141],[127.00695992272537,37.5823901807598],[127.00695505329332,37.5823727919525],[127.00695301428398,37.58235666439525],[127.00695267385878,37.582345852577724],[127.00695516334902,37.58232936441746],[127.00696161487646,37.58230710976346],[127.00697372618468,37.58227296183097],[127.00698210196714,37.58224584176169],[127.00699194940628,37.582217280045654],[127.00700508040865,37.58219412409285],[127.00701764534516,37.5821710582635],[127.00703711602429,37.58214483865869],[127.0070576054781,37.58211690712906],[127.00707764243398,37.58209393104083],[127.00709960403422,37.58207149544986],[127.00711296178723,37.58205347509478],[127.00713979064241,37.58201950664273],[127.00716129899133,37.581992295834944],[127.00716526108542,37.58198770061611],[127.00717737400807,37.58197679810369],[127.00718948711169,37.58196832825262],[127.00720431732069,37.581959948368066],[127.00722390229494,37.581949495983835],[127.007241336412,37.581941476363205],[127.0072665820225,37.581931293993165],[127.00728605404603,37.58192444554872],[127.00730495996869,37.58191714663571],[127.0073357531347,37.581909036247005],[127.00736416882523,37.581900835869384],[127.007396320485,37.58189218480588],[127.00742043398319,37.58188263314953],[127.00744239634638,37.58187191031418],[127.00745756596625,37.58186127791523],[127.00747307475255,37.58184478908706],[127.00749016823879,37.581824966527776],[127.00750975217758,37.581802530979694],[127.0075296754228,37.58177613107179],[127.00754303270004,37.58175414632794],[127.00755548439537,37.581733693305345],[127.00756895521224,37.581715943187724],[127.00758061500802,37.581702878289775],[127.00759419959651,37.5816921558557],[127.0076114071529,37.58168368569866],[127.00763189766536,37.581672872805],[127.00765578456452,37.58166242012576],[127.00767684131812,37.58165394975897],[127.007696992549,37.581647641802704],[127.00772314379192,37.5816386305692],[127.00775189860532,37.58162601524762],[127.0077826911199,37.5816121384302],[127.00781291757815,37.58159844183215],[127.00784314388056,37.58158303335252],[127.00786623807714,37.581570688601936],[127.00788548299089,37.581557533166865],[127.00789816185996,37.58154735133813],[127.00791661424792,37.581533835546274],[127.00792046320593,37.5815309521817],[127.00794016053739,37.581513021486074],[127.00795827306416,37.58149707304328],[127.00797536656788,37.581479863272655],[127.00798770528505,37.581464005239496],[127.00800253430451,37.58144409263017],[127.0080161180026,37.58142436028474],[127.00803162593947,37.581400573393424],[127.00804690772628,37.581380030063],[127.00806184968056,37.58135732438233],[127.00807645212528,37.581336150395195],[127.00810871397955,37.581296955696544],[127.00812444900788,37.581281367754876],[127.008134637248,37.58127235732173],[127.00815071209202,37.58125893172446],[127.00816520198566,37.58124568641147],[127.00818331452017,37.58123108941284],[127.00820052153331,37.58121847463241],[127.00821772864558,37.58120703113163],[127.00823640752502,37.581195857840434],[127.00825950168327,37.581185134787425],[127.00827829421031,37.58117891690759],[127.00829119993934,37.58117486172973],[127.00830953955031,37.5811679230819],[127.00832946383761,37.58115792098642],[127.00834825592409,37.58114701796683],[127.00836738766375,37.58113638522038],[127.00838855698599,37.58112340978792],[127.00840508468872,37.58111097521424],[127.00841878212968,37.581098811099594],[127.0084380262328,37.581079258570725],[127.00845727044295,37.581060967419475],[127.00847074121774,37.581046370649],[127.00848432512286,37.58103096298258],[127.00849473950599,37.5810197901375],[127.00850753070468,37.5810020399508],[127.00851715231603,37.580987803797186],[127.00852722673417,37.58097320722132],[127.0085371876921,37.58095599779103],[127.00854635590586,37.58093599534946],[127.0085528075515,37.58092130888827],[127.00856129615173,37.5808977025406],[127.00856978453417,37.58087184372645],[127.00857555594354,37.580846976158966],[127.00858189383722,37.58082670358749],[127.00858653405079,37.580811566739385],[127.00859445761417,37.58079895245606],[127.0086048716241,37.580784355852764],[127.00861449309485,37.58076912860572],[127.00862785037863,37.580752459554795],[127.00864018918062,37.580740205396864],[127.00866214996599,37.580718310101865],[127.00867731891958,37.580704974585075],[127.00870414754128,37.58068100671825],[127.00873561717954,37.58065082175576],[127.00874795585999,37.580637666599976],[127.00874965366104,37.580633972451935],[127.00882672741186,37.58040241420637],[127.00883182079556,37.580391421856916],[127.00883170650157,37.58038033973128],[127.0088280814337,37.58035637371743],[127.00879252269185,37.58024573478196],[127.00876930389613,37.580134824780586],[127.0087647711828,37.58009022622995],[127.00876454191717,37.5800608540858],[127.00876419828974,37.5800195889273],[127.00875615720666,37.579986523217435],[127.00874143644731,37.579950124265785],[127.00871720531015,37.57990543681672],[127.00867678382106,37.57984570387085],[127.00862232392599,37.57978047573843],[127.00857182656536,37.5797165087246],[127.00850910203049,37.57964524442231],[127.00846053005425,37.57958821484161],[127.00840595815636,37.57953199647841],[127.00838501299192,37.579515419546205],[127.0083488972861,37.57949262668175],[127.00828300567932,37.579447581148315],[127.00824609740614,37.5794228962258],[127.00821235881473,37.57939613884294],[127.00818926225256,37.57937379568359],[127.00815846594313,37.579333703517705],[127.00812178127248,37.579276042434834],[127.00810649466567,37.57923676027415],[127.00808928201265,37.579180179276],[127.00807025632476,37.57910386676898],[127.00806515706415,37.57904800588246],[127.00806198152826,37.578982774627804],[127.0080626547133,37.57891348871926],[127.00806197075121,37.578859609756606],[127.008057438545,37.57881510126773],[127.00805097886932,37.578736895984214],[127.00803738688778,37.57865589803467],[127.00802957191902,37.57861400258574],[127.00802300229556,37.57857273775807],[127.00802300025018,37.57854922200579],[127.00802582871792,37.57852949024153],[127.00804099429197,37.57848119651808],[127.00807789388486,37.57841298978067],[127.00810619204546,37.57837172301391],[127.00813664023187,37.57832054526566],[127.00815305261527,37.578290811782765],[127.00818101189418,37.57825882517954],[127.0082359126273,37.578207195528925],[127.00829183193353,37.578153223228384],[127.00832171582931,37.57812357904622],[127.00834854186151,37.57808014993593],[127.00837163221772,37.578038613108326],[127.00837842305263,37.578021584064125],[127.00838328825633,37.577992391810106],[127.00839143384472,37.57793490838007],[127.00839120465797,37.57790472533626],[127.00837625549569,37.57784021555155],[127.0083686667854,37.577797779514],[127.00836402299507,37.57777228185687],[127.00835031874672,37.57770335715983],[127.00833865264255,37.57763893727679],[127.00833921479396,37.57759641066609],[127.00833570182046,37.57755703774438],[127.00833920981421,37.577541810864226],[127.0083481510122,37.57751919557767],[127.00836682664081,37.57748279462736],[127.00838120213712,37.577464954253045],[127.00840655844038,37.57744558155913],[127.00852462278719,37.5773471868469],[127.00855326112651,37.5773188040576],[127.00857273028436,37.57729555743458],[127.00859672666768,37.57726194918781],[127.00861653555026,37.577240144116],[127.00863985327311,37.57721293290787],[127.00865026661162,37.57719662441659],[127.00866067877534,37.57716806250266],[127.00867040954552,37.577116975956386],[127.0086774227407,37.57705922227055],[127.00868228691928,37.577021200327685],[127.00868420923872,37.57699858543935],[127.00868182959411,37.5769741688381],[127.00867243005364,37.57693731904265],[127.00865703023312,37.57689596467448],[127.0086299673599,37.576823346760044],[127.00861671859563,37.57678325363795],[127.00861060157649,37.5767414482107],[127.0085964437213,37.57666459487198],[127.00858681716313,37.576620447086846],[127.0085609991543,37.57654197266319],[127.00853008712748,37.57646475991729],[127.00851423428705,37.57641935111249],[127.00847460602465,37.5763461933082],[127.00845920662759,37.576306911180154],[127.00843893576747,37.57622753541237],[127.0084313469855,37.576182936998244],[127.00842658841421,37.57613950970092],[127.0084303164104,37.57605589788354],[127.00843110612088,37.57602652565884],[127.0084170570768,37.57589858631502],[127.00841456149324,37.575843175754436],[127.00841965104384,37.57579335087025],[127.00842825075908,37.575752986144735],[127.00844115199918,37.575710638994494],[127.00845213010967,37.57568270774951],[127.00846888200913,37.575659551395404],[127.00850114087255,37.57561675260324],[127.0085438125026,37.57555413146569],[127.00855083025783,37.575545391472566],[127.0086008601803,37.57548484214559],[127.00865122938056,37.575421679913475],[127.00867613022226,37.575382575563445],[127.00872151624544,37.57529724931761],[127.0087654317744,37.57522471716151],[127.0087819564046,37.5751947132724],[127.00880696688033,37.575120470385414],[127.00881749177431,37.57509064705848],[127.00884001130285,37.575011989479734],[127.00885970263758,37.574952703297136],[127.00889104834994,37.57483881655614],[127.00890621142456,37.57477844946198],[127.00891515019612,37.57473637279699],[127.00891390064852,37.574692584893775],[127.00890733054364,37.574647896336046],[127.00889510074903,37.57460699227797],[127.00887200026223,37.57453176127982],[127.00884074596644,37.574422113066696],[127.00881277696307,37.57433679129832],[127.00879194112493,37.57426633537402],[127.00878287834917,37.574197320301174],[127.00877653027344,37.57410632096825],[127.0087792391212,37.57402424085201],[127.00878308064101,37.573949098267796],[127.0087907719361,37.57388395640557],[127.0088033323634,37.57383458152148],[127.00881725209058,37.57379457682072],[127.00884543449868,37.573749255408025],[127.00887497600881,37.57371141209924],[127.00890100931151,37.573683930357696],[127.00891391179798,37.573660503876944],[127.00891741950026,37.57364536706826],[127.00891413443836,37.573622482193116],[127.0088945453413,37.57356662219694],[127.00887325829481,37.573510942500235],[127.00885921689951,37.5734638217298],[127.0088475526344,37.573415889921094],[127.00884539901733,37.57338705845556],[127.00885162010893,37.57333723346163],[127.00885840737509,37.57328930050548],[127.00886904159536,37.573222897065335],[127.00887062142631,37.573172441666614],[127.00886563578271,37.573122797564935],[127.00885567049012,37.57308441611624],[127.00881819316731,37.57299819393262],[127.00881468253976,37.572983237756496],[127.00880856351684,37.57291881752504],[127.00882020805665,37.57270776497317],[127.00889154906025,37.57260322795948],[127.00903626203257,37.5725258987806],[127.00910689955131,37.57249897995978],[127.0092413345783,37.572462946154005],[127.00931738536148,37.57242769181627],[127.00937585972356,37.57237007608732],[127.00955431361508,37.57210155894357],[127.00958546415359,37.57201465115151],[127.00960668802765,37.57180968040276],[127.00975379856118,37.57183568985764],[127.00980670276103,37.57166719386936],[127.00980595814625,37.57166712221577],[127.0097998568195,37.57166703254509],[127.00979213736807,37.57167229485471],[127.00966443795788,37.571654878631314],[127.00965259750957,37.57165444697353],[127.00964085896504,37.57165425857422],[127.00960359424208,37.57165161222798],[127.00959766262078,37.57165067560676],[127.00955722798584,37.57164429937348],[127.00938582035724,37.57159842361343],[127.0093645161085,37.571592721778615],[127.00931338342626,37.57157678669213],[127.00928836610306,37.57156886865876],[127.0092776004543,37.57156278769938],[127.00922944586468,37.57155633978181],[127.0091873247076,37.571550233828184],[127.00915158853003,37.5715507316872],[127.00911611326197,37.57155671653407],[127.00907844237528,37.5715667109064],[127.00906559508896,37.57157218973387],[127.00904360176287,37.57158031804722],[127.00899982005916,37.571608656894384],[127.00898117802382,37.571623605460935],[127.00896687096579,37.57163395871359],[127.00892200422925,37.57167965963383],[127.00884318206263,37.571763582547604],[127.0087428545052,37.57187093240589],[127.00866612577117,37.57195153943588],[127.00853645977635,37.57208956050839],[127.00843355094617,37.57220246934515],[127.00837298506251,37.57227066863243],[127.00834306981592,37.57230305186139],[127.00823649287858,37.57241704191941],[127.00812115492776,37.57254075402554],[127.00805640024228,37.572610070605265],[127.00797610470259,37.572695840032985],[127.00792912026127,37.57274564017693],[127.0079075918824,37.57276900395168],[127.00787449552493,37.572803423463164],[127.00783629432263,37.57284315906507],[127.00772072875276,37.57296805107691],[127.00766065941384,37.57303306947779],[127.00762339757435,37.5730733095134],[127.00758245696751,37.573116577044026],[127.00756011343974,37.57314118415854],[127.00747041064615,37.57323637804483],[127.00746612068251,37.57324004528015],[127.00740488555996,37.57331282110887],[127.00734384283192,37.57338655194218],[127.0073412279112,37.57338641692303],[127.00729099416174,37.57344111833924],[127.0072500532234,37.573485196640604],[127.00723940202322,37.573496882964555],[127.00718673454736,37.573554467613086],[127.00718302176628,37.57355675629941],[127.00714532920122,37.57359635650009],[127.00710247512576,37.57364194849918],[127.00709199353517,37.573651688668626],[127.00702956841491,37.57371502200554],[127.0070064547175,37.57373897132792],[127.00698763094285,37.57375816323344],[127.00693222373764,37.57381704531463],[127.00689690794681,37.57385431176786],[127.00688350605256,37.573868520949006],[127.00685360089089,37.573901588541695],[127.00682130746426,37.5739387467167],[127.00677140094693,37.57398920424137],[127.00673334557736,37.57402698432925],[127.0066816396416,37.57408598325497],[127.00665623943345,37.574115302491904],[127.00662388891047,37.57414798270686],[127.0065925571601,37.57418057277025],[127.00652833161354,37.57424886134419],[127.00650025972416,37.57427782026516],[127.00638385252586,37.57441051352354],[127.00638027563389,37.57441456811384],[127.00635447909562,37.57444549105798],[127.00631667243462,37.574484964854555],[127.0062339165719,37.57457318385535],[127.00620585572683,37.574601503003336],[127.00615676343631,37.574652500822516],[127.00614227459238,37.5746678181746],[127.00607946315739,37.5747348090216],[127.00605180973828,37.57476344346199],[127.00600242309339,37.57481746854408],[127.0059574508873,37.57486541177518],[127.00594141119846,37.574882459055864],[127.0058977519877,37.574929230931104],[127.00588509679748,37.5749426470998],[127.00586219770632,37.57497121824972],[127.00580207985014,37.575036028457475],[127.0057860740047,37.57505228284656],[127.00572801620807,37.57511550720375],[127.00570506028586,37.575141988034055],[127.00568843187916,37.575159945297514],[127.0056692226634,37.57518170481532],[127.00564784003785,37.575205023113796],[127.00560741793153,37.57524974051505],[127.00556898798305,37.57529155665504],[127.00555067299402,37.57531323503356],[127.00552082306655,37.57534256318184],[127.00545360693891,37.57540980611378],[127.00542514943606,37.575441206461484],[127.00542516078174,37.57544169299417],[127.00535578212454,37.575505404071166],[127.00533030135252,37.57552844313795],[127.00527852489627,37.57557841354517],[127.00522096374867,37.57562938420651],[127.00522096376028,37.57562961846316],[127.00522078264311,37.57562977163665],[127.00522090718376,37.575630123017724],[127.00513991384933,37.57570015925906],[127.00512492630723,37.57571146710614],[127.00502550350487,37.57578557629121],[127.0050189152436,37.57578910835618],[127.00498124211842,37.57580862484776],[127.00496293762036,37.57581874346833],[127.00494579905612,37.575827663739375],[127.00494594624308,37.57582815927802],[127.00490446960538,37.575851144655644],[127.00478924238777,37.575906639698886],[127.00476162133118,37.575919794872256],[127.00468393137707,37.57595631398716],[127.00461919161602,37.57598767906524],[127.00457693348633,37.57600580802736],[127.00446210142239,37.57604662566028],[127.004424178753,37.57606044774119],[127.00434131484764,37.57609081301533],[127.00431599152647,37.576099886557714],[127.00424406257721,37.57611827738581],[127.00413558044689,37.576146417665754],[127.0040858844203,37.576158672180654],[127.0039907371701,37.576174378415374],[127.00392053986926,37.576185966557645],[127.00387480576734,37.57619352676045],[127.00378842023723,37.57620366455691],[127.00376360606096,37.576207169870905],[127.00370470629284,37.57621373917162],[127.00368907289314,37.57621555044398],[127.00361789053909,37.57622378675254],[127.00359709505517,37.57622619275582],[127.00347236721504,37.57623335773243],[127.00336442747218,37.57623985558563],[127.00323898639638,37.57624675904055],[127.00321889273431,37.576248119822026],[127.0031459555358,37.57625171578799],[127.00303403097993,37.5762591954698],[127.00293617760713,37.57626437736045],[127.00286628557804,37.576268693906655],[127.0028514445555,37.5762694599141],[127.00258301216081,37.576278479079825],[127.00249232780612,37.57627750022543],[127.00185063678707,37.576271505992864],[127.00184713317935,37.57627055717181],[127.00159886559281,37.57624677154311],[127.00149585004338,37.576236004772774],[127.00121486679664,37.57620570418916],[127.0011241339704,37.57619564890516],[127.00107281871063,37.57618980131646],[127.00099473077275,37.576181854289786],[127.00095981874884,37.57617787176683],[127.00084383027911,37.57616196873909],[127.00079587721403,37.57615634629592],[127.0007877944743,37.57615540020974],[127.00076808572184,37.576153093559185],[127.00075981052717,37.576153057466776],[127.00070684252863,37.576149209899576],[127.00069544291581,37.57614871427773],[127.000582046864,37.57613672129457],[127.00047748072605,37.57612563827764],[127.00044668935922,37.576122484547305],[127.00043223327833,37.57612016887838],[127.00033873849831,37.5761096444519],[127.00029104586575,37.576104481309635],[127.00014119843568,37.57608859525408],[127.00006462765232,37.576079575455154],[127.00000976926674,37.57607443914036],[126.99997401961859,37.57607142037128],[126.99983243606675,37.57606082282568],[126.99981610079325,37.57606041714701],[126.99977892476971,37.57605844344329],[126.99976972131549,37.57605844330726],[126.99974637877519,37.5760565058369],[126.99962552284933,37.57604644894477],[126.99958276595804,37.57604224965156],[126.99956521941336,37.576041771839314],[126.99944121649123,37.576031174114135],[126.99938342611632,37.576029371108774],[126.99930997971731,37.57602664877641],[126.9992966556399,37.57602722515807],[126.99917514308143,37.576022267379315],[126.99898625169314,37.57601993893148],[126.99885599974759,37.57601793587401],[126.99858177580273,37.576008946528916],[126.99846410083447,37.576006114443196],[126.99838417920765,37.576004391462774],[126.99835236905308,37.57600346259715],[126.997984469225,37.57599621722979],[126.99795770790882,37.575996279494646],[126.99784503662625,37.575992500906274],[126.99775286623453,37.57599421888729],[126.99769313866615,37.57599413724295],[126.99734490059625,37.576004889027864],[126.99709838906928,37.57605218425282],[126.99636890681457,37.576321495205754],[126.99636304405823,37.576321188629976],[126.9963564215244,37.57632262090991],[126.99631685610642,37.57633143983611],[126.99628993561127,37.57633968267805],[126.99622317736686,37.57636537585209],[126.99613544163417,37.576401050969615],[126.9959877055774,37.57646402313202],[126.99438625250569,37.57715598531251],[126.99421756956689,37.57722841434632],[126.99406564155929,37.57729237492063],[126.99394258212111,37.577342461957166],[126.99381759817068,37.57739110716053],[126.99370133150008,37.57743398649289],[126.99360487668712,37.577467586875706],[126.99349608215212,37.57750307841392],[126.9934300809948,37.577523165916645],[126.99335921191053,37.57754361344076],[126.99326966341692,37.5775676635658],[126.99315668083348,37.57759531591253],[126.99301992468418,37.5776249486129],[126.99295098071951,37.577638188135616],[126.99289335766586,37.577648545287914],[126.99283550826786,37.57765818160596],[126.99278909295039,37.57766538607732],[126.99271907384752,37.577675246684464],[126.9926923716992,37.57767870361792],[126.99258568157667,37.57771808627588],[126.99253222463342,37.57769690134162],[126.9925134322042,37.57769870188321],[126.99244980957819,37.577705274216505],[126.992405228408,37.57771022621073],[126.99240005481593,37.577710820462535],[126.99230467734654,37.57772148074058],[126.99220290454875,37.577725346996544],[126.99216519547402,37.577726217972035],[126.9921330786903,37.57772781917949],[126.99208437748088,37.577727229656084],[126.99206071739695,37.577727227762885],[126.99202517069078,37.57772704471229],[126.9919896240078,37.57772668145362],[126.99193041736858,37.57772532517944],[126.9918965688601,37.577724331339915],[126.99186173550802,37.57772295899565],[126.99182960783054,37.57772122646848],[126.99180066117657,37.5777200347866],[126.99176694863003,37.577718193993476],[126.99174351514966,37.57771675047653],[126.99169879912806,37.57771371043988],[126.9916629696289,37.57771189647058],[126.99164252493088,37.57770941704825],[126.99157325463679,37.57770543788099],[126.99140667316271,37.57769568406226],[126.99119769642562,37.57768324136891],[126.99106159000604,37.57767431863149],[126.99101082822892,37.577675584515475],[126.99095701063072,37.57767157933148],[126.99092973892374,37.57767417173046],[126.99058306971527,37.577662400268174],[126.9905012943334,37.57770756814334],[126.99045895052855,37.57773946812666],[126.99040093474474,37.57779963958533],[126.99033803723175,37.577876145442936],[126.99032125547572,37.57790667829424],[126.9902563906252,37.57789057149021],[126.99014155779734,37.57786601759936],[126.99015034694416,37.57783751122426],[126.98981398747702,37.57777077830198],[126.98980506220285,37.577800302753914],[126.98975767506715,37.57779392806586],[126.98969662420639,37.57778591219531],[126.9897201725035,37.577705285242494],[126.98973851117226,37.577638001378894],[126.9897393156999,37.57763314514025],[126.9897272312945,37.57759512229006],[126.98965289816344,37.57753706426084],[126.98956655765521,37.57752706360702],[126.98946719771045,37.57752196293004],[126.98935411781673,37.57751327482892],[126.98920675907131,37.5775055561152],[126.98899328743425,37.5775022360472],[126.98879995500174,37.57749965657382],[126.98875921254267,37.57749785020364],[126.98848458730268,37.57749381982058],[126.98827273452801,37.577490759914554],[126.98822420332863,37.57749007871911],[126.9882068716179,37.577489545183816],[126.9879803475939,37.57748540191362],[126.98778115139002,37.57748168485582],[126.98777955434774,37.57748626168309],[126.9877643741541,37.577482448741144],[126.98765729331807,37.577479724246295],[126.98756828033632,37.577475893577],[126.98754172318431,37.57747097104764],[126.98743390851256,37.57745774976662],[126.98743084076278,37.57745708267032],[126.98732137313914,37.57744485217479],[126.98731207898255,37.57744467986919],[126.98718491969514,37.577420193695666],[126.98705056169665,37.57739010236488],[126.98697478601265,37.57736867659638],[126.98684769728352,37.57733198169611],[126.98674824213496,37.57729530813917],[126.98670119845308,37.577272498266304],[126.98668469400602,37.5772679191803],[126.98663710689229,37.577245523667465],[126.98661579244997,37.57723479923493],[126.98649681361596,37.57717824722877],[126.98649284035037,37.57717704841057],[126.98635287670366,37.57710446502922],[126.98634265520501,37.57709987769238],[126.98624032792868,37.57704985972094],[126.98615731242523,37.5770054122739],[126.98605990996377,37.576954692016216],[126.9860294947497,37.57694038936718],[126.98599250330054,37.57692146378266],[126.98595610060117,37.576902222918676],[126.98590669139476,37.576879565583674],[126.98582538433807,37.57684147008578],[126.98571945769511,37.5767921899915],[126.98570537648673,37.576785286546205],[126.98551307281163,37.5766926842218],[126.98541793383932,37.57664867609158],[126.98539148022509,37.576638103903704],[126.98535770298973,37.57662428715449],[126.98499906356635,37.57645393295571],[126.98493499668746,37.576423686849864],[126.98477774968762,37.576351171241946],[126.98476292162972,37.57634369995603],[126.98470551037379,37.57631773435788],[126.98469162151135,37.57631209220035],[126.98450055314619,37.576224254616896],[126.98441016901225,37.576184237729045],[126.98437739983596,37.5761697270844],[126.98435785179231,37.576159921505514],[126.98430877126268,37.576139822349965],[126.98426942650264,37.576118751530814],[126.98423268527847,37.5760984198891],[126.98421775509796,37.576092435148055],[126.98380728215561,37.575934007785236],[126.98377262243979,37.5759206319322],[126.98363368911114,37.57586821856771],[126.98346118035914,37.575804647178224],[126.98317066081805,37.575884671616144],[126.98313453489604,37.575895784176524],[126.98299098353311,37.57588839166069],[126.98295364259646,37.57596005030607],[126.98292018235719,37.57594917012564],[126.98294329664712,37.57591106201176],[126.98289422354759,37.57586331097509],[126.98280679496203,37.575779460301796],[126.98275261758823,37.575727671973866],[126.98272059954373,37.57569935786524],[126.98269002190226,37.57570528148758],[126.98255077492524,37.57573361326127],[126.9825263670694,37.57573858278598],[126.9823170211946,37.575780030367795],[126.98213738072829,37.57581721177973],[126.98181464293062,37.575885408126176],[126.98116458402352,37.57596845894574],[126.98097718006912,37.57599362709476],[126.98075616459877,37.57602331199472],[126.98073384951067,37.57603290358014],[126.98071044930444,37.57603659350493],[126.98063758840505,37.57604759971184],[126.98056370880073,37.57605807411057],[126.98054289011094,37.57606001654544],[126.98049937321127,37.57606509938233],[126.98049198092365,37.57606542242125],[126.98038140027512,37.576077259663755],[126.98027377421734,37.576089061294915],[126.98025885367568,37.57609011276378],[126.98018633406281,37.576094829864],[126.98017207025177,37.5760953498582],[126.9801368523516,37.57609618140289],[126.98006407314249,37.576098159380386],[126.98005947736303,37.57609714943964],[126.98004858794869,37.57609443548875],[126.98000786887812,37.576093427980844],[126.9799716668502,37.57609167346414],[126.9799245632259,37.576090214268525],[126.97991415990082,37.57608989701968],[126.97986621686823,37.576094321092526],[126.97977069305101,37.57610312419719],[126.97962670213232,37.57608888901825],[126.97935831542034,37.57606239497486],[126.97919848794658,37.576046579572484],[126.97909519411591,37.576031729751435],[126.97894458487461,37.57600484262496],[126.978779848782,37.57597520457561],[126.97867871830996,37.575957111253295],[126.97859696479007,37.57595051820291],[126.97857320398946,37.57594854943537],[126.97848793172335,37.575935910002386],[126.97844005938572,37.57593139571836],[126.97832638393471,37.57592034535984],[126.97822912251968,37.5759108658486],[126.97819436976881,37.57590865156936],[126.9781471197978,37.57590505629627],[126.97808156602083,37.57589770926576],[126.97795201758575,37.57589293527439],[126.9778970467238,37.57589074389954],[126.97736440126145,37.57589385264639],[126.9770155300727,37.57589706935516],[126.97662307227961,37.57591012363811],[126.97619183991166,37.575929880658016],[126.97581641858322,37.57594391798882],[126.9755175463304,37.5759549797329],[126.97544687240838,37.575957856314794],[126.97544219703346,37.575958062509216],[126.97531625626479,37.57596353064516],[126.97497617576343,37.575980303133164],[126.97461673807763,37.575994934892776],[126.97393445430144,37.57595027769725],[126.97379268597773,37.575960101285986],[126.97362975900451,37.575972289303955],[126.97350268348056,37.57598460273867],[126.97349040074627,37.57598501427727],[126.97345565808024,37.5759863755241],[126.97318339469598,37.576010006450275],[126.97312799117772,37.57601449807487],[126.97299062561277,37.57602597957518],[126.97294009036486,37.576029057738225],[126.97259632326715,37.57612156845716],[126.97222470524464,37.57621899966491],[126.972129557288,37.5762192913625],[126.97210864876074,37.57621871853387],[126.97208192088236,37.57621985612594],[126.97202386997783,37.57621976955803],[126.97199803680299,37.5762199072591],[126.97197262247163,37.576220072088915],[126.97191286214618,37.576220093157055],[126.97190894502909,37.57622075890505],[126.97190210763794,37.57622045085439],[126.97189661714782,37.57622071076313],[126.97182841166455,37.57622110808373],[126.9717649267632,37.57622155160413],[126.97173481437055,37.57622196747498],[126.97168236708781,37.57622180106389],[126.97166527324174,37.57622195892022],[126.97162370424411,37.576223308891585],[126.97152980213653,37.57622206874338],[126.97144814795308,37.57622266064443],[126.97144481939391,37.576223569793434],[126.97136290493741,37.57622391830275],[126.97123694299586,37.5762239221],[126.97114549691275,37.57622392563815],[126.97101311562564,37.57622561239055],[126.9708285139479,37.57622593395031],[126.97075548605565,37.576226122170326],[126.97072097008878,37.57622638346721],[126.97067611878427,37.57622621859047],[126.97065095376804,37.576225725480384],[126.97053709303232,37.57622641644448],[126.97048604828844,37.57622911500865],[126.97045585603314,37.57623099914109],[126.97042648670664,37.576229221398705],[126.97037788190772,37.576227742614655],[126.97019705072907,37.576227669188256],[126.97015793879639,37.576227658804996],[126.97008511469451,37.57622778359538],[126.97004650047205,37.57622869231446],[126.97002939535005,37.5762287328026],[126.9698417144555,37.5762291961559],[126.96976075061166,37.576230219548854],[126.96974084923131,37.57623054755878],[126.96965672736924,37.576230696072926],[126.96962424910464,37.57623086750042],[126.96961508086412,37.5762278827562],[126.96955037276153,37.57622968524551],[126.96949413311499,37.57622959792415],[126.96943418038202,37.576229509566964],[126.96932651135003,37.576231435398256],[126.96928878065819,37.5762310647089],[126.96908697511864,37.576302439691304],[126.96908516357767,37.57630307889441],[126.96906508384144,37.57632305726748],[126.9690451624607,37.57636938053975],[126.96900201393275,37.57617593576677],[126.9689887474614,37.57612155754615],[126.96895445077152,37.5760602989936],[126.96893539038703,37.57602719147134],[126.96889673385915,37.57596958069519],[126.96885234062815,37.575905904675786],[126.96880785196424,37.5758535360001],[126.9687849492805,37.57583145546929],[126.96871381926866,37.575764059913304],[126.96862454624494,37.5756891360179],[126.96855083951003,37.57563829077694],[126.96844626402167,37.575558280903735],[126.96840101012481,37.57552231883249],[126.96830439137769,37.57544620332818],[126.96820812370702,37.57537019596136],[126.96808116620761,37.57527074515138],[126.96791441188083,37.57513552270184],[126.96773334327776,37.57498884437122],[126.96762234400663,37.57489934452604],[126.96762011366079,37.5748999385372],[126.96758796554158,37.5748723230543],[126.96751636652813,37.5748200271771],[126.96738507464961,37.57472191683214],[126.96736348136875,37.574709693200305],[126.96733771295952,37.57469308955782],[126.9673156456617,37.57467777539372],[126.96730658078452,37.574672168626606],[126.96728573390597,37.574661594003366],[126.96721411532326,37.57462818262787],[126.96714627783427,37.57459454706287],[126.96700358349146,37.57452958930066],[126.96696815682596,37.574518028281645],[126.9669319947133,37.5745057102072],[126.96681356098054,37.57446246410248],[126.9667888101581,37.57444894201512],[126.96669350865083,37.574419127302484],[126.96652557231928,37.57437598342395],[126.96646793589731,37.574364118343595],[126.96628912992948,37.574326484942944],[126.96621126643105,37.57431067638518],[126.96614319554892,37.57429338408169],[126.96609517049914,37.57428048556343],[126.96600940896641,37.5742577278904],[126.96592620806732,37.574230258763436],[126.96585756335557,37.574205929411285],[126.96583733871131,37.57419683233865],[126.96581344715004,37.57418609435668],[126.96571234466583,37.57414479851803],[126.96564449621484,37.57411273881204],[126.96561270528932,37.57409786285695],[126.96550544162203,37.5740399147209],[126.9654962412432,37.57403404648656],[126.96547015525633,37.57402006421091],[126.96546294681626,37.57401501648063],[126.96545273958074,37.57400785952352],[126.96540920606796,37.573977365815146],[126.9653063297143,37.573906759966725],[126.96530104470268,37.57390377607743],[126.9652937186642,37.573907855302416],[126.96523065874194,37.573852956797325],[126.96519732442944,37.573823123865324],[126.96514915605984,37.57378000580123],[126.9651206417294,37.57375512075258],[126.96508377768583,37.57372113314798],[126.96504175488423,37.573680728907796],[126.96501948757225,37.573659314565695],[126.96497137674143,37.57361470080665],[126.96496802072467,37.573556054498475],[126.96496702355444,37.5735349620748],[126.964796768738,37.573378317629086],[126.9644919183332,37.57308914960263],[126.96442835729208,37.57303201270364],[126.96437008948607,37.57307204662863],[126.96432937246706,37.57311618219544],[126.96428865540001,37.57316031774786],[126.96425513151131,37.57319427439835],[126.96424403070966,37.57320886689072],[126.96421390150057,37.57324534736577],[126.96418308726378,37.57329345035415],[126.96414094151217,37.573364615025135],[126.96407545887602,37.57347109098752],[126.96402357629485,37.57354513568556],[126.96397317592243,37.57358656598892],[126.96396693464607,37.57362827881878],[126.96393035074209,37.573668721509996],[126.9638985278168,37.5736960112912],[126.96384620803327,37.57373843111271],[126.96375934959133,37.57380570712019],[126.9636860754831,37.573872086429525],[126.9636197048702,37.573941621364604],[126.96358833086164,37.57397611910357],[126.96356080143396,37.57401890715349],[126.9635376794304,37.574076202510405],[126.96351387109071,37.57414746294442],[126.96350852309183,37.57420170065786],[126.96351212949163,37.574233236374006],[126.96352184549183,37.57427117106607],[126.96354332950501,37.57431875010687],[126.96356356344161,37.574375969305216],[126.96357214450394,37.57441976004452],[126.96357268724114,37.57446562047019],[126.96355767562974,37.57460166471755],[126.96355061579405,37.574683111692266],[126.9635333595587,37.574780773154856],[126.96352269072597,37.57483563984199],[126.96351768737095,37.57487987670265],[126.96350438157458,37.57500024430589],[126.96348265982444,37.57519719310121],[126.96347686166753,37.57524602473568],[126.96347096134745,37.57527314254683],[126.96345724744074,37.57530539346534],[126.9634268753158,37.57537187651874],[126.96340625146748,37.5754130449734],[126.96339695502888,37.575440161683645],[126.96339309323167,37.57546547817405],[126.96338481092035,37.57550178527892],[126.96336973670837,37.57553754959625],[126.96335363997792,37.57558052147746],[126.96333663995149,37.57561889802997],[126.96331511473385,37.575651506798295],[126.96329132640405,37.575682222756896],[126.96325247425526,37.575728160510096],[126.96323887784732,37.57575167186437],[126.96320942135715,37.575797882945096],[126.96319593300129,37.575831395285356],[126.96317859507451,37.57586616775562],[126.96316658683793,37.57588310241144],[126.96314427001727,37.575913818817185],[126.96313667549553,37.57593309747069],[126.9631336082285,37.57595408947105],[126.96313733552597,37.575970488646625],[126.96314321221183,37.575989771679204],[126.96314410836199,37.57600824220427],[126.96314115425128,37.57602932434004],[126.96312312458798,37.57608833312642],[126.96311586414825,37.57611833363191],[126.96311121099772,37.576141307286505],[126.96310621508611,37.576170407540836],[126.96310212276454,37.57620347243158],[126.96309135215229,37.57623509356923],[126.963063463927,37.57631301986135],[126.96304623240255,37.57636067645746],[126.9630400011267,37.57637049518445],[126.96302640866242,37.57638598772905],[126.96300341913758,37.57640363957535],[126.96297034932458,37.57643119898255],[126.96295539894219,37.57644560989108],[126.96294372901268,37.57646479710038],[126.96293318251927,37.576500652934],[126.96292035304909,37.57657308808931],[126.96291865093751,37.576580926119036],[126.96290696311392,37.576634711216045],[126.96290978959728,37.57664173983838],[126.96291861233792,37.57665570802056],[126.9629303760748,37.576674182097925],[126.96297120319981,37.57675122981597],[126.96302334007817,37.57684927420168],[126.96307989180787,37.57694786059243],[126.96309583504828,37.57698417555305],[126.96309966767838,37.57701598163649],[126.96309172443601,37.57705273931491],[126.96307744364246,37.57708571078434],[126.96306259931228,37.57711381673935],[126.96304345321848,37.57714183119177],[126.96302215467954,37.577172818195606],[126.96301149978967,37.57719921363484],[126.96298225548773,37.57727164343292],[126.96295675796951,37.57732263096077],[126.96294019431488,37.577391731237086],[126.96292216276852,37.577453442938705],[126.96291864976416,37.57746046948704],[126.96290459774013,37.57748857567944],[126.96288363586923,37.57752496868719],[126.96286970135637,37.57754469573657],[126.96285135353097,37.57756108768769],[126.96282179668239,37.57758062941599],[126.96276914170109,37.577608092241114],[126.96272441474545,37.57762852995133],[126.96267799112611,37.57764617402742],[126.96260938037037,37.577661378110456],[126.96253567367101,37.5776797339246],[126.96246105728689,37.577705747779056],[126.96236991129456,37.577734549164845],[126.962324732888,37.577752013317216],[126.96228940377625,37.577768759936134],[126.96223222031291,37.57779604081858],[126.96223120084156,37.577797211762054],[126.96220967470363,37.577829459921425],[126.96216856631905,37.57785701642016],[126.9620874695031,37.57793492471229],[126.96199153584034,37.57802535169597],[126.96195522145666,37.578063817970396],[126.96189174317531,37.578108526164186],[126.96183963049734,37.578145231075425],[126.96177278631023,37.578192310371115],[126.96160884414572,37.578288784070494],[126.96135079964581,37.57845408886943],[126.96130806641942,37.578485218726506],[126.96127022072918,37.57853030741811],[126.96124457474102,37.57859966112619],[126.96119154195274,37.578792084748514],[126.96113274850086,37.57893068593837],[126.96103022119078,37.57899646518409],[126.96097745382387,37.579023534334304],[126.96097081344463,37.57902695760456],[126.96096832436534,37.57902836859553],[126.96096168398527,37.57903179186525],[126.96095965322493,37.579033522863725],[126.96095301284353,37.57903694703394],[126.96095072073977,37.57903836890403],[126.96094408035799,37.579041792172774],[126.96094167958054,37.57904320229253],[126.96093537974507,37.57904701130007],[126.9609329496275,37.57904824751915],[126.96092630924407,37.57905167078689],[126.96092401600731,37.57905309265607],[126.96091737675508,37.5790565159237],[126.96091497597612,37.57905792694388],[126.96090867613857,37.57906173504901],[126.96090627653489,37.57906306588162],[126.96089963614894,37.57906648914785],[126.9608974186001,37.579068206566134],[126.96089077934533,37.57907162983226],[126.96088848610727,37.57907305170077],[126.96088184685165,37.57907647496634],[126.96087944607137,37.57907788598581],[126.96087314622986,37.57908169499],[126.96087074549283,37.57908302582151],[126.96086410623553,37.57908644908613],[126.96086201661151,37.57908816474581],[126.96085503232221,37.57909112118005],[126.96085259426461,37.5790923808204],[126.96084560884243,37.57909533725366],[126.9608430655112,37.57909657793684],[126.96083637760424,37.57909994171797],[126.96083384223991,37.57910110401785],[126.96082685681621,37.57910406045003],[126.96082429528819,37.57910545339323],[126.96081731099576,37.57910840982521],[126.96081487293695,37.57910966946477],[126.96080788751168,37.5791126258958],[126.96080534417924,37.57911386657815],[126.96079865626905,37.57911723035717],[126.96079612090406,37.57911839175522],[126.96078913547723,37.579121348185154],[126.96078669741752,37.57912260782411],[126.96077971198996,37.57912556425348],[126.9607771686561,37.579126805836225],[126.96077048074397,37.57913016871261],[126.96076821585396,37.57913149868793],[126.9607612315569,37.579134455116595],[126.96075871782652,37.57913538496779],[126.96075173239664,37.57913834139549],[126.96074918906237,37.579139582076614],[126.96074250114738,37.579142945852425],[126.96073998724647,37.57914418744448],[126.96073329933061,37.579147551219776],[126.96073020032105,37.57914846555138],[126.96072351127282,37.579151828424735],[126.96072134849588,37.57915274217865],[126.96071466057845,37.57915610595288],[126.96071180489875,37.579157143803265],[126.96070511698048,37.57916050757695],[126.96070260307837,37.579161749168215],[126.96069591515928,37.57916511294138],[126.96069306282259,37.57916624719802],[126.96068637490268,37.57916961097063],[126.96068395618495,37.579170687713884],[126.96067726826423,37.57917405148598],[126.9606747905854,37.57917529759412],[126.96066810266383,37.57917866136569],[126.96066558876049,37.57917990295618],[126.96065890083811,37.57918326672723],[126.96065642315918,37.579184511933995],[126.96064973523596,37.5791878757045],[126.96064321477014,37.579193475781146],[126.96063782579608,37.57919808606509],[126.96063506913111,37.57920023216133],[126.96062968015603,37.57920484244488],[126.96062768449023,37.57920655092504],[126.96062229551423,37.57921116120827],[126.96062030220834,37.57921269399677],[126.96061491436352,37.57921730428004],[126.96061291756544,37.579219011858584],[126.96060752971972,37.57922362214153],[126.96060549669264,37.57922533331132],[126.96060010884601,37.57922994359391],[126.96059811204726,37.57923165117219],[126.96059272419973,37.57923626145443],[126.96059061880096,37.57923782213416],[126.9605852309525,37.579242432416024],[126.96058324547883,37.57924413098813],[126.96047386568992,37.57937005812975],[126.96040243953884,37.57945961836037],[126.96037401971398,37.57949440906111],[126.96034693337299,37.57952113909401],[126.96030987205494,37.579550145134775],[126.96030374457675,37.579557418461334],[126.96026190453938,37.57960103141271],[126.96025756161485,37.57960554834193],[126.96025304204409,37.579610137288164],[126.96023959452884,37.57962344105762],[126.96020695334808,37.579653503666144],[126.96018976059271,37.57966934059401],[126.96016454509066,37.57969266100551],[126.9601632703348,37.579694746342554],[126.96015980753279,37.57970040782917],[126.96015891424605,37.57970257528958],[126.96015545144334,37.57970823677607],[126.96015379294793,37.57971024989965],[126.96015067196724,37.579716035841905],[126.96014922852952,37.57971812021869],[126.96014576572534,37.579723781704864],[126.96014456562766,37.57972597338427],[126.96014110282276,37.57973163487031],[126.9601398201345,37.57973373191716],[126.9601363573289,37.57973939340306],[126.96013508143936,37.579741478739386],[126.96013161976515,37.57974714022552],[126.96013034387536,37.579749225561784],[126.96012688106833,37.579754887047415],[126.96012560517282,37.5797569822945],[126.96012248418796,37.57976276823593],[126.96011813045394,37.579770418786886],[126.9601142507413,37.57977865514509],[126.96011016287353,37.57978661933225],[126.96010606926257,37.57979473127901],[126.96010188743836,37.57980267921515],[126.96009770674581,37.57981062625054],[126.9600935249203,37.57981857328536],[126.96008942798089,37.57982655638928],[126.96008536264387,37.57983471159255],[126.96008128159644,37.579842614513936],[126.96007711115725,37.579850437216],[126.96007301757164,37.57985849059743],[126.96006910620532,37.5798666287354],[126.96006495493914,37.57987457758184],[126.96006078103973,37.57988250930143],[126.96005683916722,37.57989053390398],[126.96005289729383,37.57989855850634],[126.96004895428752,37.579906583108176],[126.9600444611895,37.579914414705534],[126.96003785421995,37.579920656219954],[126.9600315864222,37.579927718651795],[126.96002537748119,37.57993480092568],[126.96001921825466,37.579942057107104],[126.96001308286095,37.579949205178195],[126.96000696451101,37.57995623882968],[126.96000083820022,37.579963335547106],[126.95999471529359,37.57997041604762],[126.95999272746243,37.57997222362808],[126.95998705209661,37.57997660943531],[126.95997928485173,37.5799826117768],[126.95997167478664,37.579988938528174],[126.95996400021383,37.57999522381097],[126.95995626916769,37.580001270311996],[126.9599489863821,37.58000740346505],[126.95994121793123,37.580013527436705],[126.95993366573192,37.580019610939665],[126.95992606140489,37.580025784522405],[126.95990178088378,37.58004287398391],[126.9598776202514,37.58006014728389],[126.95986133657365,37.5800716201054],[126.959845126433,37.58008317223744],[126.95982912689304,37.58009466047155],[126.95982094993771,37.58010042299542],[126.95981207770579,37.58010445628026],[126.95979331840982,37.58011336491145],[126.9597657249778,37.58012699789101],[126.95973740368753,37.58014046842892],[126.95972822661244,37.5801450376864],[126.95972586861353,37.58014677485436],[126.95971211249031,37.580156899773314],[126.95969578223873,37.580168571673305],[126.95968790070792,37.580174396460606],[126.95967170751733,37.58018591704009],[126.95966909693229,37.58018787846295],[126.9596642419747,37.58019285018646],[126.959662295347,37.58019585518678],[126.95965269477219,37.58020866110545],[126.95964159983994,37.58022345857406],[126.95962508142345,37.580245609769634],[126.95961376563253,37.58026056482974],[126.95960215119354,37.58027510803195],[126.95958473849345,37.58029708321178],[126.95956720479298,37.58031880066388],[126.95956148471247,37.580326115541084],[126.95955888481213,37.58032717958288],[126.95954357285305,37.580335774955046],[126.9595234989034,37.580347045461714],[126.95950819485282,37.58035565524786],[126.95949050245366,37.58036558773068],[126.95947281004928,37.5803755211118],[126.95946396327926,37.58038048780117],[126.95945546822162,37.58038611233522],[126.9594472765608,37.580391745986596],[126.9594234199443,37.58040955538774],[126.95939962230652,37.580427150370305],[126.95936785136323,37.58045058629863],[126.9593517550636,37.580462746568536],[126.95934358563952,37.580467062978606],[126.95932591826313,37.58047670352594],[126.95929925913364,37.58049139088345],[126.95928996233998,37.58049533297728],[126.9592807311757,37.58049933095502],[126.95923203047619,37.5805191343181],[126.95918332130266,37.580537862781306],[126.95913454988857,37.580556503806335],[126.95909542681677,37.580572140786494],[126.95906604553116,37.580583716007155],[126.95904581730834,37.58058930385605],[126.95902494950536,37.58059478245189],[126.95900332669929,37.5806000607532],[126.95899252783852,37.58060353647266],[126.95898245174087,37.58060616642541],[126.95897270795527,37.580609720909024],[126.95895274966935,37.58061640173558],[126.95893249574702,37.58062335184706],[126.95890285913187,37.5806339241371],[126.95886314244134,37.58064811384183],[126.95884337752176,37.580655151510285],[126.9588334956269,37.58065866989298],[126.95882338124896,37.5806609069883],[126.95881302555024,37.58066346204358],[126.95878206240899,37.58067146781444],[126.95875114015394,37.58067923392962],[126.95873048983879,37.58068441522665],[126.95867811560558,37.58069558558047],[126.95864674337044,37.58070227212341],[126.95863637238452,37.580705800222795],[126.95861639472062,37.58071261433131],[126.9585964861152,37.58071942215463],[126.95857659335823,37.58072622547543],[126.95855675728069,37.58073092320858],[126.95853546100318,37.58073523748758],[126.95850385130149,37.580739425471116],[126.95848238864441,37.58074169354006],[126.95845027518268,37.58074582366246],[126.958418185259,37.580750357426574],[126.95837526579521,37.580756504495035],[126.95833238105833,37.58076131719991],[126.95830013466718,37.58076623649679],[126.95826822231537,37.58077103157117],[126.95823632124977,37.580775879799184],[126.95820468083664,37.58078025870041],[126.95819336392003,37.58078089604984],[126.95818768939752,37.5807815850236],[126.95815846837732,37.580778009992734],[126.9581474197736,37.58077668959315],[126.95814181414912,37.58077570365655],[126.95813510381885,37.58077236844254],[126.95812605985283,37.58076770792056],[126.95810769557816,37.58075857958401],[126.9580985134425,37.58075401541462],[126.95809121597837,37.58074799774605],[126.95807570069599,37.58073588458399],[126.95806740708116,37.580729695359906],[126.95805505144027,37.5807196601314],[126.95805174717364,37.58071515848837],[126.95804069169913,37.580704256988234],[126.95803468033044,37.58070016339545],[126.95802532945815,37.58069570997951],[126.95800668310413,37.58068695092755],[126.9580020416172,37.58068669603955],[126.95798330948163,37.58068722341784],[126.9579508266916,37.58068790969868],[126.9579400036229,37.58068813905928],[126.95793693522772,37.58068880375542],[126.95791847223398,37.58068984298298],[126.95790767609103,37.580690491309184],[126.95788596255152,37.580691989734774],[126.9578753622965,37.58069257956634],[126.9578645514623,37.58069318193287],[126.95786182436619,37.580692928648254],[126.95784292616054,37.580690915161554],[126.9578214560081,37.580688563750975],[126.95779780219175,37.58068592591511],[126.95778489369616,37.58068436873435],[126.95777339784624,37.58068319319287],[126.95776265146021,37.58068200171029],[126.9577609164893,37.58068106584346],[126.95775385154221,37.58067823142464],[126.9577509661052,37.58067771679272],[126.95774390115828,37.5806748832743],[126.95773406411821,37.580671309017596],[126.95772429499644,37.580667750102045],[126.9577209941559,37.58066710106834],[126.95771381475815,37.58066445581178],[126.95770459263159,37.58066057904939],[126.95770170651703,37.580659290468816],[126.9576945237207,37.58065665151674],[126.95769171427065,37.58065590716005],[126.95768453147495,37.580653268207364],[126.95768188518196,37.580652295961535],[126.95767470125438,37.5806496579088],[126.9576720389753,37.58064891901225],[126.95763545395769,37.58063523475339],[126.95761629413055,37.58062765123593],[126.95759711895526,37.580619220782545],[126.95757262591673,37.58060564191282],[126.95754582858628,37.580590933243926],[126.95753455908998,37.580584129302096],[126.95749868447363,37.5805695704077],[126.95746933583452,37.5805579808855],[126.9574593236771,37.58055384612703],[126.9574409239799,37.5805435797275],[126.95741307833417,37.580528931002995],[126.9573864893941,37.580514180930194],[126.95736835211294,37.58050434078393],[126.95735424974144,37.58049243347987],[126.95733118174776,37.580473714065064],[126.95730947701028,37.580454668098184],[126.95728576803837,37.58043633946242],[126.95726238721002,37.58041831097328],[126.95724618846045,37.580405995624425],[126.95723864766133,37.5804000381776],[126.95722983578311,37.58038406849351],[126.95722064681057,37.58036828156742],[126.95721855733542,37.58036381189116],[126.95722489406194,37.580349833664116],[126.95723546876198,37.58032541549593],[126.95724252460369,37.5803091238047],[126.95724550612051,37.58030029976176],[126.95724826089442,37.580292019829464],[126.95725704263802,37.580267085622516],[126.95725680659773,37.5802661250826],[126.95725489210322,37.58026249248884],[126.957250192321,37.5802479316883],[126.95724445895604,37.58023142166643],[126.95723265299448,37.580195830980436],[126.9572249342128,37.58017312142657],[126.95722425286206,37.58017091916027],[126.95722344146148,37.580164656099676],[126.95722225853805,37.58014725580734],[126.95722214223086,37.58013910724307],[126.95722116243975,37.580130441188636],[126.95721777653266,37.58010144617696],[126.95721701080494,37.58010026109255],[126.95717418229883,37.58007185313016],[126.95717263032958,37.58007162459762],[126.95716850496045,37.580075455843875],[126.95714010345456,37.58010124851904],[126.95712724896036,37.580113804336925],[126.95712546066174,37.580116918374316],[126.95711934690465,37.580136708943435],[126.9571141791294,37.58015344282131],[126.95711323427645,37.58015649951261]]]}}]}