{"type":"FeatureCollection","name":"safe_medical_representative_parcels_202012","metadata":{"source":"국가공간정보 연속지적도 SHP 서울특별시","snapshot_date":"2020-12","source_crs":"EPSG:5174","output_crs":"EPSG:4326","purpose":"안심주택 의료시설 대표필지 VWorld 실패 시 오프라인 폴백","facility_count":91,"parcel_count":91,"note":"최신 분할·합병 미반영 가능. VWorld 실시간 조회가 우선이며 이 파일은 폴백 전용."},"features":[{"type":"Feature","geometry":{"type":"Polygon","coordinates":[[[126.96906391053636,37.58197384634062],[126.9694063763851,37.58197890442944],[126.96943370509688,37.58174334002702],[126.96944357986774,37.581657956252684],[126.96916737680324,37.58165686276888],[126.9690987251413,37.58165651958015],[126.969079685639,37.58183279228931],[126.96906391053636,37.58197384634062]]]},"properties":{"pnu":"1111011100100450030","jibun":"45-30대","bchk":"1","sgg_oid":166232,"col_adm_se":"11110","facility_name":"종로구보건소","facility_type":"보건소","reference_lon":126.96927846264842,"reference_lat":37.58183450604867,"snapshot_date":"2020-12","source_type":"OFFLINE_CADASTRAL_SNAPSHOT_202012","geometry_quality":"valid"}},{"type":"Feature","geometry":{"type":"Polygon","coordinates":[[[126.99682884117271,37.579083750746385],[126.99690900339192,37.579091961891855],[126.99688540084577,37.57925261588589],[126.99679253653699,37.57924334105257],[126.99665195845573,37.5802230140005],[126.99707068630383,37.58025151971201],[126.9971313743741,37.579737356040546],[126.99747393277414,37.57976106422027],[126.9974093270603,37.58032824197006],[126.99664464169932,37.58027509972354],[126.99663495815285,37.58033773589861],[126.9969348610303,37.580370210465496],[126.99696052534306,37.5803772211335],[126.99700807245819,37.58039629684201],[126.99704433246967,37.58041653437644],[126.99706510518976,37.58043927605855],[126.9970823340129,37.58046922549486],[126.9970921801391,37.58052276247533],[126.99736703484062,37.580476885225856],[126.9974032852959,37.58046753425658],[126.99749221316924,37.5804454811767],[126.99759953844922,37.58040821999166],[126.99767027518499,37.58034992849894],[126.99779710801052,37.58005150784127],[126.99795751418695,37.580064027491346],[126.99799669590023,37.580067380336516],[126.9984922128054,37.580114290425946],[126.99889479660638,37.58015483544161],[126.99946430838956,37.5802108520446],[126.99970766383163,37.58023438979497],[126.99977956329631,37.58024164381701],[126.99988056901041,37.58025099750121],[126.99991256207728,37.58025423248217],[127.00009249843268,37.58023181825154],[127.00009359664843,37.58022765570753],[127.00009501184223,37.58022399771971],[127.0001135002887,37.58015665821549],[127.00013835154391,37.58006464076338],[127.0001692711925,37.57994918871613],[127.00018730666432,37.579881975330125],[127.00020290795216,37.579823366334395],[127.00020790083111,37.579803517657616],[127.00023869576131,37.57968648885929],[127.00035884432137,37.57970387914084],[127.00050790625326,37.57974379421378],[127.00052371015504,37.57975147976293],[127.00058446916093,37.57978164528746],[127.00066257178462,37.57982020810174],[127.00094108895169,37.57987025959311],[127.00110763111415,37.57990127224564],[127.00112462382008,37.5799070566368],[127.00122398762056,37.57993992491349],[127.00133356300049,37.57997638805886],[127.00134747643678,37.5799839833958],[127.0014526254274,37.580040772678295],[127.00153555144873,37.57983491530727],[127.00155277056923,37.57979170399159],[127.00160553725912,37.57966117805019],[127.0015973862021,37.57965759212955],[127.00151810589243,37.579622489720855],[127.00144265211814,37.57958925230336],[127.00136933805521,37.579558150178265],[127.00129952220567,37.57952759761581],[127.00123994047448,37.5795014598706],[127.00122926490093,37.57949649540905],[127.00121990254725,37.579492485995594],[127.00121306474709,37.57948944965342],[127.00114046418729,37.57943965191672],[127.00110311676951,37.57941361327979],[127.00107661470733,37.5793977107708],[127.00102095027101,37.57935735536121],[127.00101223325223,37.57935079614195],[127.00098549351496,37.57933190233594],[127.00094818018755,37.57930324177877],[127.00094167074008,37.57929766464025],[127.0009315839287,37.57928900610956],[127.00089614992305,37.57925804802931],[127.00088357255632,37.579247046916166],[127.00085446689668,37.57922095418463],[127.00078776512314,37.579157587403756],[127.00072877286274,37.57910172585479],[127.00071162166722,37.579115555882986],[127.0005542861019,37.579018167060056],[127.00044912757285,37.57898499182673],[127.00039127758004,37.57903005863861],[127.00031161345106,37.57900383914031],[127.0002581572045,37.57896779010695],[127.00024345178856,37.578949833285634],[127.00024032732478,37.578945337328605],[127.00023661417303,37.578941237799185],[127.00017835861433,37.578870428612895],[127.00028511564982,37.5787486974717],[127.00024797287173,37.578709540197586],[127.00027774694097,37.57868170903646],[127.00033878786569,37.5787202268422],[127.00034115393197,37.578718551030654],[127.00039272077551,37.57866803321185],[127.00041477426855,37.5786234345801],[127.00043246915364,37.57858540409677],[127.00048194120664,37.57855657296799],[127.00048796390881,37.57855160858413],[127.00049725830719,37.57854638294218],[127.00004057171684,37.57837831705768],[126.9999306824138,37.578337879346684],[126.99985800572661,37.57823650833029],[126.99981892724298,37.57821258657624],[126.9997907163432,37.57820156709882],[126.99968580825137,37.578172670871666],[126.9995543760692,37.578137070771334],[126.99936874072674,37.57809840619467],[126.99917473241379,37.57792800788456],[126.99910721798503,37.57786917208769],[126.9990314851405,37.577802722740294],[126.99889604650228,37.57776478826451],[126.99870098295433,37.57771015693931],[126.99860572103486,37.57768371967384],[126.99853699440602,37.57766411248473],[126.9984903542066,37.57764700155769],[126.99839837570772,37.57761356354118],[126.99837112738086,37.57760522868964],[126.99820192075437,37.57755286771182],[126.99813172274948,37.57753162945883],[126.99801486203798,37.57749564063355],[126.9979619730421,37.57747984475245],[126.99794640469412,37.577533317851454],[126.99791049083667,37.577636137376246],[126.99781462240132,37.57797749127441],[126.99778074601768,37.57807734656941],[126.99778173845998,37.578152912359435],[126.99777442888603,37.578307404322565],[126.99777120146491,37.578327775529814],[126.99774318774084,37.57845252525652],[126.99769383944064,37.578698529070365],[126.99740132391682,37.578668858749026],[126.99730990932564,37.57865958437234],[126.99706040135545,37.578634689961],[126.99688804399933,37.57861706903628],[126.9969202135436,37.57868251796525],[126.99688775426948,37.578908222860385],[126.99685282648734,37.578958460499045],[126.99683894433839,37.57900395076371],[126.99682884117271,37.579083750746385]]]},"properties":{"pnu":"1111016600100280021","jibun":"28-21대","bchk":"1","sgg_oid":212851,"col_adm_se":"11110","facility_name":"서울대학교병원","facility_type":"종합병원","reference_lon":126.99896308412191,"reference_lat":37.57966608924356,"snapshot_date":"2020-12","source_type":"OFFLINE_CADASTRAL_SNAPSHOT_202012","geometry_quality":"valid"}},{"type":"Feature","geometry":{"type":"Polygon","coordinates":[[[126.9684390581799,37.56848239948254],[126.96844019063904,37.56848118346578],[126.96849250177009,37.56841848933216],[126.96856167018176,37.56834879019319],[126.96859179895823,37.568329706659405],[126.96865711165617,37.568301749172086],[126.96865021023851,37.56829426904885],[126.96864947682327,37.56828896202409],[126.96866483701538,37.56828883115107],[126.96869009456326,37.56827870205925],[126.96872337190273,37.56825530363349],[126.96873818619355,37.56820938437777],[126.96863923132958,37.56811240151814],[126.96862070394131,37.56810768418863],[126.96862074403242,37.568093736901815],[126.96855752012047,37.56803125375293],[126.9684886616561,37.56796362435039],[126.968323546888,37.56807135425805],[126.96819645061802,37.56798054388919],[126.96805771102235,37.56788135990186],[126.96806041852105,37.56787637820401],[126.96803629407809,37.56785866694539],[126.96802419708659,37.56785163580563],[126.96794899768105,37.56781566501584],[126.9679391123468,37.56782401436614],[126.96790506509669,37.567822572106444],[126.96789967576129,37.56782576908039],[126.96789133324627,37.56782649650511],[126.96786310129816,37.56785626612353],[126.9678540009566,37.567880905558454],[126.96783733795115,37.56788369386978],[126.96775243656842,37.56790131096954],[126.96775500292712,37.56795829921137],[126.96776388659961,37.56816307836039],[126.96770330806628,37.56815943905297],[126.96770015592939,37.56817140327386],[126.96768376117662,37.568231620629625],[126.96766853348429,37.56828916238215],[126.96766362642188,37.56832711059857],[126.96765197243249,37.56841656637454],[126.96764537354855,37.568466091802215],[126.96764339727373,37.568480957540245],[126.9676420911127,37.568490786946526],[126.96763167500237,37.56857111606305],[126.96762821091492,37.56859699144889],[126.96761748174012,37.568693682417646],[126.96766010085081,37.56876396271289],[126.96770632436493,37.56874850599331],[126.96775336543664,37.56872731019495],[126.96789585034428,37.568655839428295],[126.96781690071035,37.568550743678934],[126.96780502962181,37.56849434743978],[126.96788937233761,37.56848715457827],[126.96792255771965,37.56849284926139],[126.96794852637383,37.56851278650653],[126.96799951456013,37.568548975668435],[126.96804205534764,37.568567250768396],[126.96812801263992,37.568594674159776],[126.9681818102632,37.56860069895327],[126.96819195377554,37.5685973771706],[126.96823061296247,37.56861380408104],[126.96826451898835,37.56860274049125],[126.96830772178593,37.56853236745583],[126.96832725443795,37.568516605655475],[126.96837141082577,37.56854189978896],[126.96837536044796,37.568543675844445],[126.96842638062907,37.56848246800894],[126.9684390581799,37.56848239948254]]]},"properties":{"pnu":"1111017700101080001","jibun":"108-1대","bchk":"1","sgg_oid":188284,"col_adm_se":"11110","facility_name":"강북삼성병원","facility_type":"종합병원","reference_lon":126.96793805451702,"reference_lat":37.568497631233825,"snapshot_date":"2020-12","source_type":"OFFLINE_CADASTRAL_SNAPSHOT_202012","geometry_quality":"valid"}},{"type":"Feature","geometry":{"type":"Polygon","coordinates":[[[126.95770900694164,37.57538493063932],[126.9577308543509,37.57538611002777],[126.95782118715645,37.57539100882801],[126.95783518043628,37.57527226390689],[126.95759440624612,37.575259740948844],[126.9575761731463,37.57527252818063],[126.95754965481058,37.575321802301836],[126.95753785022725,37.57537540663698],[126.95770900694164,37.57538493063932]]]},"properties":{"pnu":"1111018700100690002","jibun":"69-2대","bchk":"1","sgg_oid":191619,"col_adm_se":"11110","facility_name":"세란병원","facility_type":"종합병원","reference_lon":126.9577071892358,"reference_lat":37.57534016994642,"snapshot_date":"2020-12","source_type":"OFFLINE_CADASTRAL_SNAPSHOT_202012","geometry_quality":"valid"}},{"type":"Feature","geometry":{"type":"Polygon","coordinates":[[[126.96680436178629,37.56784400346295],[126.96683052816498,37.56782697346519],[126.9668627076095,37.56780426900054],[126.96685671083544,37.56779918566624],[126.96686948311468,37.567789855176585],[126.96687753879426,37.56779747089141],[126.96691612377565,37.56777703878182],[126.96697333198944,37.567749404203624],[126.96702720050364,37.567722903867256],[126.96704870508208,37.56770205226841],[126.96705076686774,37.567698340798515],[126.96707995512122,37.5676817801411],[126.96714031151463,37.56765065056515],[126.96722708215484,37.567727989605096],[126.96722406709445,37.567737106730945],[126.9672394885092,37.56775133781452],[126.96728735579188,37.56777871471685],[126.9673006428016,37.56785650088694],[126.96732059037204,37.567898844105464],[126.9673914550855,37.56788353879965],[126.96747901669453,37.56784067703488],[126.96755062578528,37.567806162777735],[126.96758234902961,37.56779053074363],[126.96765785680024,37.567744962415325],[126.96768433615757,37.56771114690575],[126.9676198627088,37.567685873709934],[126.96758860474525,37.56764906836869],[126.96752137128786,37.56757010443178],[126.96751557947611,37.56756228218525],[126.96745465807918,37.567467534711255],[126.96741996979488,37.56733319634531],[126.96739540988503,37.56722865657943],[126.96745433158152,37.56714052990058],[126.96753696024803,37.56701619929263],[126.96751317512066,37.566999929603746],[126.96748340446517,37.56697881086708],[126.96749508051059,37.56696524534682],[126.96741185570207,37.566882672775485],[126.96726477596312,37.56673655294081],[126.96720681544296,37.566678854830265],[126.96718129156744,37.5666534575552],[126.96715847224908,37.566678840771345],[126.96709609819096,37.566742576545735],[126.96707554504637,37.56676266259409],[126.96702559570912,37.56680913901574],[126.96693696428383,37.566891157095775],[126.96683093958997,37.566939689269795],[126.96672259485658,37.56698716650803],[126.96672033268113,37.566983679016175],[126.9666067257265,37.56702848767095],[126.96659588042347,37.56703214247649],[126.96668030206541,37.56714384492847],[126.96654020270566,37.56722491047994],[126.9665311969984,37.56721585287843],[126.96641680849478,37.56728493374353],[126.9664888725885,37.567366404493896],[126.96658768222781,37.5674754263285],[126.96624346558463,37.567675856957884],[126.96625519764218,37.56768824905167],[126.96623245115873,37.567701865198806],[126.96629221809158,37.567769511227276],[126.96635743180371,37.5678325277672],[126.96637961210311,37.56781943400101],[126.96638976111201,37.56782845591379],[126.96637006723269,37.56784960525732],[126.96641756745242,37.567886776145016],[126.96648349359158,37.567951684901246],[126.9664941596358,37.56794438105101],[126.96651411566458,37.56796772256522],[126.96651054598802,37.567976587231286],[126.96655229570752,37.56801488259408],[126.96680436178629,37.56784400346295]]]},"properties":{"pnu":"1111017700101640000","jibun":"164 대","bchk":"1","sgg_oid":207417,"col_adm_se":"11110","facility_name":"서울적십자병원","facility_type":"종합병원","reference_lon":126.96699861289684,"reference_lat":37.56715536263689,"snapshot_date":"2020-12","source_type":"OFFLINE_CADASTRAL_SNAPSHOT_202012","geometry_quality":"valid"}},{"type":"Feature","geometry":{"type":"Polygon","coordinates":[[[127.00614135805618,37.56716472469631],[127.00595540294916,37.56648573789683],[127.00569908854523,37.56652842707731],[127.00546706410195,37.56656804252036],[127.00517344232843,37.56661874158877],[127.00492313734631,37.56666069909692],[127.004785952816,37.566684020555556],[127.00464355016538,37.56670733298306],[127.00477212077767,37.5669376131577],[127.005157260247,37.567631669333416],[127.0053351335024,37.56795405536494],[127.00548555687568,37.56823130252403],[127.0055049697833,37.568241032543504],[127.00591585192052,37.56817208334311],[127.00624579089083,37.5681172004077],[127.00638993880375,37.56809277776575],[127.0076291998519,37.56788728578803],[127.00736543638142,37.567530940231826],[127.00724180798866,37.56736344353742],[127.00709885677344,37.56717171103479],[127.00704004131262,37.567146666321385],[127.006923057944,37.56712774196698],[127.00684986840147,37.567116212642425],[127.00616040102959,37.5672354515409],[127.00614135805618,37.56716472469631]]]},"properties":{"pnu":"1114014800100180079","jibun":"18-79대","bchk":"1","sgg_oid":126766,"col_adm_se":"11140","facility_name":"국립중앙의료원","facility_type":"종합병원","reference_lon":127.00579539705473,"reference_lat":37.56733955813183,"snapshot_date":"2020-12","source_type":"OFFLINE_CADASTRAL_SNAPSHOT_202012","geometry_quality":"valid"}},{"type":"Feature","geometry":{"type":"Polygon","coordinates":[[[126.98912981641934,37.565252186369705],[126.98915532980625,37.565109283221396],[126.98918410892351,37.56492970115258],[126.98919687305775,37.56488122027944],[126.98920503892006,37.56485022711735],[126.98920196899576,37.56479705944889],[126.98907183189948,37.56476803396267],[126.9890660356694,37.56477452047081],[126.9890413959063,37.56476884164014],[126.9890207641238,37.56475613551606],[126.98871633729492,37.56469221378396],[126.9886565885097,37.56467869245825],[126.98851786991025,37.56466345055457],[126.9885200066281,37.56467786661075],[126.98852185762699,37.564773290538355],[126.98853639964169,37.56491790083767],[126.98853695350324,37.56492224366445],[126.98856020197077,37.56492278681153],[126.98856831848724,37.564982252960576],[126.9885620592074,37.564982522570496],[126.98859786170853,37.565236001656466],[126.98860542898947,37.56526465392564],[126.98868711890826,37.56524916582576],[126.98870830813371,37.56524583446836],[126.98876843455366,37.5652379122759],[126.98878934085023,37.5652343105768],[126.98884432716343,37.565234586788755],[126.98890165654399,37.56523432263228],[126.98894422621782,37.56523459747022],[126.98901498988388,37.56524055151088],[126.98912981641934,37.565252186369705]]]},"properties":{"pnu":"1114016100100850000","jibun":"85대","bchk":"1","sgg_oid":134925,"col_adm_se":"11140","facility_name":"인제대학교서울백병원","facility_type":"종합병원","reference_lon":126.98884533055192,"reference_lat":37.5650731684839,"snapshot_date":"2020-12","source_type":"OFFLINE_CADASTRAL_SNAPSHOT_202012","geometry_quality":"valid"}},{"type":"Feature","geometry":{"type":"Polygon","coordinates":[[[127.01497563220958,37.564821441872645],[127.01508784361839,37.56481151815333],[127.01523244855107,37.56479915789953],[127.01523234787616,37.56474391828796],[127.01523205995541,37.56471688865724],[127.01522710122491,37.56464876546891],[127.01523017984407,37.5646484948148],[127.01522953203995,37.5646340790689],[127.01523279175666,37.564633808393694],[127.01522988270003,37.56450937316421],[127.01522696017027,37.56437312596966],[127.01488613166246,37.56448292351099],[127.01491538548532,37.56458262361997],[127.01493202444426,37.5646489885676],[127.01495709040209,37.56474818458538],[127.01497563220958,37.564821441872645]]]},"properties":{"pnu":"1114016400100500005","jibun":"50-5대","bchk":"1","sgg_oid":139895,"col_adm_se":"11140","facility_name":"중구보건소","facility_type":"보건소","reference_lon":127.01511277015929,"reference_lat":37.56457086900509,"snapshot_date":"2020-12","source_type":"OFFLINE_CADASTRAL_SNAPSHOT_202012","geometry_quality":"valid"}},{"type":"Feature","geometry":{"type":"Polygon","coordinates":[[[126.96577427436482,37.53877250747123],[126.96592744346621,37.538721305262094],[126.96600735809443,37.538843143537335],[126.96610483132214,37.53880205149719],[126.96616988126604,37.53877473486521],[126.96617632108993,37.53877103371235],[126.96628042611819,37.538726618847875],[126.96629112032828,37.538722783809106],[126.9666194933948,37.538582659795914],[126.96674683095128,37.53852962888071],[126.96670648649838,37.53847295355894],[126.96668396736126,37.538454927063064],[126.9663387109804,37.5381667592997],[126.96619837520599,37.53814363397693],[126.9660486526121,37.53818324180013],[126.96605273445161,37.53842795267545],[126.96605909099596,37.53843281093534],[126.96586483580316,37.538585741026544],[126.96577427436482,37.53877250747123]]]},"properties":{"pnu":"1117011200100250002","jibun":"25-2대","bchk":"1","sgg_oid":155229,"col_adm_se":"11170","facility_name":"용산구보건소","facility_type":"보건소","reference_lon":126.96626270649708,"reference_lat":37.53861736581427,"snapshot_date":"2020-12","source_type":"OFFLINE_CADASTRAL_SNAPSHOT_202012","geometry_quality":"valid"}},{"type":"Feature","geometry":{"type":"Polygon","coordinates":[[[127.00375290755717,37.5337338291337],[127.00378123223275,37.533926686265936],[127.00380081714249,37.53393952504694],[127.00417726645603,37.5339065137756],[127.00473670708983,37.533857035305864],[127.00475320178691,37.53383188812487],[127.00471388503168,37.53355069810836],[127.00469928559747,37.53344573274676],[127.00437662503865,37.53347396011865],[127.00404184704468,37.53350288964353],[127.0040494743536,37.53355383165881],[127.00407378187604,37.53370591885351],[127.00386273188356,37.533724213402536],[127.00375290755717,37.5337338291337]]]},"properties":{"pnu":"1117013100106570058","jibun":"657-58대","bchk":"1","sgg_oid":169395,"col_adm_se":"11170","facility_name":"순천향대학교부속서울병원","facility_type":"종합병원","reference_lon":127.00441798640304,"reference_lat":37.53384172231443,"snapshot_date":"2020-12","source_type":"OFFLINE_CADASTRAL_SNAPSHOT_202012","geometry_quality":"valid"}},{"type":"Feature","geometry":{"type":"Polygon","coordinates":[[[127.03294754978579,37.56681550848793],[127.03290342026989,37.566553143371024],[127.0327585786833,37.566569120270344],[127.0326899891034,37.56657658056365],[127.03271806523162,37.566670447138804],[127.03273008012542,37.56671075418788],[127.03261070986647,37.56673643682508],[127.03261397463746,37.56674825693406],[127.03262580977805,37.56679191571766],[127.03264027432444,37.56684372775223],[127.03266226364275,37.56691704439419],[127.03267217765946,37.56691366307201],[127.0327933428906,37.56690308046437],[127.03290286110972,37.566893086471374],[127.03295958962238,37.56688788168503],[127.03294754978579,37.56681550848793]]]},"properties":{"pnu":"1120010300101020000","jibun":"102 대","bchk":"1","sgg_oid":106936,"col_adm_se":"11200","facility_name":"서울특별시장애인치과병원","facility_type":"시립병원","reference_lon":127.032808348431,"reference_lat":37.5667085892056,"snapshot_date":"2020-12","source_type":"OFFLINE_CADASTRAL_SNAPSHOT_202012","geometry_quality":"valid"}},{"type":"Feature","geometry":{"type":"Polygon","coordinates":[[[127.05102796761521,37.55736433216764],[127.05102244009547,37.55722056353032],[127.05101017719123,37.55712586562287],[127.05094665238211,37.556886427130216],[127.05088459725272,37.556746907766765],[127.05078485441493,37.556571580735984],[127.05072613633357,37.556480434042754],[127.05063591410867,37.5563770920131],[127.05038899154295,37.556186608045344],[127.04996097413128,37.55586203155399],[127.04948039121292,37.55553657386489],[127.0494331521843,37.55551764522014],[127.04886461360887,37.55509822936326],[127.0486276370434,37.55492700085155],[127.04853070475352,37.55487170967221],[127.04849985373077,37.55485295432401],[127.04848153658915,37.55484341111377],[127.04845967466478,37.554829850893306],[127.04839489690866,37.55479627869992],[127.04836256702072,37.55478329925032],[127.04828265106474,37.554756202109814],[127.04710408541058,37.55442359389645],[127.0468264806483,37.55435444161334],[127.04688694687452,37.554483611400606],[127.04690174697876,37.55447922690029],[127.04692179914441,37.55460696159839],[127.04723163764626,37.554511877676894],[127.04742752476464,37.55475076232671],[127.04719194219696,37.55489086757285],[127.04715082547573,37.554869872376734],[127.04708690943325,37.55481945061485],[127.04702382037044,37.55471441046826],[127.04696660690311,37.554668301800184],[127.04692699928327,37.55465346871807],[127.04687316362683,37.55463462267173],[127.04682571503348,37.55462268474586],[127.04681508116435,37.55444267096051],[127.04675860159007,37.554336997436444],[127.04654620475814,37.55428393820971],[127.04646681819008,37.55426951657014],[127.04639814045471,37.554259866056356],[127.04628968315538,37.554250032374135],[127.04624274968502,37.55424732916906],[127.04616522642426,37.55424499791148],[127.04618560365194,37.55425591921812],[127.04615309456986,37.55424505655737],[127.04607729307335,37.55424535548312],[127.04622279878323,37.554305973176355],[127.04632531696195,37.55445192178436],[127.04627376972503,37.554455464205354],[127.04621643127078,37.55444531374318],[127.04621557472878,37.55445126961348],[127.0462055933369,37.55452756024205],[127.04618373004186,37.55485219531677],[127.04615535146417,37.554993138943956],[127.046122233053,37.555156726235815],[127.0460807859987,37.55535996923571],[127.04605761956103,37.55547395323423],[127.04597532166038,37.55585686901947],[127.04597466702836,37.55585985154322],[127.04597402429704,37.555863816141695],[127.0459705838957,37.55586391654581],[127.04596704109332,37.55588215391937],[127.04593388171885,37.556035280654264],[127.04592294150208,37.55607956843154],[127.04590962491565,37.55614341759531],[127.04588273735165,37.55626210611136],[127.0458805124776,37.55626994556074],[127.04588472463104,37.55627347585915],[127.04599627921169,37.55636748824225],[127.04600505450288,37.55637475592604],[127.04601869052739,37.556410429993115],[127.04604154066166,37.55646804870139],[127.04608106806752,37.556574927245485],[127.04611058501685,37.55665280668749],[127.04611525515071,37.55666514848661],[127.04611401124878,37.556666851827465],[127.0460119484303,37.55679629952091],[127.04596282111599,37.55685636900368],[127.04585172250934,37.55699829866591],[127.04577431132144,37.55705631541727],[127.04562591124942,37.55716271478509],[127.04555473304445,37.55721627817236],[127.04545109728305,37.55729114398827],[127.04539727177145,37.55733080755784],[127.04533826472556,37.55737380668819],[127.0453322120669,37.557377602101646],[127.04533222388027,37.557378449027745],[127.04533340383747,37.55742211956933],[127.04533651238157,37.55751230750166],[127.04533991280901,37.55765641055643],[127.04534299947979,37.55774786888876],[127.04534646942886,37.55787536666963],[127.0452483585437,37.55793599460983],[127.04489751271423,37.558151388502665],[127.0448675541738,37.558169689597186],[127.04449484886312,37.558202784043864],[127.04425999907073,37.55836648902617],[127.0442370334961,37.55838282327098],[127.04414364324457,37.55844822382593],[127.04409845850648,37.558480108135115],[127.04408730367311,37.55848787868852],[127.04408295881393,37.558489880451994],[127.04397325252181,37.558523085379434],[127.04387512206456,37.55855260100493],[127.04376547202415,37.558585535421905],[127.04364526329107,37.55861996013742],[127.04340188118539,37.55869048609326],[127.04335039213214,37.55870235236028],[127.04334892348038,37.558727346334365],[127.04332111645063,37.558728518458864],[127.04331592660397,37.55883877440224],[127.0433126710241,37.55894713758043],[127.04331158348326,37.55904660722153],[127.04330992066518,37.55912927360818],[127.04330650784286,37.55934116955075],[127.04330378343947,37.55950903388227],[127.04327856034612,37.55953721674916],[127.04320343554411,37.55956320981376],[127.04317652694735,37.55957270673036],[127.04310035671688,37.55965239907481],[127.0430754264025,37.559678131103],[127.04307418215113,37.55967941995594],[127.04306690931634,37.559687639539874],[127.04307420001872,37.55969121390264],[127.0430374300895,37.55979658855282],[127.04301481150954,37.55984805201513],[127.04300405947482,37.55986842716607],[127.04299518498419,37.55988659423221],[127.0429504662685,37.55996540146372],[127.04296615538652,37.55996986486533],[127.04298080475498,37.55997703159845],[127.04301605759484,37.55999292167854],[127.04303899335159,37.560003067767056],[127.043130476003,37.56004342692072],[127.04316679319429,37.560100708036906],[127.04326518021,37.56014147009522],[127.04329665428922,37.56015968597985],[127.04332134152665,37.56014439646097],[127.04335410563579,37.56016219741841],[127.04342588320054,37.56020098659062],[127.0435027469722,37.560207212151795],[127.04349747917598,37.56023874865551],[127.04349340997666,37.560288493729324],[127.0434791555842,37.56038038169818],[127.04346243251968,37.56049011914108],[127.04345336777176,37.560552443797924],[127.0434564582457,37.56055361398649],[127.04353188336412,37.56057709398617],[127.04366501910349,37.56060053533218],[127.04367708528031,37.56060260330017],[127.04393217432761,37.560648633591725],[127.04394967728217,37.56071782328741],[127.04398709477834,37.56075780475326],[127.04399883828533,37.56076959447964],[127.04401367197032,37.5607620658807],[127.0440499540868,37.56079565972036],[127.04409215842347,37.56083425190442],[127.04419325842875,37.56092610731138],[127.04423679194389,37.560893836150896],[127.04426704451821,37.560912565780264],[127.04430388022011,37.56088470285759],[127.04427458315683,37.5608347446007],[127.04440047343549,37.560774666026354],[127.04447351097755,37.56073902336859],[127.04449722723595,37.560727950588884],[127.04453822097119,37.56070789765658],[127.04461646229973,37.5606681264826],[127.04471374614143,37.560618581566736],[127.04484468012043,37.560552599190984],[127.04489518910911,37.56052736195325],[127.0449195948321,37.56059295402267],[127.04508314022512,37.56057349549292],[127.04508787689363,37.56054447287681],[127.04524640922456,37.56058476958711],[127.04524706321588,37.56058057073436],[127.04525017631477,37.560562306526435],[127.04530065651794,37.56056546831169],[127.04531535154926,37.560495374896604],[127.04532158157652,37.560465459737316],[127.04532869195998,37.560431372669925],[127.0453427771028,37.560363558979375],[127.04528844956802,37.56036150685521],[127.0453025150169,37.56025999617103],[127.04530802932483,37.56022551326016],[127.04534779995015,37.56022430919798],[127.04534692658243,37.56016312332868],[127.04534583094512,37.560147563647476],[127.04534565799946,37.560084170093184],[127.04534639586448,37.56006860072131],[127.04534785587339,37.560068591169454],[127.04545201456668,37.56006803889595],[127.04545168740246,37.55997345314253],[127.04553402964622,37.55998080157996],[127.04557570427599,37.55998422781714],[127.04560567994739,37.5599940644436],[127.0456228851055,37.559978092484656],[127.045637843719,37.559875860628786],[127.04564075236006,37.55985656034686],[127.04566603331592,37.559870227917784],[127.04590938656119,37.55999620312814],[127.04604344412824,37.559819432573725],[127.04563787075418,37.559576191504185],[127.04564674705298,37.55956224086904],[127.04605956655485,37.55981004719226],[127.04607068470771,37.55981671932993],[127.046059579319,37.559831490737665],[127.04600271783481,37.55990709618251],[127.04605963629658,37.559927211840176],[127.0460809184623,37.5599347270723],[127.04616724486382,37.559942460989944],[127.04622150105433,37.55997711954635],[127.04623946454932,37.55994249672812],[127.04625089342035,37.5599198325133],[127.04632043325795,37.55984846579977],[127.04635626619925,37.55986809376914],[127.04646817722139,37.559735398534144],[127.04631646569261,37.55964889812758],[127.04614435591117,37.55955600821007],[127.04605940017171,37.55953052426394],[127.04605628716556,37.559529525339805],[127.0460252459046,37.55951659883444],[127.0459607920334,37.55948072768783],[127.04594178154818,37.55946757138419],[127.04583539539715,37.55939391041514],[127.04580454257852,37.55939325525868],[127.04577360214846,37.55939755556964],[127.04575889714141,37.55941140027998],[127.04572815912975,37.55939435606028],[127.04574123099502,37.55937479969149],[127.0457401082516,37.559332642809665],[127.0457577974826,37.55931258916519],[127.04587350165332,37.55937328146532],[127.04593322002317,37.55942062403883],[127.04601970493337,37.55946754204162],[127.04603967606648,37.55947837341745],[127.04613870658552,37.55951517749875],[127.04614544865287,37.559509516736384],[127.04642677932252,37.559664875816814],[127.04645122883892,37.55966969581913],[127.04647552653825,37.559666713304885],[127.04649265607132,37.559657165302525],[127.04656004723022,37.559570635609234],[127.04657093922349,37.55954002483903],[127.04656794619397,37.559493931355625],[127.04654472859298,37.55946734299988],[127.04651977422,37.55943217788075],[127.0461984875706,37.55909826701251],[127.04619837492963,37.55908021122321],[127.0461185014217,37.55907375429499],[127.04612970621656,37.55897913714146],[127.04611418130231,37.55890833423025],[127.04610949353089,37.558885622051676],[127.04614370608304,37.55888387021649],[127.0461938936503,37.55900533167122],[127.04626987594564,37.55911004294154],[127.0465930459052,37.55945089051544],[127.04661844310192,37.55945079972846],[127.04664490808263,37.559438419030336],[127.04667191065425,37.55945417602467],[127.04667713609813,37.55946729243425],[127.04652003822693,37.55968297722951],[127.04651927576995,37.5597137012628],[127.04653549138341,37.559727660419156],[127.0467901169083,37.559870099606954],[127.04681822985792,37.55986887248892],[127.04684034646503,37.55985251104245],[127.04699370082072,37.559660829630275],[127.0470338449391,37.559511312968475],[127.0470350818091,37.559479399441756],[127.0470423291017,37.559467152199744],[127.0470519167848,37.5594509577205],[127.04707140886252,37.55941828032071],[127.04706272902746,37.55941984238096],[127.04704080401825,37.559415985590626],[127.04708305011377,37.55935462091601],[127.04719542680742,37.55928360654817],[127.0473783664083,37.55917004698845],[127.04737976979378,37.559170010403804],[127.0473930967749,37.559142750291294],[127.04736527689796,37.5591231015033],[127.0473774068911,37.55904484584485],[127.04744392473755,37.55905008177103],[127.04750465799219,37.55905334674549],[127.04751164429004,37.55900334811024],[127.04751881180769,37.558990407107096],[127.04755781904674,37.558908464916726],[127.04756463654165,37.558878504352684],[127.04767314238144,37.55884579210431],[127.04767708611969,37.558835807597355],[127.0477025876974,37.55876679082769],[127.04772715170913,37.55870077471427],[127.04772920794206,37.55869495351625],[127.04777276452299,37.558649634700906],[127.04782733203047,37.55860243749271],[127.04788721594552,37.55855064312386],[127.0479807055057,37.5585408846947],[127.0480085282881,37.558547081562395],[127.04803391659705,37.55855139631413],[127.04806827062575,37.558559068217704],[127.04811305673184,37.558598495881625],[127.04832519819038,37.5586742753084],[127.04837196682044,37.558698367243245],[127.04845911166046,37.558749761121625],[127.04859649933987,37.558842265091265],[127.04869471207336,37.55889175329293],[127.04878337033314,37.55893743405125],[127.04888346364541,37.558989417083524],[127.04897234783459,37.55903406147046],[127.04900026666134,37.55904851113013],[127.04905087209168,37.55908981916291],[127.04911257481815,37.55914024071584],[127.04914257139454,37.559164942765705],[127.0492140792421,37.559239038316115],[127.04926506686985,37.559293608667836],[127.04929017505134,37.559319556021755],[127.04929818216739,37.5593280310938],[127.04931162627942,37.559343450594255],[127.04933775967774,37.55941511373316],[127.04935750804324,37.559466236890806],[127.04936392457374,37.559482857548105],[127.04940495692465,37.55954393701511],[127.04944429479475,37.55950388107964],[127.0494870747615,37.55946618432513],[127.04952678850962,37.55942998444425],[127.04956118608128,37.55939884126439],[127.04963056138092,37.55937647748542],[127.04971151101952,37.559348270529675],[127.0496884804977,37.559279912838726],[127.04964180301806,37.55927558910215],[127.0495595852989,37.55926770288395],[127.04954614789214,37.559262788947315],[127.04945233575002,37.559229427384494],[127.04938914951822,37.559178114631685],[127.04937893567269,37.55918770530143],[127.04936881257106,37.559179915844275],[127.04931019637098,37.55912475397108],[127.04930574520907,37.55911963815168],[127.04932192774915,37.559081213404475],[127.0493390388034,37.55909665844756],[127.04931554517655,37.55911768804753],[127.04937791620031,37.55916864978475],[127.04938275737285,37.5591641969338],[127.04941430176154,37.55918448343805],[127.04943114866482,37.55915851008306],[127.04946579199942,37.55910479704031],[127.04942911494943,37.559093252231456],[127.0494262044024,37.55909032519618],[127.04943201829117,37.55908492590941],[127.04947266795746,37.55909658623269],[127.04949925081644,37.55905716614815],[127.04956590275802,37.55907710497479],[127.04956258978999,37.55909963106302],[127.04963232480884,37.55912669542525],[127.04963727139258,37.559127792616806],[127.04961274942941,37.55920399929754],[127.04959498246524,37.55925995798618],[127.04968365231564,37.55926936422037],[127.0497357967877,37.55927444253927],[127.04974827308207,37.559228054500174],[127.0497565398507,37.55921788796071],[127.0498010145823,37.55921126552923],[127.0498000825813,37.55922269946817],[127.04976156001261,37.55922776976544],[127.04974582529813,37.55927587101706],[127.04987867198611,37.559290439742824],[127.04990107658183,37.559283177598374],[127.05006941480985,37.55929589354252],[127.05012591548238,37.55929911385931],[127.05012581244193,37.55933214417937],[127.05013121864883,37.55934384580818],[127.05015955403057,37.5594414383377],[127.05014932728545,37.55946591342629],[127.05012824095274,37.559516368513535],[127.05013054236423,37.55966172420659],[127.05016916518149,37.559671276807805],[127.05026939832779,37.55946586391265],[127.05033485211467,37.55933114794129],[127.0503895325007,37.55921588875531],[127.05045237589216,37.55908797626509],[127.05057262864811,37.558830837988886],[127.05065485770275,37.558649722897506],[127.05072826843936,37.55848363992699],[127.05077380501675,37.558354382976994],[127.0507888312493,37.55829727197945],[127.05074270289579,37.55830104834569],[127.05069637083135,37.55830484279856],[127.05060543263626,37.5583038084606],[127.05051448312003,37.55830276504742],[127.05056323092327,37.558220358308546],[127.05061197861335,37.55813794253852],[127.05060501555977,37.558099320002704],[127.05059804119577,37.55806069747089],[127.05060723377962,37.558030249205466],[127.05061641503835,37.5579998009439],[127.05065682953925,37.5579641860262],[127.05069744750561,37.55792824665342],[127.05071987907186,37.5578594647582],[127.05074252541793,37.557790358412035],[127.0507337693925,37.55776171058613],[127.0507250133738,37.55773306275942],[127.0507413942203,37.557722388212525],[127.0507577750562,37.557711704653414],[127.05076642775134,37.557686518379505],[127.05077508044067,37.557661332104836],[127.0507825583033,37.55763949800174],[127.05079003616159,37.55761766389811],[127.05082672162274,37.55753969494378],[127.05086340700753,37.55746172597706],[127.050885956953,37.55745274269231],[127.05090851820466,37.5574437503886],[127.05091698439767,37.55744476496558],[127.05092545058494,37.55744577053205],[127.05089206185956,37.55749424874215],[127.05085866176742,37.55754271793728],[127.05085294619491,37.557576741701745],[127.05084724192882,37.55761075645109],[127.05083012268041,37.557651533391315],[127.05081300341337,37.5576923103288],[127.05079053880456,37.55772789078297],[127.05076806285086,37.557763462227484],[127.05080971126043,37.55778014018988],[127.05085134836494,37.557796809132356],[127.05087399333384,37.557760147403876],[127.05089663827462,37.55772347666096],[127.05091764961982,37.557680986202676],[127.05093866093527,37.55763848673048],[127.05095780001712,37.557605835857025],[127.05097692775874,37.55757317597514],[127.0509879293225,37.55755740404434],[127.05099893087569,37.55754162310257],[127.05100490425745,37.557538160798295],[127.05100491551542,37.557538070694605],[127.05101060854169,37.5575042901993],[127.05099487513725,37.5574327852284],[127.05102767445617,37.557417310494486],[127.05102796761521,37.55736433216764]],[[127.0493918226824,37.5561739792163],[127.04927806727815,37.556131156174864],[127.0490375438123,37.55590588856584],[127.04911941952194,37.555862373805695],[127.04932472496425,37.555753262049755],[127.04940546560586,37.55582885844329],[127.04941881875955,37.5558622527304],[127.04944336004576,37.55592365425748],[127.0493918226824,37.5561739792163]],[[127.0491406126636,37.559057059060464],[127.0491061587987,37.55903530504217],[127.04912359970507,37.5590178278231],[127.04903844498907,37.558964802845516],[127.04909656683769,37.55890158402722],[127.04916163410874,37.558832740202035],[127.04925774345628,37.55888435511961],[127.04915136798138,37.55899130950976],[127.04918892623964,37.559018288001546],[127.0491406126636,37.559057059060464]],[[127.04848465583012,37.55582843541489],[127.04849279050812,37.55580648405987],[127.0485117768757,37.55576397680135],[127.04853426213202,37.5557064306211],[127.04847404115473,37.555685650721834],[127.04847814355935,37.555676458991016],[127.0485378984049,37.55569386937078],[127.04855653431336,37.55565204699629],[127.0486027324762,37.5555997531358],[127.04862113183499,37.55561373817456],[127.04858123557297,37.55566312834235],[127.04854424487216,37.555743880805444],[127.04854325474831,37.55575310733861],[127.04854784217854,37.55575935838305],[127.04856320502131,37.555767758501084],[127.04852018053307,37.55579191316016],[127.04850122004834,37.55580354347836],[127.04848465583012,37.55582843541489]],[[127.04596649516672,37.5574401279971],[127.04595013765092,37.557395832481305],[127.04601597126677,37.5573759588833],[127.0460292763924,37.55738776584586],[127.04603095726209,37.55741666896747],[127.04596649516672,37.5574401279971]],[[127.04722259812017,37.55922346398887],[127.04710569624494,37.55918601900351],[127.04713208794897,37.55916511486233],[127.04714773084923,37.559186453261965],[127.04721100475992,37.559198511064],[127.04721369750125,37.55919704140891],[127.04721994175576,37.559191840282246],[127.04723414815676,37.55919601537453],[127.04723216008666,37.5592023410912],[127.04722259812017,37.55922346398887]],[[127.04724868970735,37.557822532030755],[127.0472333508983,37.557816870744446],[127.04724577150299,37.5577883315877],[127.0472585967712,37.557792308995204],[127.04724868970735,37.557822532030755]],[[127.04695954507051,37.55929073429053],[127.04694147183544,37.559274280164836],[127.04698573273194,37.55926917253855],[127.04695954507051,37.55929073429053]]]},"properties":{"pnu":"1120010600101100000","jibun":"110 학","bchk":"1","sgg_oid":117469,"col_adm_se":"11200","facility_name":"한양대학교병원","facility_type":"종합병원","reference_lon":127.04488284061982,"reference_lat":37.559944533564746,"snapshot_date":"2020-12","source_type":"OFFLINE_CADASTRAL_SNAPSHOT_202012","geometry_quality":"valid"}},{"type":"Feature","geometry":{"type":"Polygon","coordinates":[[[127.03284604202977,37.566898273234735],[127.03291614110132,37.567304375143316],[127.03338440031783,37.56725589364471],[127.03338105359092,37.56723801893819],[127.0333505139308,37.567076236687505],[127.03332636127209,37.56694805056292],[127.03330855069069,37.56685444266013],[127.03316392278767,37.5668683387151],[127.03297323978035,37.566886634685204],[127.03290286110972,37.566893086471374],[127.03284604202977,37.566898273234735]]]},"properties":{"pnu":"1120010300100160015","jibun":"16-15 대","bchk":"1","sgg_oid":135880,"col_adm_se":"11200","facility_name":"성동구보건소","facility_type":"보건소","reference_lon":127.033214753272,"reference_lat":37.5670791452692,"snapshot_date":"2020-12","source_type":"OFFLINE_CADASTRAL_SNAPSHOT_202012","geometry_quality":"valid"}},{"type":"Feature","geometry":{"type":"Polygon","coordinates":[[[127.0835597087696,37.53550942229306],[127.08373783629371,37.53555760966742],[127.08378511285467,37.53543918625378],[127.08383227622353,37.53532085299712],[127.0835525126627,37.53525095039049],[127.0835081516095,37.535242331661735],[127.08355396272542,37.535128684615195],[127.08356039422911,37.53511264246964],[127.0835996609561,37.535015398024484],[127.08364219958969,37.53490986215237],[127.0835125050592,37.53487832740587],[127.08355831604554,37.53476477045012],[127.08352583597781,37.534756954367275],[127.0834693104448,37.53490151291132],[127.08338081023868,37.53487986035308],[127.08335161202254,37.53487276274218],[127.08320686567573,37.53483736381758],[127.08316636959431,37.53494893477664],[127.08312598633773,37.53506032544313],[127.08328351984473,37.53509733740077],[127.08329768920171,37.53512174450427],[127.0832664720523,37.535130866147234],[127.08322712332264,37.53524673406459],[127.08335160088899,37.53527676807876],[127.08333320857267,37.53532237107319],[127.08328738539439,37.53543574774097],[127.08341868043541,37.535471245990976],[127.0834614608771,37.53548283912678],[127.0835597087696,37.53550942229306]]]},"properties":{"pnu":"1121510500106270003","jibun":"627-3대","bchk":"1","sgg_oid":93213,"col_adm_se":"11215","facility_name":"혜민병원","facility_type":"종합병원","reference_lon":127.08360130258502,"reference_lat":37.535315660180416,"snapshot_date":"2020-12","source_type":"OFFLINE_CADASTRAL_SNAPSHOT_202012","geometry_quality":"valid"}},{"type":"Feature","geometry":{"type":"Polygon","coordinates":[[[127.08307995977151,37.53916341555864],[127.08318638090525,37.53821408324326],[127.08290733641435,37.5382009682187],[127.08283079728598,37.53803826562321],[127.08269415706891,37.53774139242194],[127.08267723591239,37.5377046435475],[127.08248856944738,37.53767677019607],[127.08217328944549,37.53779239409717],[127.08198646117768,37.537864195515155],[127.08190822941651,37.537893269769384],[127.08183074583543,37.53792372198173],[127.08182575819093,37.53792567151773],[127.08182148308481,37.53792735928115],[127.08165621871473,37.53800874108297],[127.08166529600575,37.53805381158811],[127.0816840535072,37.538146952491644],[127.08170209446163,37.538236570995835],[127.08172051088842,37.53832809934532],[127.08167583177377,37.538340959814654],[127.08167716082431,37.53834585130268],[127.08170597893573,37.538451220849076],[127.081727311456,37.538529241334615],[127.08176968130881,37.53868421932025],[127.08189658147877,37.53875280667495],[127.08236594432871,37.538988690502514],[127.08267288634778,37.539088850545326],[127.08282029981658,37.53914525940469],[127.08307995977151,37.53916341555864]]]},"properties":{"pnu":"1121510500107770000","jibun":"777대","bchk":"1","sgg_oid":91615,"col_adm_se":"11215","facility_name":"광진구보건소","facility_type":"보건소","reference_lon":127.08249786939318,"reference_lat":37.53811493772281,"snapshot_date":"2020-12","source_type":"OFFLINE_CADASTRAL_SNAPSHOT_202012","geometry_quality":"valid"}},{"type":"Feature","geometry":{"type":"Polygon","coordinates":[[[127.07178320154662,37.54102935247976],[127.07192595553602,37.54133355957668],[127.07297338647247,37.54101624969542],[127.07227457308541,37.53953640299644],[127.0720627935188,37.53960870820248],[127.07199071826277,37.53963309605197],[127.07150613302528,37.53979818476493],[127.07124449162673,37.539887321549806],[127.07178320154662,37.54102935247976]]]},"properties":{"pnu":"1121510700100040012","jibun":"4-12학","bchk":"1","sgg_oid":105287,"col_adm_se":"11215","facility_name":"건국대학교병원","facility_type":"종합병원","reference_lon":127.0721229093036,"reference_lat":37.54084479467721,"snapshot_date":"2020-12","source_type":"OFFLINE_CADASTRAL_SNAPSHOT_202012","geometry_quality":"valid"}},{"type":"Feature","geometry":{"type":"Polygon","coordinates":[[[127.04982293221862,37.584250956047356],[127.04986524574839,37.58420570924172],[127.04989797855755,37.58422641850382],[127.0499281851631,37.58419234885967],[127.04996280388966,37.58415323187694],[127.04985857809417,37.58404930084521],[127.04984320166879,37.58408165252954],[127.04981254505788,37.58412013716686],[127.04977452769901,37.58415601194639],[127.04974123061922,37.584138005837595],[127.0497096626885,37.58416793145549],[127.0498129644396,37.58424357204253],[127.04982293221862,37.584250956047356]]]},"properties":{"pnu":"1123010700100400012","jibun":"40-12대","bchk":"1","sgg_oid":154386,"col_adm_se":"11230","facility_name":"서울성심병원","facility_type":"종합병원","reference_lon":127.04983805981972,"reference_lat":37.58419129209865,"snapshot_date":"2020-12","source_type":"OFFLINE_CADASTRAL_SNAPSHOT_202012","geometry_quality":"valid"}},{"type":"Feature","geometry":{"type":"Polygon","coordinates":[[[127.06558376172813,37.58871028788447],[127.06565794705774,37.58829010026381],[127.0656711763452,37.58824308868455],[127.06573014564744,37.58812825310505],[127.06574277579432,37.588056059309146],[127.06574044312252,37.587950275917756],[127.06576461465728,37.58792244034486],[127.06552959757431,37.58789240303556],[127.06516533339895,37.58802940557511],[127.06465315286324,37.58821779729036],[127.06447893164776,37.588290734982806],[127.06428719365157,37.58836252847195],[127.06435161281026,37.58835742165501],[127.06481069792603,37.588320794626654],[127.064821792112,37.588439250191556],[127.06518452029945,37.58852965817277],[127.06522371297433,37.58860356284889],[127.06536025462847,37.588650970993115],[127.06534799408314,37.58866595199394],[127.06534508643071,37.588668494343814],[127.06527425890651,37.588753531542615],[127.06515346835894,37.588801520110074],[127.06507067720051,37.58881180891042],[127.06507252555899,37.588841765665734],[127.06529466676723,37.58885241262989],[127.06558376172813,37.58871028788447]]]},"properties":{"pnu":"1123010900100290002","jibun":"29-2대","bchk":"1","sgg_oid":152107,"col_adm_se":"11230","facility_name":"삼육서울병원","facility_type":"종합병원","reference_lon":127.0653288266823,"reference_lat":37.587992001305395,"snapshot_date":"2020-12","source_type":"OFFLINE_CADASTRAL_SNAPSHOT_202012","geometry_quality":"valid"}},{"type":"Feature","geometry":{"type":"Polygon","coordinates":[[[127.031738660109,37.57552440270465],[127.0317843719886,37.575525850593976],[127.03186879950555,37.575527973269374],[127.03191857518738,37.575528969568424],[127.03201386972897,37.575529981127204],[127.03207770554118,37.57553180263469],[127.03224676509652,37.5755378043772],[127.03229677467776,37.5755019681023],[127.03230415185979,37.57535562784797],[127.03230990652041,37.5752552924175],[127.03231221176995,37.575217891838925],[127.03230907511207,37.57521557712],[127.03226869195105,37.5751785931118],[127.03196872368056,37.575166660701605],[127.03191842857461,37.57516828643006],[127.03188902965954,37.57516758221658],[127.03182774127187,37.57516590411088],[127.03182259044887,37.57516560810737],[127.03181862832987,37.57516551001571],[127.03176344148845,37.57516368615258],[127.03174539676579,37.57516298800391],[127.03166525980794,37.57516031454238],[127.03160870336103,37.57515882432191],[127.03150746536707,37.575155786724665],[127.03139168060991,37.575152040942406],[127.03138228462674,37.57515154777657],[127.03133769601295,37.57518432795067],[127.03133606642095,37.57518563479366],[127.03133926303644,37.57513966562035],[127.03124464171059,37.575179251829745],[127.03124272877834,37.575179720824735],[127.03113370296832,37.57517798228899],[127.03112185054064,37.575177606846935],[127.03108813860494,37.57517685846603],[127.03104643450435,37.57517589583779],[127.03100672277891,37.57517496873665],[127.03099570817696,37.575174917428036],[127.03095352865036,37.575174008944884],[127.03090999077904,37.575173308011884],[127.03084943844212,37.57517218782713],[127.03079350481923,37.57517121963398],[127.03076706057345,37.57517072163545],[127.03075407612616,37.5751703464369],[127.03074731779977,37.5751699606858],[127.03072853939376,37.57549351883072],[127.03075468965524,37.57549460255225],[127.03078234551758,37.5754956949047],[127.03081385020027,37.57549659708838],[127.03084767563564,37.57549774195367],[127.03088322176102,37.57549890440105],[127.0309114549078,37.57549986143159],[127.03093986914423,37.57550072831152],[127.03097727180133,37.575501899277775],[127.0310103161034,37.575502945182784],[127.0310255873802,37.575503508988895],[127.0310537639647,37.57550455609823],[127.03108625364669,37.57550578231815],[127.03110942657777,37.57550659641061],[127.03113948235914,37.575507715107456],[127.03116772681132,37.57550861801465],[127.03117893396437,37.57550881341677],[127.03135770567746,37.57551351657058],[127.03135974327719,37.5755133899174],[127.03136608297085,37.57551423524268],[127.03163118412661,37.57552133077085],[127.031738660109,37.57552440270465]]]},"properties":{"pnu":"1123010200101180020","jibun":"118-20대","bchk":"1","sgg_oid":188549,"col_adm_se":"11230","facility_name":"서울특별시동부병원","facility_type":"시립병원","reference_lon":127.03140257525507,"reference_lat":37.57539886464885,"snapshot_date":"2020-12","source_type":"OFFLINE_CADASTRAL_SNAPSHOT_202012","geometry_quality":"valid"}},{"type":"Feature","geometry":{"type":"Polygon","coordinates":[[[127.04004638886374,37.5738786552209],[127.03996575658323,37.57370307906777],[127.03967752411548,37.573786919356856],[127.03962278840577,37.573802415998465],[127.03950131925902,37.57383649444283],[127.03940188711665,37.57386468224541],[127.03937768843706,37.57387168166968],[127.039354519748,37.57387842848243],[127.03932918918855,37.57388568954583],[127.03929024259622,37.57389685623601],[127.03918740328963,37.57392569365862],[127.03919887001928,37.57414945020446],[127.03922342164437,37.574572879361135],[127.03923136305093,37.57469700583731],[127.0392329718644,37.57472213385732],[127.0392459758552,37.574940844348724],[127.03942545494051,37.574980457324095],[127.03982574100115,37.5750100787184],[127.04021163266047,37.5748954013653],[127.04040842640877,37.57483710590109],[127.04046538075305,37.57482023866538],[127.04047636411228,37.574803864103906],[127.04040833238811,37.57465629581586],[127.04033661774412,37.57450073693883],[127.04012645380874,37.57405091586579],[127.0400552446318,37.573885454785156],[127.04004638886374,37.5738786552209]]]},"properties":{"pnu":"1123010200100390009","jibun":"39-9 대","bchk":"1","sgg_oid":190514,"col_adm_se":"11230","facility_name":"동대문구보건소","facility_type":"보건소","reference_lon":127.0402548147166,"reference_lat":37.57468135062168,"snapshot_date":"2020-12","source_type":"OFFLINE_CADASTRAL_SNAPSHOT_202012","geometry_quality":"valid"}},{"type":"Feature","geometry":{"type":"Polygon","coordinates":[[[127.05001194938883,37.59429099547865],[127.05002282676969,37.594302064105214],[127.05002390317954,37.59430316286363],[127.05009001410488,37.594365474774506],[127.05008884076322,37.5943894594561],[127.05009332721892,37.59439329580254],[127.05008832686798,37.594417606413124],[127.05007145202956,37.594499584894635],[127.0499530538145,37.59456435122699],[127.04986867882245,37.594624931952126],[127.04934611547591,37.594927406992404],[127.04836798231028,37.595506104884116],[127.0477914120759,37.59581893771789],[127.04769295200772,37.5958865680908],[127.04741858947409,37.59607512489706],[127.04733137947927,37.59613506519763],[127.04737607311804,37.59628297138022],[127.04743159152491,37.59646672348021],[127.04781971939438,37.59674930961302],[127.04789653516927,37.596890742924444],[127.0479216001186,37.59693689047337],[127.04796558377234,37.59725157779399],[127.04818239503243,37.59735853815872],[127.04833926388106,37.5974359336099],[127.0485621066302,37.597624781288395],[127.04866206001604,37.59778589134913],[127.04883760837066,37.59785391744998],[127.04890602232254,37.59793750128601],[127.0490690967785,37.598136733281436],[127.04907231466518,37.598157598765255],[127.04907627166247,37.598183284213384],[127.04909877831861,37.59828232026895],[127.04911853698188,37.59836925721742],[127.04910827242593,37.598627726506265],[127.04910274954744,37.59872154814669],[127.04917102514403,37.5988173041593],[127.04937870916211,37.59910858016837],[127.04956591635258,37.5994451565698],[127.04971871250258,37.599712704357074],[127.0497466462693,37.59976161634307],[127.04993847091315,37.599826750984064],[127.04999711739089,37.59986117150479],[127.0502349288748,37.59999532010827],[127.05041197680573,37.60009518397107],[127.05037344554162,37.600378892529264],[127.05034199148302,37.60061052130431],[127.05101384879109,37.601174139825254],[127.05118553140814,37.60122065754595],[127.051198975629,37.60122430987953],[127.0517177696426,37.60075189411756],[127.05177903296423,37.60054977751355],[127.05179289682332,37.6005040377008],[127.05209937816304,37.600146180371844],[127.05203348530742,37.600131729788735],[127.05210962633305,37.60004574337237],[127.05225470965296,37.5998794226486],[127.05231249612899,37.599813175520886],[127.05238429073412,37.59973103799205],[127.05247688379475,37.59962723180116],[127.05262665891459,37.599452151024586],[127.05298077687446,37.59928312584561],[127.05300488880701,37.59927161878226],[127.05334174133485,37.599273300365375],[127.05334396563634,37.599198616873174],[127.05334665445537,37.59910795873966],[127.05334165032266,37.599011447590065],[127.05333670374682,37.598916269868894],[127.05333734614537,37.59889552894741],[127.0533377447868,37.598882527580905],[127.0535433718314,37.59870051054359],[127.05340551261857,37.5984673156016],[127.05342156500373,37.598150793019016],[127.05342490186507,37.59806405386125],[127.05342622874981,37.59803434784843],[127.05343025352192,37.59794354495015],[127.05366714317202,37.597778929929504],[127.05365757229012,37.59771057652818],[127.05363289979942,37.59753443610726],[127.05376917744358,37.5974181489653],[127.05374633803333,37.59736994743536],[127.05370950473069,37.59729221784274],[127.05385356318891,37.59696871891526],[127.05385644615689,37.596962248573554],[127.05384338284689,37.5966284038305],[127.05411824058088,37.59637525837881],[127.05435296146541,37.59616328719299],[127.05449652909637,37.59603292255323],[127.05450385460527,37.59588816718878],[127.05456586530839,37.59584589220054],[127.05466207853537,37.59578031135082],[127.05476377361941,37.595605627801106],[127.05473258675211,37.59555449300442],[127.0547014452656,37.59550342124744],[127.05466981635666,37.59543563644814],[127.05468368597896,37.59530631196725],[127.0546989502827,37.59516384149642],[127.05456505331617,37.59468598375062],[127.05445122332543,37.59427307777625],[127.05482767068371,37.593969970448946],[127.05482745966695,37.5938487521255],[127.055306921052,37.593672833681296],[127.05534525069699,37.59365876986448],[127.05551863883001,37.59357852109151],[127.05559345898685,37.593559665278335],[127.05556753029829,37.593498428241475],[127.05545256475133,37.59352550134499],[127.055376865233,37.593376837459225],[127.05534084944196,37.59339619801968],[127.05532936125273,37.593402645295086],[127.05535053744218,37.59345286551477],[127.05521823287833,37.59347507197128],[127.05519357547573,37.59338616504478],[127.05511592778193,37.593393606417685],[127.05511551933705,37.5933766771079],[127.05506798970282,37.59338260913634],[127.05506644833194,37.593364788365825],[127.05499641287021,37.593360846774786],[127.05498501052244,37.593360698772656],[127.05497395329924,37.59330482473284],[127.05484347465682,37.59331504685141],[127.05486581133813,37.59338939499462],[127.05472126470013,37.5934248508957],[127.05474867436831,37.59349971934403],[127.05464785643314,37.59350263890414],[127.05463256361664,37.593493122382256],[127.054622382283,37.59349036995108],[127.05460926764754,37.59348670884418],[127.05453655712002,37.59347889395105],[127.0544422521521,37.59346896237396],[127.05436293998496,37.5934606277626],[127.05434940632347,37.59350489016936],[127.054386613062,37.59363202942365],[127.05422075606528,37.59363576158689],[127.0542213853433,37.59356470968538],[127.05409429639445,37.59358156971628],[127.05411028993922,37.593637585794276],[127.05412875409753,37.59379319556875],[127.05413697978283,37.59386484717958],[127.05413818244973,37.59386828840327],[127.05396247350427,37.593903793299226],[127.05391293178671,37.593931367397396],[127.05385710880354,37.593930995729046],[127.0538006478786,37.59389274693952],[127.05374616256702,37.59399177120668],[127.05363275302379,37.59397896428567],[127.05362688574435,37.593976200854314],[127.05357867845599,37.59395282356479],[127.0535367126892,37.59393301140269],[127.05346146786786,37.59389605913454],[127.05347580299816,37.593831100871384],[127.05346258214321,37.59382124091241],[127.05340419420274,37.59377956003043],[127.05342522358106,37.593717923461384],[127.05331608369426,37.59362400775327],[127.053296535478,37.59364993764732],[127.05329812296729,37.593685895233435],[127.05327500054773,37.59368475211407],[127.05314248205607,37.59367741306289],[127.05314025218482,37.59384245633524],[127.052920515398,37.593823667595906],[127.05292017472935,37.593805783206804],[127.05286612881348,37.593804320104944],[127.0528821268106,37.59381865681413],[127.052916077418,37.59387401652822],[127.05291470990895,37.593894235210094],[127.05284609814073,37.593968902598476],[127.05283020205682,37.593855655790534],[127.0528219812175,37.5938552178815],[127.05279694507645,37.59385395837234],[127.05279888415596,37.59385809304767],[127.05261988955411,37.59385849502642],[127.05258151658145,37.59382661678978],[127.05252524461805,37.593782123486626],[127.05252150722835,37.59374778859127],[127.05248747510637,37.59372181890457],[127.05258454094586,37.59359623380322],[127.05255328032875,37.593549756533235],[127.05252902886372,37.59356989500488],[127.0525006164543,37.59354894137507],[127.05241220382788,37.59359505586409],[127.0524058759184,37.59358085907977],[127.05239088906978,37.59355467392619],[127.05232757362721,37.59344224934511],[127.05231309645164,37.59334954428904],[127.05213278975317,37.59336689360867],[127.05198437738932,37.59336387578559],[127.05192102895884,37.59336929073791],[127.05174546942945,37.593391070281655],[127.05174103790185,37.59335105945325],[127.05197891866626,37.59332878477957],[127.05196215355862,37.593200825138965],[127.05195959531368,37.59318514910443],[127.05192145094318,37.59317230835115],[127.05191335343058,37.59316993320974],[127.05186882153762,37.593155022902195],[127.05176515599467,37.593132326229465],[127.0517642092974,37.59312207343038],[127.05171682698574,37.59312834642106],[127.05168375797747,37.59315313754925],[127.0515867381915,37.593095335544376],[127.05139886314286,37.59312205719088],[127.05137196793758,37.59301539200283],[127.05119888963243,37.593038422055145],[127.0512339134393,37.593177573355106],[127.0512344539349,37.59320709838479],[127.05123158875756,37.59322341641812],[127.05119046989665,37.593232641788106],[127.05097340946979,37.59318243998067],[127.05097097157977,37.59316010559974],[127.05092272923577,37.59315016091345],[127.05084738479397,37.59314783184433],[127.05083019422817,37.59324727166042],[127.05094889870838,37.593256114727836],[127.05093193494069,37.59339015226017],[127.05082036150489,37.59337793651638],[127.05082514865764,37.59327121292219],[127.05066143330394,37.59325921701283],[127.05066085660296,37.59331205097482],[127.05066078152463,37.5933184119555],[127.05069367227814,37.59338346734667],[127.05072094133345,37.59344009185807],[127.05070973186469,37.59347494660325],[127.05070164335959,37.59350345711731],[127.05067726849282,37.593526081976925],[127.05066073567019,37.59357586824362],[127.05066258676545,37.59358414751867],[127.05064892335609,37.59360665078419],[127.05063797331803,37.593622846028964],[127.05058792322619,37.59370551413369],[127.05060902287852,37.59371288442198],[127.05053513867327,37.59388339035822],[127.05051602314931,37.593880037623116],[127.05048793854314,37.59394394708018],[127.05048237687194,37.593975393737296],[127.05045923002012,37.59414450906558],[127.05083538166781,37.594176202302776],[127.05078616503988,37.5942180014924],[127.05076008422273,37.59429832610607],[127.05063742508415,37.594304801227665],[127.05064725500495,37.5944103564432],[127.05021712063981,37.59447643266385],[127.05020362630935,37.59444606605409],[127.05016580777914,37.59429069791462],[127.05008429537276,37.5942252299285],[127.05006264909345,37.594230635727826],[127.05006552823015,37.59423535570096],[127.05001194938883,37.59429099547865]]]},"properties":{"pnu":"1123010800100010005","jibun":"1-5 학","bchk":"1","sgg_oid":189945,"col_adm_se":"11230","facility_name":"경희대학교병원","facility_type":"종합병원","reference_lon":127.05183223390303,"reference_lat":37.5938765502235,"snapshot_date":"2020-12","source_type":"OFFLINE_CADASTRAL_SNAPSHOT_202012","geometry_quality":"valid"}},{"type":"Feature","geometry":{"type":"Polygon","coordinates":[[[127.08676278429203,37.58329290109227],[127.08569874867831,37.58338334875088],[127.08560851451021,37.58339157599136],[127.08557231527608,37.583427857436035],[127.08561866041236,37.58376563098857],[127.08561878596255,37.5837665318848],[127.08566123924247,37.5837945403065],[127.08568084613937,37.58379276940769],[127.08569920862169,37.58379184631952],[127.08583423719101,37.583778865860104],[127.08608855035368,37.58375679900587],[127.08653161038755,37.583720044912155],[127.08668448065853,37.58370641994033],[127.08681384980254,37.58369489303004],[127.08685499678826,37.58365924732986],[127.08683939007592,37.58354514877556],[127.08680906733011,37.583323492166855],[127.08677999429722,37.583304051876766],[127.08676278429203,37.58329290109227]]]},"properties":{"pnu":"1126010100105680001","jibun":"568-1대","bchk":"1","sgg_oid":135609,"col_adm_se":"11260","facility_name":"녹색병원","facility_type":"종합병원","reference_lon":127.08605546969358,"reference_lat":37.58362083896108,"snapshot_date":"2020-12","source_type":"OFFLINE_CADASTRAL_SNAPSHOT_202012","geometry_quality":"valid"}},{"type":"Feature","geometry":{"type":"Polygon","coordinates":[[[127.09297101166567,37.60737466104213],[127.0938346589467,37.60654580599987],[127.09376826627489,37.6065228828674],[127.09366765337384,37.60648466972389],[127.09365224350985,37.606478257751625],[127.09356884901514,37.60644357194105],[127.09347207959522,37.60639949924875],[127.09337757162074,37.60635245147567],[127.09328532532012,37.60630260882341],[127.09319545405909,37.60625006130735],[127.09310818445098,37.606194898855186],[127.09276601185192,37.60597126981547],[127.09267542095418,37.60597800708501],[127.09206572105356,37.60656519597977],[127.09206917304103,37.60661015233836],[127.09273955341456,37.60711842068396],[127.09276327845267,37.607136169710145],[127.09278070100179,37.60714920245926],[127.09282049104702,37.60718115654684],[127.0928551893626,37.607216808587424],[127.09288841666398,37.607253452836574],[127.09291960680667,37.607291179832146],[127.0929477411929,37.60733053095393],[127.09297101166567,37.60737466104213]]]},"properties":{"pnu":"1126010600106620000","jibun":"662대","bchk":"1","sgg_oid":156131,"col_adm_se":"11260","facility_name":"중랑구보건소","facility_type":"보건소","reference_lon":127.09285571438002,"reference_lat":37.60687654865813,"snapshot_date":"2020-12","source_type":"OFFLINE_CADASTRAL_SNAPSHOT_202012","geometry_quality":"valid"}},{"type":"Feature","geometry":{"type":"Polygon","coordinates":[[[127.1095427023805,37.60103681511416],[127.1095717930495,37.600926463137064],[127.10958119090142,37.60090216403557],[127.1095814941162,37.600814281889285],[127.1095703725682,37.60081340009788],[127.10958295637171,37.6007839624768],[127.10959291128682,37.60078467414851],[127.1096341831829,37.60068768158336],[127.10965287560079,37.600669509654736],[127.10964183499323,37.600575862596365],[127.10957130848018,37.6005522313301],[127.10929179804964,37.60056898387296],[127.10916047469513,37.6005781495768],[127.1091139366779,37.60058086792791],[127.10884928423609,37.60059832666418],[127.10886102331091,37.6007137859576],[127.10886838479853,37.600785299284205],[127.10888234731055,37.60091919966875],[127.10928658662684,37.600897108578955],[127.1092780050805,37.60090644158653],[127.10925451987653,37.60093856504454],[127.10931633661251,37.601023750591494],[127.1093572390716,37.60101567646165],[127.10940757431004,37.601038821761165],[127.1095427023805,37.60103681511416]]]},"properties":{"pnu":"1126010500101280029","jibun":"128-29 대","bchk":"1","sgg_oid":168519,"col_adm_se":"11260","facility_name":"의료법인풍산의료재단동부제일병원","facility_type":"종합병원","reference_lon":127.1090292210168,"reference_lat":37.60067564592665,"snapshot_date":"2020-12","source_type":"OFFLINE_CADASTRAL_SNAPSHOT_202012","geometry_quality":"valid"}},{"type":"Feature","geometry":{"type":"Polygon","coordinates":[[[127.09668192098763,37.6128962757447],[127.0966704465965,37.612957551710984],[127.09662378840027,37.613139137006826],[127.09652650630589,37.613501589934295],[127.09647974011915,37.613687860344726],[127.09667784918729,37.614056201985306],[127.09833763790937,37.613490747842576],[127.0984795291629,37.61347234144055],[127.09967377851255,37.613066633566845],[127.0997360856946,37.61299143991002],[127.09973518687563,37.61230795637962],[127.09793052783678,37.612309444413256],[127.09671979188334,37.6123074540218],[127.09672944364476,37.6124157441743],[127.0967310835845,37.612547196003526],[127.09672667911421,37.61264594709067],[127.09671663559192,37.61267460639264],[127.09668192098763,37.6128962757447]]]},"properties":{"pnu":"1126010600103160000","jibun":"316 대","bchk":"1","sgg_oid":167192,"col_adm_se":"11260","facility_name":"서울특별시서울의료원","facility_type":"시립병원","reference_lon":127.0980910949257,"reference_lat":37.61286931510163,"snapshot_date":"2020-12","source_type":"OFFLINE_CADASTRAL_SNAPSHOT_202012","geometry_quality":"valid"}},{"type":"Feature","geometry":{"type":"Polygon","coordinates":[[[127.10826789083792,37.604613875668164],[127.1082952202111,37.60456044972634],[127.10837189923902,37.60452061998327],[127.10843176471901,37.604483346191564],[127.10847271529101,37.604460027707425],[127.10846724986048,37.6044472657404],[127.10844914922549,37.60439711544454],[127.10845718828526,37.604316992811846],[127.10845752329085,37.604313685903136],[127.10845914222405,37.60429752081306],[127.10844223898681,37.60423732347667],[127.10843640259579,37.60423438255149],[127.10841073702547,37.60422369311789],[127.10837145076665,37.60420706051704],[127.10826908023614,37.604114784437385],[127.10821166253922,37.604018269062664],[127.10791394209691,37.603909113500286],[127.10764930202076,37.60380825252119],[127.10735464203165,37.60369992169499],[127.10706166276161,37.60424362059034],[127.106970159865,37.604412168057834],[127.10691442745211,37.60451383062538],[127.10694747498141,37.6045715270475],[127.10744741683631,37.604741148835224],[127.10791068675756,37.60489949423387],[127.1079957011447,37.60487542441286],[127.10804665199338,37.60484430355931],[127.1081051076553,37.60481077929378],[127.10824451404467,37.60465958562077],[127.10824653551096,37.60465562848059],[127.10826789083792,37.604613875668164]]]},"properties":{"pnu":"1126010500102270000","jibun":"227 대","bchk":"1","sgg_oid":167072,"col_adm_se":"11260","facility_name":"서울특별시북부병원","facility_type":"시립병원","reference_lon":127.10768066266,"reference_lat":37.6043947292607,"snapshot_date":"2020-12","source_type":"OFFLINE_CADASTRAL_SNAPSHOT_202012","geometry_quality":"valid"}},{"type":"Feature","geometry":{"type":"Polygon","coordinates":[[[127.0286772003711,37.58739139641643],[127.02868727351469,37.58725713827689],[127.02869137454327,37.58720156455788],[127.02870461475817,37.587027797475564],[127.02871337601847,37.586897846337706],[127.02871982337898,37.58678751018162],[127.0287250208845,37.58672725108023],[127.02872840655867,37.58666614546936],[127.02873343326131,37.58657215351133],[127.02879613556568,37.58648269821519],[127.02897203152952,37.58644724871224],[127.02898602453249,37.5864447767571],[127.02908099761048,37.586426797980906],[127.02909330469524,37.586427191540395],[127.02911026404948,37.58642475491701],[127.0290925189658,37.58641494733164],[127.02908990306858,37.5864135063659],[127.02907093377762,37.586399779776436],[127.02884518512454,37.586397750972864],[127.02869373039131,37.58639413694382],[127.02769845884083,37.58637623403228],[127.02765808465536,37.5863756483287],[127.02674418473413,37.58635919694166],[127.02672999805172,37.58635826294741],[127.02641978478019,37.586414379096055],[127.02633081023527,37.58642793964195],[127.02626885955215,37.58643678230415],[127.02615026518163,37.58644551963826],[127.02603941244827,37.586446515780366],[127.02597163939366,37.586446655976346],[127.02591071533563,37.586444425126665],[127.02570514972822,37.58643030393127],[127.0256681257378,37.58642636519474],[127.02564040821795,37.58642192900335],[127.02555304427145,37.58640971143997],[127.02537902607592,37.58637377940122],[127.02533598862668,37.58643601014805],[127.0254233179778,37.58694197689689],[127.02559004202851,37.587457405739954],[127.02583579796074,37.58780145966712],[127.02593333248008,37.587991961872305],[127.0259611319439,37.588106669556154],[127.02597445699067,37.58817232158743],[127.02594066607509,37.588259507909115],[127.02608194544534,37.58822761976064],[127.02640076707371,37.58809058522184],[127.02689192416615,37.58822627716227],[127.02724901343886,37.588188376511624],[127.02751449024487,37.588008040220465],[127.02746272685773,37.58775160418187],[127.02777319472402,37.58763312805797],[127.02791812938628,37.58756979250967],[127.02817541517345,37.58744918286064],[127.02843184056778,37.58733111362323],[127.0286772003711,37.58739139641643]],[[127.02869158142619,37.58640019206077],[127.02876570704817,37.58640283288221],[127.02876213831166,37.58645857767574],[127.02868885082121,37.586456936753024],[127.02869158142619,37.58640019206077]]]},"properties":{"pnu":"1129012500101260001","jibun":"126-1학","bchk":"1","sgg_oid":137768,"col_adm_se":"11290","facility_name":"학교법인고려중앙학원고려대학교의과대학부속병원(안암병원)","facility_type":"종합병원","reference_lon":127.02647086385966,"reference_lat":37.58715608002366,"snapshot_date":"2020-12","source_type":"OFFLINE_CADASTRAL_SNAPSHOT_202012","geometry_quality":"valid"}},{"type":"Feature","geometry":{"type":"Polygon","coordinates":[[[127.03952132951218,37.602915638920074],[127.03968544215716,37.602758526627156],[127.03981349187151,37.60263505049104],[127.03971261819217,37.6025763390878],[127.03974966325889,37.60253799027028],[127.03965718119588,37.60254599388809],[127.03949197775442,37.60256142693143],[127.03937546684882,37.60257247436909],[127.03934048740302,37.602575548924875],[127.03932516556837,37.602620404764416],[127.03928495353493,37.60271171423819],[127.03930125145602,37.60271588958308],[127.03930156921346,37.60271722293609],[127.03931145408805,37.602759376762364],[127.03936995559418,37.6027809906162],[127.03938864369306,37.60278656170598],[127.0394591623316,37.602856491372556],[127.03952132951218,37.602915638920074]]]},"properties":{"pnu":"1129013600100460001","jibun":"46-1대","bchk":"1","sgg_oid":169302,"col_adm_se":"11290","facility_name":"성북구보건소","facility_type":"보건소","reference_lon":127.03958133379797,"reference_lat":37.602615951359006,"snapshot_date":"2020-12","source_type":"OFFLINE_CADASTRAL_SNAPSHOT_202012","geometry_quality":"valid"}},{"type":"Feature","geometry":{"type":"Polygon","coordinates":[[[127.02849928049702,37.64042620136352],[127.02864529043207,37.640329042551116],[127.02869920870279,37.640293261350365],[127.0287957175693,37.64022872911535],[127.02868022492612,37.64012153947163],[127.02862820227776,37.640073078861825],[127.0285364522952,37.64013815045831],[127.02843043001367,37.64021367657392],[127.0283401524688,37.640278387289555],[127.0284175629202,37.640350177548484],[127.02849928049702,37.64042620136352]]]},"properties":{"pnu":"1130510200104630044","jibun":"463-44 대","bchk":"1","sgg_oid":129365,"col_adm_se":"11305","facility_name":"서울현대병원","facility_type":"종합병원","reference_lon":127.028504374531,"reference_lat":37.6402559204261,"snapshot_date":"2020-12","source_type":"OFFLINE_CADASTRAL_SNAPSHOT_202012","geometry_quality":"valid"}},{"type":"Feature","geometry":{"type":"Polygon","coordinates":[[[127.03879092239937,37.632567233934545],[127.03915186185148,37.63211753117307],[127.039281841004,37.631967026254564],[127.03929520196029,37.63195305681254],[127.03921121809432,37.63187938363242],[127.03910581350597,37.6317869768647],[127.03858611545508,37.63215140683271],[127.03833119088254,37.6323301506474],[127.03860921422459,37.63258296821106],[127.03879092239937,37.632567233934545]]]},"properties":{"pnu":"1130510200102320000","jibun":"232대","bchk":"1","sgg_oid":145701,"col_adm_se":"11305","facility_name":"강북구보건소","facility_type":"보건소","reference_lon":127.03884474673563,"reference_lat":37.63214337997896,"snapshot_date":"2020-12","source_type":"OFFLINE_CADASTRAL_SNAPSHOT_202012","geometry_quality":"valid"}},{"type":"Feature","geometry":{"type":"Polygon","coordinates":[[[127.02274161074111,37.63549704812309],[127.02278387017098,37.635500103840265],[127.02280545258195,37.63530134421869],[127.02281370508327,37.635238544566924],[127.02281845288606,37.63520169371178],[127.02274628356098,37.63519639094601],[127.02259480718719,37.63518479548128],[127.02254496704373,37.6352163386007],[127.02252756093856,37.635362210029825],[127.02251716092776,37.63544393057875],[127.02251286628767,37.6354813219264],[127.02262865460997,37.6354889595824],[127.02274161074111,37.63549704812309]]]},"properties":{"pnu":"1130510300100450010","jibun":"45-10대","bchk":"1","sgg_oid":155070,"col_adm_se":"11305","facility_name":"의료법인성화의료재단대한병원","facility_type":"종합병원","reference_lon":127.02267251878474,"reference_lat":37.63547043209498,"snapshot_date":"2020-12","source_type":"OFFLINE_CADASTRAL_SNAPSHOT_202012","geometry_quality":"valid"}},{"type":"Feature","geometry":{"type":"Polygon","coordinates":[[[127.03860745891305,37.65822466580552],[127.03870501703895,37.65818958719257],[127.03878433658483,37.6581692001437],[127.03880756574542,37.65816297608084],[127.03888212586091,37.65814340134727],[127.03902172827647,37.65810794875956],[127.03901048864128,37.65806785897084],[127.03898664711873,37.65798299475502],[127.0389759745676,37.65794371565904],[127.03895837664084,37.65787975206022],[127.0389449781965,37.65782840076821],[127.0389420271114,37.6578193018624],[127.03893090455166,37.657786509920065],[127.03891048824224,37.65775191897342],[127.03887498730387,37.65769318668464],[127.03876144956372,37.65772592795275],[127.03869074337305,37.65774631227417],[127.03872422501847,37.65784658017664],[127.03864241084086,37.65786345417082],[127.03865435098801,37.65794525889168],[127.03866571810357,37.65801417985647],[127.03860261076856,37.65804699517821],[127.03857611029451,37.65808376326087],[127.03851038880693,37.65810144298401],[127.03860745891305,37.65822466580552]]]},"properties":{"pnu":"1132010500105650000","jibun":"565대","bchk":"1","sgg_oid":82312,"col_adm_se":"11320","facility_name":"도봉구보건소","facility_type":"보건소","reference_lon":127.0388128946827,"reference_lat":37.65802325255334,"snapshot_date":"2020-12","source_type":"OFFLINE_CADASTRAL_SNAPSHOT_202012","geometry_quality":"valid"}},{"type":"Feature","geometry":{"type":"Polygon","coordinates":[[[127.02903053588206,37.64696387152861],[127.02911487800606,37.646945796271076],[127.02912440740761,37.646976247035404],[127.02926761600628,37.64693134483171],[127.02947040732113,37.6468365142754],[127.02968532870197,37.64675843863078],[127.02977631622817,37.6467556238496],[127.0297616940171,37.64674211270797],[127.02966362418218,37.64629335989383],[127.02975344175874,37.646194681536535],[127.02979762915885,37.64618548099686],[127.02974259161934,37.645968178697714],[127.02967268677749,37.645687000691474],[127.02957034329663,37.64531843563747],[127.02911422734658,37.645186820441594],[127.02891285435074,37.64512172677008],[127.02872689462824,37.64475417140529],[127.02844301477352,37.64494659499762],[127.02831036891892,37.645052129531514],[127.02825928299211,37.64509700974603],[127.02801155579135,37.645316813773064],[127.02780052901366,37.6455075976643],[127.02729022923975,37.64596189239052],[127.02729817438832,37.645968098381594],[127.02745627289018,37.64609150649499],[127.02746911924142,37.64608293538603],[127.02748377812281,37.64607314755884],[127.02753043956572,37.64604200855122],[127.02756876331823,37.64601643038966],[127.02757052006837,37.64601771839791],[127.02781767848926,37.646199147219626],[127.02781833585854,37.64619963360029],[127.02777328012607,37.64622135716184],[127.02775364682985,37.6462308217794],[127.02775127036094,37.646239471679785],[127.02785760049638,37.6463678371068],[127.02793764700112,37.64650756062321],[127.0279243914342,37.64651251895955],[127.02798275909674,37.64654854493132],[127.02804937631298,37.64652222146625],[127.02830788703231,37.646660192610724],[127.02838391962528,37.64666332874052],[127.02839814915693,37.646656973617745],[127.02845626816652,37.64663103927879],[127.02849925128245,37.64661185668474],[127.02873773839079,37.64652494780555],[127.02882238733953,37.64654141611275],[127.02902305721616,37.64684058369624],[127.02903053588206,37.64696387152861]],[[127.02842235369003,37.64640942488924],[127.02839443943589,37.64629861117411],[127.02848824457864,37.64625534291097],[127.02857188268747,37.646297489452635],[127.02860591399724,37.646402895864334],[127.02842235369003,37.64640942488924]]]},"properties":{"pnu":"1132010500103880001","jibun":"388-1대","bchk":"1","sgg_oid":95706,"col_adm_se":"11320","facility_name":"의료법인한전의료재단한일병원","facility_type":"종합병원","reference_lon":127.02902417950423,"reference_lat":37.64611570419094,"snapshot_date":"2020-12","source_type":"OFFLINE_CADASTRAL_SNAPSHOT_202012","geometry_quality":"valid"}},{"type":"Feature","geometry":{"type":"Polygon","coordinates":[[[127.08182583517984,37.62900101994536],[127.08302688900922,37.62887278906107],[127.08298568511614,37.628797720936944],[127.08301412311432,37.628738975506174],[127.08302827427424,37.62870973798171],[127.08280999586118,37.6280923757015],[127.08291001755532,37.628096604425245],[127.08306567483915,37.62810317321469],[127.08305856839226,37.628068733703984],[127.08293197633125,37.62800737435152],[127.08281270258861,37.627998095409396],[127.08276514264803,37.627994398111476],[127.08262164404313,37.62796995415862],[127.08248885404862,37.627938150696195],[127.0824579908797,37.627923008394696],[127.08232526397857,37.627855165549164],[127.08217798767102,37.62784630156785],[127.08215240691108,37.62784476035662],[127.08208283168153,37.62779471345076],[127.08199227149909,37.627750320943896],[127.08196437807517,37.627736645083054],[127.081798634224,37.62777777952579],[127.08177903012957,37.627856196044526],[127.08176140776929,37.62792345709292],[127.08175904723336,37.62793002683408],[127.08156219507853,37.62788622879366],[127.08155680126737,37.62821226967292],[127.08159721274268,37.62819446594403],[127.08169713014534,37.6285339409728],[127.08182583517984,37.62900101994536]]]},"properties":{"pnu":"1135010300102150004","jibun":"215-4대","bchk":"1","sgg_oid":73427,"col_adm_se":"11350","facility_name":"한국원자력의학원원자력병원","facility_type":"종합병원","reference_lon":127.08269315796588,"reference_lat":37.628815981330355,"snapshot_date":"2020-12","source_type":"OFFLINE_CADASTRAL_SNAPSHOT_202012","geometry_quality":"valid"}},{"type":"Feature","geometry":{"type":"Polygon","coordinates":[[[127.0703284517946,37.63693640559771],[127.07055299371946,37.636435150707854],[127.07053233527087,37.63639326733251],[127.06948441394086,37.63595942414959],[127.06927376507531,37.63642048546973],[127.07019841695428,37.63696774527684],[127.0703284517946,37.63693640559771]]]},"properties":{"pnu":"1135010400102800001","jibun":"280-1대","bchk":"1","sgg_oid":76431,"col_adm_se":"11350","facility_name":"노원을지대학교병원","facility_type":"종합병원","reference_lon":127.07000281991385,"reference_lat":37.636442927386746,"snapshot_date":"2020-12","source_type":"OFFLINE_CADASTRAL_SNAPSHOT_202012","geometry_quality":"valid"}},{"type":"Feature","geometry":{"type":"Polygon","coordinates":[[[127.06240442385835,37.6488768091893],[127.06245253272618,37.64895480885228],[127.06322128343167,37.649125054124575],[127.06359397130218,37.64844038734866],[127.06356076180711,37.64842995349697],[127.0627743913797,37.648183497006805],[127.06275128885503,37.64819972656422],[127.06240442385835,37.6488768091893]]]},"properties":{"pnu":"1135010500107610001","jibun":"761-1대","bchk":"1","sgg_oid":83641,"col_adm_se":"11350","facility_name":"인제대학교상계백병원","facility_type":"종합병원","reference_lon":127.06311619032103,"reference_lat":37.6485812672986,"snapshot_date":"2020-12","source_type":"OFFLINE_CADASTRAL_SNAPSHOT_202012","geometry_quality":"valid"}},{"type":"Feature","geometry":{"type":"Polygon","coordinates":[[[127.05699796808555,37.654795639582495],[127.05708043976557,37.654758750900115],[127.05722077621128,37.654360634018666],[127.05713361676244,37.65434112398124],[127.05734451380339,37.65374115524128],[127.05630938026903,37.65351117108659],[127.05594887880531,37.654560883704995],[127.0564946174735,37.65468298305539],[127.05699796808555,37.654795639582495]]]},"properties":{"pnu":"1135010500107010001","jibun":"701-1대","bchk":"1","sgg_oid":89544,"col_adm_se":"11350","facility_name":"노원구보건소","facility_type":"보건소","reference_lon":127.05702334209292,"reference_lat":37.65457770735563,"snapshot_date":"2020-12","source_type":"OFFLINE_CADASTRAL_SNAPSHOT_202012","geometry_quality":"valid"}},{"type":"Feature","geometry":{"type":"Polygon","coordinates":[[[126.92912267877686,37.60304875562104],[126.92908511356798,37.60289898924481],[126.92903653618431,37.6028944545091],[126.92906863941754,37.60283762220898],[126.92907784634673,37.6028023994349],[126.92907472627225,37.60275005042197],[126.9290860302401,37.60270104389757],[126.92911657441302,37.60257014984136],[126.92909940611563,37.60240715152065],[126.92909343268644,37.60237777581569],[126.92904652783342,37.60228377451605],[126.92865762248702,37.60231227642953],[126.92861726286299,37.60235838182803],[126.92866316626191,37.60270078363123],[126.92871000789783,37.603056971010936],[126.92876149927551,37.60309277177714],[126.92912267877686,37.60304875562104]]]},"properties":{"pnu":"1138010200100840000","jibun":"84대","bchk":"1","sgg_oid":188127,"col_adm_se":"11380","facility_name":"은평구보건소","facility_type":"보건소","reference_lon":126.92882350898024,"reference_lat":37.602521838789166,"snapshot_date":"2020-12","source_type":"OFFLINE_CADASTRAL_SNAPSHOT_202012","geometry_quality":"valid"}},{"type":"Feature","geometry":{"type":"Polygon","coordinates":[[[126.91979454943804,37.62101787240189],[126.91981947955848,37.62090490678459],[126.91982517270662,37.6208778813286],[126.91983279175982,37.620850586911374],[126.9198706598085,37.62071465524665],[126.91987418481112,37.62070222416231],[126.91959716706594,37.620662389062474],[126.91962209044729,37.62055573033518],[126.91936282865214,37.62052099754255],[126.9193627375893,37.62052140292013],[126.91933997115558,37.620623377999436],[126.91933337108779,37.620650943389485],[126.91931834957226,37.62071427181681],[126.91930696908109,37.62076273660933],[126.91928386407214,37.62086345006577],[126.91927361446389,37.620913537405706],[126.91930642350734,37.62094959946351],[126.9193998585456,37.62096236833668],[126.91952523065703,37.620980204818046],[126.91979454943804,37.62101787240189]]]},"properties":{"pnu":"1138010400103950001","jibun":"395-1대","bchk":"1","sgg_oid":197151,"col_adm_se":"11380","facility_name":"의료법인청구성심병원","facility_type":"종합병원","reference_lon":126.91955399169245,"reference_lat":37.62079154435882,"snapshot_date":"2020-12","source_type":"OFFLINE_CADASTRAL_SNAPSHOT_202012","geometry_quality":"valid"}},{"type":"Feature","geometry":{"type":"Polygon","coordinates":[[[126.92320756173542,37.59399018634512],[126.92323396958507,37.59396623768595],[126.92341740075835,37.59396870175718],[126.92335606556205,37.59393442376292],[126.92319833130128,37.5939381934398],[126.92319965220648,37.593974323777665],[126.92320033017407,37.593975675703604],[126.92320756173542,37.59399018634512]]]},"properties":{"pnu":"1138010700600000012","jibun":"0-12 가","bchk":"3","sgg_oid":207602,"col_adm_se":"11380","facility_name":"서울특별시은평병원","facility_type":"시립병원","reference_lon":126.923210588363,"reference_lat":37.5939702620381,"snapshot_date":"2020-12","source_type":"OFFLINE_CADASTRAL_SNAPSHOT_202012","geometry_quality":"valid"}},{"type":"Feature","geometry":{"type":"Polygon","coordinates":[[[126.90581792130016,37.60451409601485],[126.90578115465883,37.60430729074638],[126.90560439878097,37.604290388965346],[126.90565281451889,37.60450873632561],[126.90581792130016,37.60451409601485]]]},"properties":{"pnu":"1138010800102260001","jibun":"226-1대","bchk":"1","sgg_oid":212080,"col_adm_se":"11380","facility_name":"서울특별시서북병원","facility_type":"시립병원","reference_lon":126.905664235484,"reference_lat":37.6043567763756,"snapshot_date":"2020-12","source_type":"OFFLINE_CADASTRAL_SNAPSHOT_202012","geometry_quality":"valid"}},{"type":"Feature","geometry":{"type":"Polygon","coordinates":[[[126.91589397484778,37.63351582859928],[126.91594694380755,37.633560375336],[126.91600606976081,37.63357068934939],[126.916058928631,37.6336125330219],[126.91605910207683,37.63365893351084],[126.91611213689119,37.63370550742043],[126.91611206762776,37.633706633592695],[126.91611617607579,37.63371014137052],[126.91611497558156,37.63364050391798],[126.91614524503994,37.63362232606903],[126.91619137188833,37.6336070428101],[126.91699010950482,37.63350407733226],[126.9170163552289,37.633447334519985],[126.91634083384004,37.633539865767055],[126.91618847928152,37.633560730452274],[126.91615903071835,37.63355458250199],[126.91615744526761,37.633554040768274],[126.91613456602036,37.633549249031155],[126.91601859769523,37.63351312593751],[126.91595913088119,37.63350371266111],[126.91593679652595,37.633507867991746],[126.91589397484778,37.63351582859928]]]},"properties":{"pnu":"1138011400100930011","jibun":"93-11도","bchk":"9","sgg_oid":381295,"col_adm_se":"11380","facility_name":"가톨릭대학교은평성모병원","facility_type":"종합병원","reference_lon":126.91615048739686,"reference_lat":37.633608409726854,"snapshot_date":"2020-12","source_type":"OFFLINE_CADASTRAL_SNAPSHOT_202012","geometry_quality":"valid"}},{"type":"Feature","geometry":{"type":"Polygon","coordinates":[[[126.93650107332203,37.57869994105586],[126.9364910874503,37.57863595650456],[126.9364761735757,37.578536947890875],[126.93660140302248,37.57852451112699],[126.93656663049985,37.57847992019742],[126.93647699025712,37.57848306033691],[126.93640867996503,37.57848423901375],[126.93635517030489,37.57849330945369],[126.9363518487021,37.578485631215],[126.9361469494319,37.578504790033456],[126.93611767162672,37.57850753083626],[126.93614124197825,37.578636339913395],[126.93617733484311,37.57880211438007],[126.93617896617685,37.57873602792461],[126.93632289968897,37.57872154755822],[126.93650107332203,37.57869994105586]]]},"properties":{"pnu":"1141011700101650002","jibun":"165-2 대","bchk":"1","sgg_oid":159235,"col_adm_se":"11410","facility_name":"서대문구보건소","facility_type":"보건소","reference_lon":126.93628175148127,"reference_lat":37.578671432548965,"snapshot_date":"2020-12","source_type":"OFFLINE_CADASTRAL_SNAPSHOT_202012","geometry_quality":"valid"}},{"type":"Feature","geometry":{"type":"Polygon","coordinates":[[[126.93592737376365,37.56633107533027],[126.93652598653989,37.566276563199466],[126.93680016699572,37.566573751657785],[126.937202758138,37.56700864445851],[126.93783653206893,37.56756589784775],[126.93786230795712,37.56758973387599],[126.93853244360058,37.56818013241065],[126.93853244995786,37.56817258213358],[126.93853355923568,37.56817258272534],[126.93913361415544,37.56864371263838],[126.93988482532302,37.569167419041364],[126.94139345386472,37.569616474497906],[126.94148655122831,37.569622180075676],[126.9415462827009,37.56960921818634],[126.94181662068152,37.56935752907007],[126.94184119059061,37.56933465639768],[126.94184958976244,37.56858229059965],[126.94184969990746,37.56857192028257],[126.94310557664126,37.56857554859634],[126.94402250495348,37.56748191073193],[126.94419271812576,37.56727888371368],[126.94434975998297,37.56732120719916],[126.94520880259718,37.567552687477516],[126.94521928306979,37.56753896141461],[126.94524951315559,37.56749800788984],[126.94531302043347,37.5673828017403],[126.94532721659124,37.56734990440562],[126.94536660396254,37.56726328411097],[126.94541895699449,37.56719954605625],[126.94544885530044,37.56716297112352],[126.94547732669413,37.56712731451379],[126.94556147144228,37.56702240730366],[126.94559683888576,37.56698287968248],[126.94559813032737,37.56698143871282],[126.9456965681899,37.56680391851072],[126.94577070803771,37.56666632756609],[126.94577320713373,37.566623964271976],[126.94577850235575,37.56639882778809],[126.94578445826767,37.56616801537987],[126.94578894033316,37.56590998340399],[126.94576946730331,37.56590103640497],[126.94572339018829,37.565883427343934],[126.94521123465456,37.56568997622864],[126.9452082133929,37.56568883954219],[126.9449126822862,37.56577525619334],[126.94477396101334,37.56581740091662],[126.94468506574214,37.56600758386106],[126.944591723398,37.56621041446606],[126.94447850338341,37.566459320946066],[126.94444586740302,37.566523347430774],[126.94441973727213,37.56656096007246],[126.9444240038725,37.56657662131405],[126.94440414039386,37.56658982920666],[126.94438510361637,37.56660247888316],[126.94435416696379,37.56661993407363],[126.94430402509457,37.56664822785099],[126.94430301727552,37.566648794985284],[126.94426150010176,37.56664790090012],[126.94424521939493,37.56662365641612],[126.94419320503602,37.56664347093739],[126.94419318476565,37.566669923946414],[126.94411516334536,37.56666988603902],[126.94411143786006,37.56667191145152],[126.94352199606853,37.56688664425322],[126.9432785236411,37.56697559611184],[126.94311095997422,37.566943275975255],[126.94294897614294,37.56682493200185],[126.9429178983641,37.566805257015275],[126.94286982586401,37.56677750072411],[126.9428346194802,37.566725433132945],[126.94278627428751,37.56667026860564],[126.94278536958619,37.566669232018974],[126.9427551980925,37.56663430370669],[126.94275025621472,37.56662857997078],[126.94260397958263,37.56654495841816],[126.94255624667089,37.56651753553335],[126.94254417485392,37.5665106009034],[126.94242481746936,37.56638090701294],[126.94240796766337,37.566347156562095],[126.94239076596536,37.566329020061815],[126.94241084098608,37.56626332102745],[126.94239708818714,37.5662064888009],[126.94244377019848,37.56610235790229],[126.94257355760341,37.56580815092115],[126.94258255654233,37.56576443044117],[126.9426425251115,37.56560424658093],[126.94271488728009,37.565415489501724],[126.94278444177239,37.56522707335096],[126.94285630523699,37.56503826186526],[126.94292208753629,37.56486732292663],[126.94292901733654,37.56484932461231],[126.9431772697666,37.56418141847483],[126.94321120497717,37.56409150754953],[126.9432307688315,37.56404098975866],[126.94323271954354,37.564035954194374],[126.94299194879471,37.563894776287384],[126.94297891625227,37.56388660686805],[126.94279584291269,37.56378095610962],[126.94278107901393,37.56377236234244],[126.94275638201573,37.56375798829195],[126.94273272034852,37.563635982626025],[126.94272858323966,37.56361463614053],[126.94272959266509,37.563611987735925],[126.94273125808044,37.56360995233038],[126.9427507953483,37.563564714396406],[126.94276547944835,37.56353073640468],[126.9428146044882,37.56344048175533],[126.9428124911971,37.56336420298643],[126.94280476357704,37.563201885994765],[126.94273211616279,37.56306525091736],[126.94271812345455,37.563040484774],[126.94264076509764,37.56289304443307],[126.94256379629883,37.56273998206112],[126.94224367226988,37.56253487382048],[126.9420261024768,37.56237558666596],[126.94189987046285,37.56227506271737],[126.94168741488356,37.562176296949815],[126.9416185712169,37.56214139376799],[126.9415698440022,37.562129926476906],[126.94144585470761,37.562099040623366],[126.94134033193065,37.56208839125742],[126.94127687037653,37.56208857513338],[126.9411479189211,37.56200772659063],[126.94112817481756,37.56191588768588],[126.94112484178375,37.56190865103865],[126.94108532224986,37.561876060062126],[126.94105937556823,37.56185464828785],[126.94074520931191,37.56159811054692],[126.94062707980821,37.56154462102941],[126.94050644243883,37.56147161467222],[126.94046648968825,37.5614573403722],[126.94044869687175,37.56145817810063],[126.9404561401853,37.56143537791442],[126.9405035601383,37.56130036217035],[126.94052675595371,37.56122483522051],[126.94053796252248,37.561195054305756],[126.94055975172857,37.56113722204977],[126.94056058438053,37.56108765005293],[126.94060184649823,37.56105043346336],[126.94060662282425,37.56103641653508],[126.94061195558795,37.561006218126956],[126.94054478270215,37.560909074837554],[126.9405249135201,37.56081920891698],[126.94052386184457,37.56080421591239],[126.94049645574083,37.56078271315784],[126.94030892658719,37.56063101563618],[126.94022549217335,37.56057321894086],[126.94012531001562,37.5605120347693],[126.94000816300867,37.56045003979522],[126.9398452746903,37.560394733191956],[126.9397193329681,37.560347725798685],[126.939526467512,37.5603015661229],[126.93939851024291,37.56028339799745],[126.93938571671956,37.56028847284589],[126.93934467672022,37.56033057249436],[126.9393329523441,37.56039740170844],[126.93934016358959,37.56046347505266],[126.93932299589518,37.56048864866211],[126.93930527248547,37.56048794556328],[126.93930615376956,37.560476161087465],[126.93930330415057,37.56040507152907],[126.9393019043781,37.560318999281115],[126.93926440979385,37.56027593024788],[126.9391611246635,37.560272713273996],[126.93896522403254,37.560270158962304],[126.93867798608683,37.56026915951155],[126.93866650572278,37.560260377764905],[126.93862844114547,37.560222651092865],[126.9385800911897,37.56022219285558],[126.93863812216088,37.56025811017944],[126.93864164002626,37.56026051769434],[126.93834871979006,37.56026036134654],[126.93728717482665,37.56025879756419],[126.93728863414391,37.56064198910885],[126.93718787576124,37.56064816009161],[126.93717556752517,37.56025973689674],[126.93717070048297,37.560260103650066],[126.93686280901642,37.560283325139146],[126.93689307034893,37.56044397008087],[126.93660884990003,37.56044731902619],[126.93650464336898,37.56056654366677],[126.93648689184988,37.560637261549374],[126.93641900622401,37.56078048143305],[126.93647679269493,37.56086261141878],[126.93637945794745,37.56086195409877],[126.93624621743533,37.56059442185722],[126.93634722191354,37.56044864352357],[126.93617456878862,37.56044528652055],[126.9353678390963,37.56102759715921],[126.93503413524041,37.56133491733866],[126.93503798729154,37.56135602067361],[126.935012659021,37.56137955826645],[126.93501403111243,37.561389370811106],[126.93504952470133,37.561644298641625],[126.93520184532024,37.56187351482752],[126.93520896676117,37.56215190642476],[126.93541951260202,37.562724305655024],[126.9349963938204,37.563061146001246],[126.93500291321148,37.5630611496741],[126.93500439592019,37.56306115050938],[126.93481063191544,37.564462529247116],[126.9351440167257,37.5647612597236],[126.93541926064444,37.56484153905281],[126.93571136311337,37.56509690724071],[126.93597349516186,37.565546511188394],[126.93597301264573,37.56555464684679],[126.93592737376365,37.56633107533027]]]},"properties":{"pnu":"1141011400101340000","jibun":"134 학","bchk":"1","sgg_oid":163838,"col_adm_se":"11410","facility_name":"연세대학교의과대학세브란스병원","facility_type":"종합병원","reference_lon":126.94082769649863,"reference_lat":37.56211711412639,"snapshot_date":"2020-12","source_type":"OFFLINE_CADASTRAL_SNAPSHOT_202012","geometry_quality":"valid"}},{"type":"Feature","geometry":{"type":"Polygon","coordinates":[[[126.93634379255501,37.58153304170993],[126.93668331038653,37.58153836428647],[126.93667344174659,37.58142997024236],[126.93666693790902,37.581357977881886],[126.93665897585596,37.581270397659495],[126.93665157487537,37.581188584054715],[126.93664977123296,37.58117966330112],[126.93664661484024,37.5811640745069],[126.93662688739583,37.58106666706473],[126.93662643572426,37.581065315337256],[126.93653541452872,37.581064634578176],[126.93633389990873,37.58106317200047],[126.93633560642824,37.581183454589755],[126.93633645870815,37.58124472211552],[126.93634379255501,37.58153304170993]]]},"properties":{"pnu":"1141011800104300000","jibun":"430대","bchk":"1","sgg_oid":173656,"col_adm_se":"11410","facility_name":"의료법인동신의료재단동신병원","facility_type":"종합병원","reference_lon":126.93658306608872,"reference_lat":37.58110428173239,"snapshot_date":"2020-12","source_type":"OFFLINE_CADASTRAL_SNAPSHOT_202012","geometry_quality":"valid"}},{"type":"Feature","geometry":{"type":"Polygon","coordinates":[[[126.90133232424388,37.566841984202604],[126.90139638427306,37.56693051557415],[126.90134631499672,37.56701066104372],[126.90163703562746,37.567262183901704],[126.90193094779455,37.56703935654367],[126.90204554772079,37.5669919440493],[126.901905855741,37.566876229502896],[126.90177199996117,37.56689146032145],[126.90161073490518,37.56686879926818],[126.90158764712834,37.566866617357825],[126.90133232424388,37.566841984202604]]]},"properties":{"pnu":"1144012500103690015","jibun":"369-15 전","bchk":"1","sgg_oid":197426,"col_adm_se":"11440","facility_name":"마포구보건소","facility_type":"보건소","reference_lon":126.9018692987165,"reference_lat":37.56693851924408,"snapshot_date":"2020-12","source_type":"OFFLINE_CADASTRAL_SNAPSHOT_202012","geometry_quality":"valid"}},{"type":"Feature","geometry":{"type":"Polygon","coordinates":[[[126.86343781046403,37.52855507000887],[126.86385822044606,37.528609800572546],[126.86390841971915,37.528503631917935],[126.86391570504384,37.52841759551],[126.86362804012005,37.52840212332627],[126.86341458224761,37.52839061150676],[126.8634028048265,37.52851971012789],[126.86343781046403,37.52855507000887]]]},"properties":{"pnu":"1147010100108990001","jibun":"899-1대","bchk":"1","sgg_oid":73285,"col_adm_se":"11470","facility_name":"홍익병원","facility_type":"종합병원","reference_lon":126.8636640030062,"reference_lat":37.52844147447355,"snapshot_date":"2020-12","source_type":"OFFLINE_CADASTRAL_SNAPSHOT_202012","geometry_quality":"valid"}},{"type":"Feature","geometry":{"type":"Polygon","coordinates":[[[126.8324058259243,37.512178088142775],[126.83243433112348,37.51222723321949],[126.83346261553987,37.5125171994473],[126.83392501586366,37.511548384833695],[126.83375370418347,37.51152877025128],[126.83291340750466,37.51129178324848],[126.83281073547924,37.511329658690244],[126.83270652567626,37.51154809143024],[126.83268998927356,37.511658710095844],[126.83262964508714,37.51178512366061],[126.83254572142101,37.511884924087504],[126.8324058259243,37.512178088142775]]]},"properties":{"pnu":"1147010100113200007","jibun":"1320-7 대","bchk":"1","sgg_oid":97322,"col_adm_se":"11470","facility_name":"서울특별시서남병원","facility_type":"시립병원","reference_lon":126.8331299304024,"reference_lat":37.51201935883779,"snapshot_date":"2020-12","source_type":"OFFLINE_CADASTRAL_SNAPSHOT_202012","geometry_quality":"valid"}},{"type":"Feature","geometry":{"type":"Polygon","coordinates":[[[126.86555576690517,37.51776009903958],[126.86602230181416,37.51792182317904],[126.86624792205363,37.517508344705256],[126.86578161496575,37.51734689200767],[126.86555576690517,37.51776009903958]]]},"properties":{"pnu":"1147010100103210005","jibun":"321-5대","bchk":"1","sgg_oid":78057,"col_adm_se":"11470","facility_name":"양천구보건소","facility_type":"보건소","reference_lon":126.86588962916724,"reference_lat":37.517535585625694,"snapshot_date":"2020-12","source_type":"OFFLINE_CADASTRAL_SNAPSHOT_202012","geometry_quality":"valid"}},{"type":"Feature","geometry":{"type":"Polygon","coordinates":[[[126.8864739850748,37.53749778518143],[126.88681855011382,37.53695599311705],[126.88705731291586,37.536641508044816],[126.88752333608433,37.53590918142838],[126.8860105648418,37.53542901411785],[126.88595084750239,37.535634922649734],[126.88553579592546,37.536394683330634],[126.88536670812154,37.53642776378454],[126.88502471160483,37.53705884255208],[126.88555688471088,37.537243078662655],[126.88557038519686,37.537219666112094],[126.88559119279407,37.53722680437957],[126.88557769231328,37.537250216932456],[126.88636566631158,37.5375229975049],[126.8864739850748,37.53749778518143]]]},"properties":{"pnu":"1147010200109110001","jibun":"911-1대","bchk":"1","sgg_oid":82618,"col_adm_se":"11470","facility_name":"이화여자대학교의과대학부속목동병원","facility_type":"종합병원","reference_lon":126.8862159683056,"reference_lat":37.53654282637804,"snapshot_date":"2020-12","source_type":"OFFLINE_CADASTRAL_SNAPSHOT_202012","geometry_quality":"valid"}},{"type":"Feature","geometry":{"type":"Polygon","coordinates":[[[126.86839729669936,37.5498672440989],[126.8685439734849,37.54985803905878],[126.86869110320931,37.549848654147816],[126.8687076993038,37.54967928661039],[126.86853337100466,37.54945618537308],[126.86840308837145,37.54928945444754],[126.86789613748167,37.54959548895553],[126.86803376052833,37.54975773278671],[126.86814207967508,37.54988542641594],[126.86839729669936,37.5498672440989]]]},"properties":{"pnu":"1150010100102750012","jibun":"275-12대","bchk":"1","sgg_oid":144756,"col_adm_se":"11500","facility_name":"강서구보건소","facility_type":"보건소","reference_lon":126.86828097069805,"reference_lat":37.54964993608145,"snapshot_date":"2020-12","source_type":"OFFLINE_CADASTRAL_SNAPSHOT_202012","geometry_quality":"valid"}},{"type":"Feature","geometry":{"type":"Polygon","coordinates":[[[126.83654924687637,37.55711513272563],[126.83657277909599,37.55709315443999],[126.83663702680926,37.55694492336475],[126.83681042068709,37.55667793201698],[126.83678952946991,37.55660561652303],[126.83671684188852,37.556367338636335],[126.8367015835993,37.556353045672424],[126.8366514040603,37.55630605210855],[126.83658301310693,37.55628557622521],[126.83635610035371,37.55625981511894],[126.83622851683042,37.556230426527165],[126.83617512402289,37.55630103436912],[126.83614138431493,37.55635345171381],[126.83600346099483,37.55656772088969],[126.83607744947058,37.55677973719833],[126.83609108949256,37.55682979723831],[126.83614654622498,37.557003351340555],[126.83623012971178,37.5572936138462],[126.83642008601069,37.55721007861649],[126.83654924687637,37.55711513272563]]]},"properties":{"pnu":"1150010500107280026","jibun":"728-26 답","bchk":"1","sgg_oid":163953,"col_adm_se":"11500","facility_name":"이화여자대학교의과대학부속서울병원","facility_type":"종합병원","reference_lon":126.8362659275,"reference_lat":37.557261149,"snapshot_date":"2020-12","source_type":"OFFLINE_CADASTRAL_SNAPSHOT_202012","geometry_quality":"valid"}},{"type":"Feature","geometry":{"type":"Polygon","coordinates":[[[126.83616436282877,37.5523304491425],[126.8361642577692,37.55226530743985],[126.83616401298987,37.55211997745531],[126.83585395665308,37.55212026366398],[126.83585413662023,37.552233248027115],[126.83585428306638,37.55233069927876],[126.83616436282877,37.5523304491425]]]},"properties":{"pnu":"1150010600107010004","jibun":"701-4대","bchk":"1","sgg_oid":162664,"col_adm_se":"11500","facility_name":"미즈메디병원","facility_type":"종합병원","reference_lon":126.83602535156236,"reference_lat":37.55225379358291,"snapshot_date":"2020-12","source_type":"OFFLINE_CADASTRAL_SNAPSHOT_202012","geometry_quality":"valid"}},{"type":"Feature","geometry":{"type":"Polygon","coordinates":[[[126.7975200045089,37.56047243111427],[126.79751504022984,37.560474999362796],[126.79675291792049,37.56086906966896],[126.79576034822605,37.561148902863316],[126.79600242241744,37.56152692843539],[126.79597496177412,37.56266509834136],[126.79698886917053,37.56266046201786],[126.79789513984552,37.56294674049577],[126.79798296322632,37.562990950212225],[126.79824998927927,37.56314809195109],[126.798617703603,37.56344767208089],[126.79810416625618,37.56395458499224],[126.79784678705617,37.56416109809589],[126.79801879465644,37.56429852496011],[126.79815518433738,37.564214878032466],[126.79825632353534,37.56414946030984],[126.7983406791566,37.56409581655409],[126.79834907856424,37.564087091430004],[126.79841492991008,37.564053687994246],[126.79848112001774,37.564020555400226],[126.79856510449498,37.563978443483165],[126.79862015180359,37.56396394209599],[126.79868946889664,37.56394631174151],[126.7987042417525,37.56392462332162],[126.79873958548717,37.56387179606593],[126.79879163465615,37.563794130230235],[126.79886196934112,37.56369325028078],[126.79891185775743,37.56361927472926],[126.79896378875257,37.56354332048732],[126.79898562859107,37.56346145818983],[126.79901192400305,37.56336428674144],[126.79904709447621,37.56324983154453],[126.79906991183014,37.56318310749402],[126.79909068648055,37.563118362108774],[126.799109275027,37.563066767389856],[126.79913182812682,37.563014008179366],[126.79914057686179,37.563001589546886],[126.7991520729376,37.56297773308039],[126.79924333936466,37.56300464879993],[126.79938480273229,37.56292686554005],[126.79944649061791,37.56288390392437],[126.79961064785961,37.562742819799865],[126.79971431798093,37.56270299318431],[126.80005274597929,37.56248904597032],[126.80015638647185,37.56241795464158],[126.80028063902289,37.56238410914407],[126.80029897672334,37.56238332950776],[126.8006406194225,37.56240418346537],[126.8006518980141,37.56233464640405],[126.80068468552722,37.56230569037444],[126.80094736166576,37.56218675600658],[126.80099684921153,37.562176748998766],[126.80104931516628,37.56219566873285],[126.8010923175461,37.56219826450208],[126.80138911788815,37.562100199885016],[126.80151279334807,37.562027789833984],[126.80167886609985,37.56193013366161],[126.8017617097597,37.56163547064151],[126.80176422379719,37.56162646501661],[126.80180229114396,37.56148489412605],[126.80184286106311,37.56133855221613],[126.80188414812609,37.56117788579359],[126.80190168802612,37.56109421367295],[126.80191980027644,37.561008109848636],[126.8018343874937,37.56099363972346],[126.8017986384454,37.56098763273979],[126.80178381545743,37.56098625618422],[126.80171501854736,37.56097992297024],[126.80159576354762,37.560965935992925],[126.8014741296438,37.560952755753924],[126.80134321863542,37.560938208180296],[126.8012262198973,37.560927017717425],[126.8011169085067,37.560919173841555],[126.80100929387376,37.56091169314105],[126.80095215995169,37.56090339711438],[126.80084660603633,37.56088718018329],[126.80076198199446,37.56087415220364],[126.80065110967385,37.56085756565983],[126.80053062364665,37.56083852998034],[126.80042099544093,37.560822305733375],[126.80034904187626,37.560811461407795],[126.80020072370647,37.560788683918766],[126.80013838272932,37.56078073901533],[126.80005262446716,37.560768699679564],[126.79991437558684,37.56074738059202],[126.79980067318101,37.56073114881268],[126.79967113490393,37.56071146609947],[126.79959171777693,37.56069835608344],[126.79956943572974,37.56069300214655],[126.79945348886818,37.560669738488265],[126.79934218025124,37.56064729354733],[126.7991933182598,37.560616585168],[126.7990805338361,37.56059584932859],[126.79897147756924,37.56057764254309],[126.79882022738718,37.56055125433869],[126.79868741212177,37.56052985304362],[126.7985685001565,37.56051505270932],[126.79844786022844,37.5605114215339],[126.7982440371485,37.56050629557628],[126.798141620598,37.56050215486681],[126.79801204150492,37.560497787058225],[126.79794673628413,37.56049794478017],[126.79790429402763,37.56049787159799],[126.79776691122515,37.56049141779076],[126.79760588305194,37.56048158933557],[126.7975200045089,37.56047243111427]],[[126.80163678321645,37.56171049170587],[126.80163281050562,37.56167237319654],[126.80167333657782,37.561669738832606],[126.80166859709152,37.56162206855556],[126.8017420648417,37.5616172374507],[126.80174592514597,37.56165508547026],[126.80171083274084,37.56165736865916],[126.80171591083747,37.56170539990239],[126.80163678321645,37.56171049170587]],[[126.80059613884563,37.562151200535176],[126.8005885172943,37.5620811808195],[126.80066198628771,37.56207608009348],[126.800666295893,37.56211501009434],[126.80065271141444,37.562115978071645],[126.80065602680932,37.5621458064053],[126.80059965159657,37.562149674833606],[126.80059613884563,37.562151200535176]],[[126.80078247584761,37.562136741276255],[126.80077772191385,37.56209465706724],[126.80082107875485,37.56209166741393],[126.80082537877709,37.56213420134358],[126.80078247584761,37.562136741276255]]]},"properties":{"pnu":"1150011100106760000","jibun":"676 잡","bchk":"1","sgg_oid":172053,"col_adm_se":"11500","facility_name":"우리들병원","facility_type":"종합병원","reference_lon":126.7963653099318,"reference_lat":37.56199597494205,"snapshot_date":"2020-12","source_type":"OFFLINE_CADASTRAL_SNAPSHOT_202012","geometry_quality":"valid"}},{"type":"Feature","geometry":{"type":"Polygon","coordinates":[[[126.85060201849491,37.55672850275374],[126.85068038784377,37.556870778983956],[126.85081322204985,37.55711178299661],[126.85086592874453,37.55712806805955],[126.85121586229974,37.557005664140526],[126.85131377055565,37.55697141599137],[126.85135451939443,37.556957160111985],[126.85137507708257,37.55691509204018],[126.85130854641857,37.55679436497325],[126.85124409095062,37.556677334563304],[126.85118439423972,37.55656895967133],[126.85117930069761,37.55656931358198],[126.85112904033308,37.55657483571256],[126.85107911567897,37.556582250326784],[126.85102975344152,37.55659137751617],[126.85098095325506,37.556602397478805],[126.85095411656638,37.55660957117566],[126.85088549262335,37.556629665810554],[126.85086227566482,37.55663774509334],[126.85075049430968,37.55667670535064],[126.85060201849491,37.55672850275374]]]},"properties":{"pnu":"1150010200106570000","jibun":"657대","bchk":"1","sgg_oid":336033,"col_adm_se":"11500","facility_name":"부민병원","facility_type":"종합병원","reference_lon":126.85094950539181,"reference_lat":37.556940892893586,"snapshot_date":"2020-12","source_type":"OFFLINE_CADASTRAL_SNAPSHOT_202012","geometry_quality":"valid"}},{"type":"Feature","geometry":{"type":"Polygon","coordinates":[[[126.8893886111552,37.50022361635244],[126.88956671134302,37.500006374372994],[126.88931901386356,37.49987747684004],[126.88922985202205,37.499985151525564],[126.88922646193159,37.49998343640665],[126.88907124676487,37.50017267861184],[126.88922255494231,37.50025138957615],[126.8893886111552,37.50022361635244]]]},"properties":{"pnu":"1153010200101090004","jibun":"109-4대","bchk":"1","sgg_oid":120194,"col_adm_se":"11530","facility_name":"구로구보건소","facility_type":"보건소","reference_lon":126.88936460104897,"reference_lat":37.5001092837881,"snapshot_date":"2020-12","source_type":"OFFLINE_CADASTRAL_SNAPSHOT_202012","geometry_quality":"valid"}},{"type":"Feature","geometry":{"type":"Polygon","coordinates":[[[126.88411301435191,37.49088731416244],[126.88403541213212,37.49125485387551],[126.88383131135643,37.49209067018328],[126.8837226890237,37.492559261832156],[126.8836859727009,37.49271768397861],[126.88370579981178,37.492721956467584],[126.88373745089791,37.492728745518974],[126.88390455831069,37.492814506923],[126.88390625391001,37.49281486901064],[126.88541133840498,37.49316792758529],[126.88536158643905,37.493385379909455],[126.88531202400053,37.49340731555471],[126.88546573594068,37.493455850298155],[126.88549421683608,37.49346551896205],[126.88546725238157,37.493425848512445],[126.88552258252045,37.49318407464072],[126.8855782047355,37.493192058029415],[126.88577106024702,37.49234909191763],[126.88578571486856,37.49230522760097],[126.88571845485689,37.49229173680707],[126.88567888746293,37.49221231996977],[126.88568754737886,37.49216953098606],[126.88562278377965,37.49207729523198],[126.88560687507385,37.49205457443934],[126.88556165800381,37.49197262921851],[126.88554387426268,37.49191936269417],[126.8855459250975,37.491909363612855],[126.88553746443712,37.49189638091522],[126.88552720110786,37.49187916174967],[126.88550617185642,37.491877249004155],[126.88549570476071,37.49177245248376],[126.88549913397028,37.491748579364],[126.88548466302619,37.49174676315434],[126.88549170189013,37.491728569876535],[126.88545268049464,37.491735108847074],[126.88554486379813,37.49164500931424],[126.88556162437494,37.4916286275731],[126.88558634327846,37.491584412752786],[126.88558627824192,37.49155332820468],[126.885530761445,37.491477950155385],[126.88544233211957,37.49140749524715],[126.8850352852561,37.491245365227705],[126.88502704486827,37.491163456240216],[126.8849674047461,37.491122492041505],[126.88493214044378,37.49111272645417],[126.88489054646918,37.4911013328092],[126.88480713282851,37.49107827495246],[126.88477966120855,37.491074643814315],[126.88475265843996,37.49106038133768],[126.88469367160265,37.491035725738975],[126.88464846239741,37.49102234623485],[126.88465176837981,37.49100514041212],[126.88459145463366,37.49096129215766],[126.88453775507327,37.49088168073526],[126.88445421352623,37.49086835329825],[126.88411301435191,37.49088731416244]]]},"properties":{"pnu":"1153010200100800000","jibun":"80대","bchk":"1","sgg_oid":125327,"col_adm_se":"11530","facility_name":"고려대학교의과대학부속구로병원","facility_type":"종합병원","reference_lon":126.8847449363546,"reference_lat":37.49211114525054,"snapshot_date":"2020-12","source_type":"OFFLINE_CADASTRAL_SNAPSHOT_202012","geometry_quality":"valid"}},{"type":"Feature","geometry":{"type":"Polygon","coordinates":[[[126.86662874224494,37.49961462417913],[126.8665146932224,37.49952024950303],[126.8664624110336,37.49947721213603],[126.86628254878103,37.49938095998437],[126.86604393400077,37.49956863481955],[126.86624616777789,37.49973870469448],[126.86629655072971,37.49978141562224],[126.86639770068841,37.499867180230936],[126.86651683882923,37.49983605179654],[126.86671094788473,37.4996827433677],[126.86662874224494,37.49961462417913]]]},"properties":{"pnu":"1153010600100760189","jibun":"76-189 대","bchk":"1","sgg_oid":142551,"col_adm_se":"11530","facility_name":"구로성심병원","facility_type":"종합병원","reference_lon":126.86636039556485,"reference_lat":37.49964578669388,"snapshot_date":"2020-12","source_type":"OFFLINE_CADASTRAL_SNAPSHOT_202012","geometry_quality":"valid"}},{"type":"Feature","geometry":{"type":"Polygon","coordinates":[[[126.90041966030816,37.45577551383228],[126.9004928125208,37.45579748882732],[126.90050546588898,37.455801283863785],[126.9006358616387,37.4559763794433],[126.90074730009668,37.455910151519795],[126.90078125107645,37.455877113572555],[126.90074627020448,37.45583536721424],[126.9008355667801,37.45574426159274],[126.90076435682296,37.45566455205351],[126.90069664548678,37.45558871977717],[126.90068874582563,37.45557988318741],[126.90063186861103,37.45551604348419],[126.90058287865683,37.45547032069359],[126.9005442480923,37.455453348799324],[126.90049094249359,37.45559124714414],[126.90049089729705,37.45559123809548],[126.90046625189058,37.455654999184034],[126.90041966030816,37.45577551383228]]]},"properties":{"pnu":"1154510300108820031","jibun":"882-31 대","bchk":"1","sgg_oid":74792,"col_adm_se":"11545","facility_name":"희명병원","facility_type":"종합병원","reference_lon":126.90056251863875,"reference_lat":37.45567063464179,"snapshot_date":"2020-12","source_type":"OFFLINE_CADASTRAL_SNAPSHOT_202012","geometry_quality":"valid"}},{"type":"Feature","geometry":{"type":"Polygon","coordinates":[[[126.89645056067233,37.45656960380971],[126.8961900104686,37.45650352645778],[126.89571783503865,37.45638225292565],[126.89550673904026,37.45632835486295],[126.89539887567302,37.456300353940385],[126.89525724020731,37.4562650514505],[126.89514807725206,37.45623705814051],[126.89503005632376,37.4562070024576],[126.89490046128817,37.456257053585894],[126.89468574313202,37.45634272547985],[126.89468178845114,37.45634193803079],[126.89463649738252,37.4563597910424],[126.89458479154365,37.456477370478396],[126.89452657216741,37.45661309023366],[126.89441133441635,37.45688201693293],[126.89428241220592,37.45701385220402],[126.89425085505526,37.45704612459424],[126.8942409971963,37.45705555817863],[126.89415098619398,37.45714163954476],[126.89402185427265,37.45727722251503],[126.89413660731668,37.45723015021296],[126.89433888122858,37.45714690076083],[126.89471558807116,37.45709299226408],[126.89482098204567,37.45707772532175],[126.89504874673788,37.45711847593843],[126.89522294463839,37.45721061632294],[126.89537274194083,37.45729410291138],[126.89550122501602,37.45736827182175],[126.89569075737515,37.45732695941502],[126.89569655290279,37.45732882067423],[126.89575416933798,37.45734727977662],[126.89578354242754,37.45735669452859],[126.89582790711448,37.45737090701613],[126.89597470497587,37.45739380658995],[126.8960450473088,37.457404771543196],[126.89605415508444,37.45740619424825],[126.89617846575696,37.45742584790356],[126.89631959402836,37.45705852578172],[126.89632024956654,37.45705852636519],[126.89632280705965,37.457032066126494],[126.8963540249347,37.45691050328995],[126.89639254192419,37.45678236959868],[126.89645056067233,37.45656960380971]]]},"properties":{"pnu":"1154510300110200000","jibun":"1020 대","bchk":"1","sgg_oid":157028,"col_adm_se":"11545","facility_name":"금천구보건소","facility_type":"보건소","reference_lon":126.89502306376147,"reference_lat":37.45664253298437,"snapshot_date":"2020-12","source_type":"OFFLINE_CADASTRAL_SNAPSHOT_202012","geometry_quality":"valid"}},{"type":"Feature","geometry":{"type":"Polygon","coordinates":[[[126.9036393526097,37.51897654065582],[126.90372900906263,37.518968109516514],[126.90387142915321,37.5189552530012],[126.90394882150049,37.51894846938774],[126.90393450631818,37.51884003176502],[126.90392872819459,37.51879494117646],[126.90386695964386,37.51880005283268],[126.90385331624272,37.518801194827105],[126.90367483025031,37.51881748127491],[126.903572594532,37.51882654165023],[126.90358691499897,37.518913220280204],[126.90359156720821,37.518945479775425],[126.90361322129695,37.518960156921864],[126.9036393526097,37.51897654065582]]]},"properties":{"pnu":"1156010500100920000","jibun":"92대","bchk":"1","sgg_oid":137100,"col_adm_se":"11560","facility_name":"씨엠병원","facility_type":"종합병원","reference_lon":126.90367981067837,"reference_lat":37.518848328762154,"snapshot_date":"2020-12","source_type":"OFFLINE_CADASTRAL_SNAPSHOT_202012","geometry_quality":"valid"}},{"type":"Feature","geometry":{"type":"Polygon","coordinates":[[[126.89558724009618,37.526638177191984],[126.89562606335446,37.52663198613464],[126.89568612514992,37.52662277774612],[126.89583469584953,37.526599701164386],[126.8959630461096,37.52657963366735],[126.89618492857143,37.52654529664164],[126.89638656809356,37.526513824363974],[126.89659278997043,37.52648177016637],[126.89663760997118,37.526474800238276],[126.89661579844089,37.52637808616232],[126.89658615174704,37.526253875784086],[126.89657085557711,37.526190143876356],[126.89655022790696,37.52610446801612],[126.89652918422351,37.526016998802554],[126.8965070054759,37.525924194688216],[126.89649189945808,37.52586210274557],[126.89625498123739,37.52589875151982],[126.89602683214488,37.525934011109555],[126.89582618995189,37.5259652043613],[126.89575441745251,37.525976195315465],[126.89526365926092,37.52605474502257],[126.89529579046327,37.52618837336041],[126.89531160306332,37.52625413313412],[126.89540041372162,37.52661802543404],[126.89545133990742,37.52665310183344],[126.89558724009618,37.526638177191984]]]},"properties":{"pnu":"1156011300103850001","jibun":"385-1대","bchk":"1","sgg_oid":142259,"col_adm_se":"11560","facility_name":"영등포구보건소","facility_type":"보건소","reference_lon":126.8963695056,"reference_lat":37.5259636096,"snapshot_date":"2020-12","source_type":"OFFLINE_CADASTRAL_SNAPSHOT_202012","geometry_quality":"valid"}},{"type":"Feature","geometry":{"type":"Polygon","coordinates":[[[126.92235783241749,37.512262334654984],[126.92252029817371,37.512220718260004],[126.9224589669452,37.51206417411118],[126.9226630341379,37.51201062912722],[126.92289548657175,37.51195035422053],[126.92286323219692,37.511871414448834],[126.92280289639609,37.51188670922347],[126.92276858321192,37.51180814647188],[126.9227471545812,37.511814105792965],[126.92278123099798,37.511891929575604],[126.92262431056005,37.51193142368364],[126.92259338966498,37.51185388127363],[126.9225700721291,37.51185983930051],[126.92260052900923,37.51193762467565],[126.92245116540738,37.51197570002672],[126.92242267665415,37.51189797900122],[126.92224306001853,37.51194389953016],[126.92207221143276,37.51198746507138],[126.922134433093,37.51214612736314],[126.92221104926678,37.51212711373575],[126.92229908092118,37.51210523353517],[126.92233526368527,37.51220173651535],[126.92235783241749,37.512262334654984]]]},"properties":{"pnu":"1156013200104510005","jibun":"451-5대","bchk":"1","sgg_oid":155125,"col_adm_se":"11560","facility_name":"성애의료재단성애병원","facility_type":"종합병원","reference_lon":126.92236733617031,"reference_lat":37.51205044957338,"snapshot_date":"2020-12","source_type":"OFFLINE_CADASTRAL_SNAPSHOT_202012","geometry_quality":"valid"}},{"type":"Feature","geometry":{"type":"Polygon","coordinates":[[[126.8989649015573,37.49407481030261],[126.89917098095188,37.49420527349212],[126.89940901247853,37.493965624432526],[126.89955001228986,37.49382354148616],[126.8994475145808,37.4937589684608],[126.8993451300169,37.49369447653372],[126.89924142374835,37.493629145443805],[126.89911221058368,37.493760011791615],[126.89910996851744,37.49376228036657],[126.8992137985171,37.493828143267166],[126.89920485272371,37.49383732571369],[126.8989649015573,37.49407481030261]]]},"properties":{"pnu":"1156013300107090001","jibun":"709-1대","bchk":"1","sgg_oid":171067,"col_adm_se":"11560","facility_name":"명지성모병원","facility_type":"종합병원","reference_lon":126.89925446922592,"reference_lat":37.4938507104387,"snapshot_date":"2020-12","source_type":"OFFLINE_CADASTRAL_SNAPSHOT_202012","geometry_quality":"valid"}},{"type":"Feature","geometry":{"type":"Polygon","coordinates":[[[126.91034423411142,37.523707896134745],[126.9104634371901,37.52352785219516],[126.91061224555165,37.523309412497575],[126.91034921752676,37.52320096424739],[126.91020426057027,37.52341469439185],[126.91008028432093,37.52359382437335],[126.91008129055419,37.52359429366963],[126.91034423411142,37.523707896134745]]]},"properties":{"pnu":"1156010800100940017","jibun":"94-17 대","bchk":"1","sgg_oid":176993,"col_adm_se":"11560","facility_name":"한림대학교한강성심병원","facility_type":"종합병원","reference_lon":126.91033000120589,"reference_lat":37.52346674579277,"snapshot_date":"2020-12","source_type":"OFFLINE_CADASTRAL_SNAPSHOT_202012","geometry_quality":"valid"}},{"type":"Feature","geometry":{"type":"Polygon","coordinates":[[[126.93759807685697,37.51809518066271],[126.93770072982866,37.51798865737064],[126.93774016293926,37.51794768335764],[126.93658309897359,37.517768196273714],[126.9362731478679,37.51772007448009],[126.93607264471976,37.51768816741852],[126.9354049945802,37.51758330713265],[126.93536377271604,37.517599159601254],[126.93533950376404,37.51761846335876],[126.93532433139724,37.51763535754014],[126.93531331989814,37.51765425426247],[126.93530808947627,37.517672145108875],[126.93530733479658,37.51769413799503],[126.93531618767096,37.517724344338355],[126.93534756584846,37.517750013272156],[126.9357636913673,37.518012011966945],[126.93595191382428,37.518131039030344],[126.93597613119596,37.51814485572584],[126.93628465690584,37.5183378756509],[126.93682146539781,37.51867444952851],[126.93695385262929,37.51875872902388],[126.93759807685697,37.51809518066271]]]},"properties":{"pnu":"1156011000100620000","jibun":"62 대","bchk":"1","sgg_oid":175153,"col_adm_se":"11560","facility_name":"가톨릭대학교여의도성모병원","facility_type":"종합병원","reference_lon":126.93673129599131,"reference_lat":37.51827233800711,"snapshot_date":"2020-12","source_type":"OFFLINE_CADASTRAL_SNAPSHOT_202012","geometry_quality":"valid"}},{"type":"Feature","geometry":{"type":"Polygon","coordinates":[[[126.90675303901332,37.49020983544641],[126.90678613220426,37.49032904625222],[126.90688287742464,37.49067938748126],[126.90695788222838,37.49095555892979],[126.90694756064781,37.49098971658131],[126.90707079555719,37.49090436433345],[126.90707612973725,37.49092467713305],[126.90717071988438,37.49086840417439],[126.90723821685033,37.49083937377838],[126.90736004905037,37.490799070098774],[126.90747466706206,37.49076769846973],[126.90750604277287,37.49074264861335],[126.90752428570501,37.49073044556961],[126.90737537561799,37.49053383696496],[126.90735526694979,37.49054606552927],[126.90734578397816,37.49053389447312],[126.90728709111775,37.49045865022845],[126.90729591069439,37.490485831418454],[126.90717275487955,37.49051803398857],[126.90714303777084,37.4904200895886],[126.90722334397631,37.490383392910175],[126.90724479446685,37.490374138738254],[126.90721873612341,37.49032498641917],[126.90718639151777,37.49027534253531],[126.90715162999493,37.49028637905619],[126.90708213854975,37.49031027211219],[126.90702699283231,37.490211127042905],[126.90702569468542,37.49020937806489],[126.90701929428594,37.490200732356804],[126.90699588840144,37.49020938125382],[126.90699330910438,37.4902103432603],[126.90688624600728,37.490249946606085],[126.90686241591172,37.49020942757138],[126.90685205794306,37.490191822744464],[126.90684769229537,37.49019261212653],[126.90677154215187,37.49020647153567],[126.90675303901332,37.49020983544641]]]},"properties":{"pnu":"1156013300109780013","jibun":"978-13대","bchk":"1","sgg_oid":173358,"col_adm_se":"11560","facility_name":"대림성모병원","facility_type":"종합병원","reference_lon":126.90716948025135,"reference_lat":37.49068925436284,"snapshot_date":"2020-12","source_type":"OFFLINE_CADASTRAL_SNAPSHOT_202012","geometry_quality":"valid"}},{"type":"Feature","geometry":{"type":"Polygon","coordinates":[[[126.90875651536827,37.49423406430508],[126.90875749184404,37.49423083949417],[126.90878034740005,37.49415597538259],[126.9087813238849,37.494152741561464],[126.90884287691426,37.493966724484956],[126.9088712905636,37.49387780011174],[126.90894954586284,37.4936727038892],[126.90895397213298,37.49365958880571],[126.90897331850694,37.49359661509228],[126.90899499738985,37.49348527755228],[126.90905258319866,37.49332441314282],[126.90907155055133,37.49322018234726],[126.90908768825393,37.49309974035231],[126.90909247301745,37.49300670688717],[126.9090677123206,37.49282044190432],[126.90903323113324,37.49270425805747],[126.90898376463485,37.49257188952073],[126.90892182623875,37.49245755820849],[126.90880855389737,37.492478138312144],[126.90845262241571,37.492540324788656],[126.90861310152239,37.493344052550974],[126.9082706568325,37.49346929200233],[126.9081841074529,37.49350472304079],[126.908004459343,37.493477280706635],[126.90798760364899,37.49348285356092],[126.90825965722937,37.49373976334292],[126.90842711417281,37.493905445027224],[126.90844072354376,37.493918907669816],[126.90868544453674,37.49416102753954],[126.90868726280134,37.494162903046785],[126.90875651536827,37.49423406430508]]]},"properties":{"pnu":"1156013300109480001","jibun":"948-1 대","bchk":"1","sgg_oid":153607,"col_adm_se":"11560","facility_name":"한림대학교강남성심병원","facility_type":"종합병원","reference_lon":126.9086725295,"reference_lat":37.4932492859,"snapshot_date":"2020-12","source_type":"OFFLINE_CADASTRAL_SNAPSHOT_202012","geometry_quality":"valid"}},{"type":"Feature","geometry":{"type":"Polygon","coordinates":[[[126.92365311130915,37.49425055118049],[126.92379710765172,37.49487235357019],[126.92384408149933,37.494872330401314],[126.92454299954487,37.4948736347588],[126.92487812870877,37.494561331990866],[126.92465061235801,37.49408532135472],[126.92458729025542,37.493840262348535],[126.9245753849904,37.493794222532685],[126.92464606012044,37.49378264564379],[126.92468817014732,37.49377229352019],[126.92471320487215,37.49376225464267],[126.9247328550015,37.49375418544938],[126.92476557507719,37.49372597839533],[126.92479092362494,37.493685485922065],[126.9248360115837,37.49356058260154],[126.92485566501742,37.49348283008625],[126.92485767321494,37.493465207838376],[126.92487695552543,37.49342968492609],[126.92490600233677,37.49339952928968],[126.92498983879646,37.493366381788356],[126.92523534150054,37.49330202898117],[126.92540868194388,37.49325518968179],[126.92545322205534,37.49323437824475],[126.92549725945878,37.493196321335425],[126.92551645455589,37.493168384677354],[126.92553886572473,37.49313584597631],[126.92552637057618,37.49300189533991],[126.92548566597546,37.49281992128876],[126.92531284633466,37.4928449027899],[126.92526426046747,37.49285238577997],[126.92523495744021,37.49285685384258],[126.92384319057466,37.49305729344879],[126.92337830598522,37.49311999381076],[126.92336403340136,37.49312201161971],[126.92339353002328,37.49324672946777],[126.92344188904738,37.49347933644607],[126.92352385549457,37.49382070721278],[126.92356502913222,37.49393900858508],[126.92357207736727,37.493957519763924],[126.92365311130915,37.49425055118049]]]},"properties":{"pnu":"1159010900104250000","jibun":"425대","bchk":"1","sgg_oid":170881,"col_adm_se":"11590","facility_name":"서울특별시보라매병원","facility_type":"시립병원","reference_lon":126.92404876254014,"reference_lat":37.4937184009319,"snapshot_date":"2020-12","source_type":"OFFLINE_CADASTRAL_SNAPSHOT_202012","geometry_quality":"valid"}},{"type":"Feature","geometry":{"type":"Polygon","coordinates":[[[126.94064621254505,37.50592265761156],[126.94085746630674,37.50579842858992],[126.94089196173745,37.50579754529972],[126.9409486206876,37.505801088253726],[126.94099363002977,37.50580534601095],[126.94107211119584,37.50581583776619],[126.94118293136013,37.50583490546823],[126.94119390137683,37.50583545166898],[126.94120442219298,37.50583203324939],[126.94121257006374,37.505826000724205],[126.94131513747118,37.505700093554616],[126.94091951597748,37.505569066409905],[126.94084645951952,37.50556380312605],[126.9407689121876,37.50551781238893],[126.9405633891542,37.505549511746224],[126.94039183539059,37.505531763549996],[126.94032523193145,37.50551866460195],[126.94014316123923,37.505499739299424],[126.93993245543905,37.50550719802663],[126.93983521378651,37.5054807480596],[126.93976408258779,37.50547251181893],[126.93973518704983,37.50554025174257],[126.93972300829465,37.5056341293383],[126.9397311008734,37.50569531131745],[126.93990682212693,37.505734145993195],[126.93989424935778,37.50582602318311],[126.93989350976648,37.50583144680355],[126.94064621254505,37.50592265761156]]]},"properties":{"pnu":"1159010100103280000","jibun":"328종","bchk":"1","sgg_oid":196262,"col_adm_se":"11590","facility_name":"동작구보건소","facility_type":"보건소","reference_lon":126.941124327292,"reference_lat":37.5057285769739,"snapshot_date":"2020-12","source_type":"OFFLINE_CADASTRAL_SNAPSHOT_202012","geometry_quality":"valid"}},{"type":"Feature","geometry":{"type":"Polygon","coordinates":[[[126.96067517913099,37.50656719512432],[126.96066479460966,37.50657099374393],[126.96041183262518,37.50662254217295],[126.96021177532405,37.50674034090738],[126.96015405574204,37.50674982623709],[126.96012468155715,37.50675418578712],[126.96013122326194,37.50680733793023],[126.96014883030524,37.5069347902124],[126.96017031320767,37.50708911159426],[126.96018723236816,37.50721313082307],[126.96021967462093,37.5073267129127],[126.96026451175399,37.50731872772005],[126.9602687161039,37.507324108143585],[126.96030097455639,37.5073197315446],[126.96032758522153,37.50742576120839],[126.96034842936487,37.50744666260736],[126.96086414548004,37.50760786748392],[126.96154009886587,37.50741902383016],[126.9615630981281,37.50740766102185],[126.96161536795745,37.50737442286855],[126.9616171787674,37.50737214395635],[126.96162047883332,37.50731298557075],[126.96161854660247,37.50730965122719],[126.96153693367611,37.507309966014134],[126.96150423739861,37.50720241187324],[126.96154519555006,37.50719340675309],[126.96151449076396,37.50708415941124],[126.96152814402893,37.50708009152454],[126.96149666397949,37.50696138343847],[126.96146885167107,37.50685779532551],[126.96143742178333,37.50675138585421],[126.96140668811283,37.5066756195398],[126.96141156911634,37.50662128202738],[126.9613204000167,37.50657956187867],[126.96127025701324,37.50652825100806],[126.96081921273972,37.50652084345143],[126.96068490755194,37.50656363053645],[126.96067517913099,37.50656719512432]]]},"properties":{"pnu":"1159010500102240001","jibun":"224-1학","bchk":"1","sgg_oid":205801,"col_adm_se":"11590","facility_name":"중앙대학교병원","facility_type":"종합병원","reference_lon":126.96079378447554,"reference_lat":37.50707428493414,"snapshot_date":"2020-12","source_type":"OFFLINE_CADASTRAL_SNAPSHOT_202012","geometry_quality":"valid"}},{"type":"Feature","geometry":{"type":"Polygon","coordinates":[[[126.93263590138847,37.48443869623765],[126.93266192475045,37.484307795963396],[126.93269780034485,37.48413514002234],[126.93270204685997,37.4841033011197],[126.93272118002112,37.48396480137311],[126.93261627337728,37.48395836115989],[126.93261084353321,37.483973666001155],[126.93248814135424,37.483966332314196],[126.93248711938114,37.48397110702266],[126.93244719605593,37.48397137201278],[126.932433498243,37.48410036933187],[126.93241813415649,37.48411111830021],[126.93240356322481,37.48416911622334],[126.9323458113365,37.48417962414106],[126.93228084969806,37.48417375661794],[126.93227043641285,37.484369799320895],[126.93236508963209,37.48439965085592],[126.93237436709626,37.48440527853116],[126.93263590138847,37.48443869623765]]]},"properties":{"pnu":"1162010200100100715","jibun":"10-715대","bchk":"1","sgg_oid":155398,"col_adm_se":"11620","facility_name":"의료법인서울효천의료재단에이치플러스양지병원","facility_type":"종합병원","reference_lon":126.93253922577287,"reference_lat":37.48427507045319,"snapshot_date":"2020-12","source_type":"OFFLINE_CADASTRAL_SNAPSHOT_202012","geometry_quality":"valid"}},{"type":"Feature","geometry":{"type":"Polygon","coordinates":[[[126.95077993168097,37.478751775866385],[126.95106044390306,37.478724055016826],[126.9512236067193,37.478707933569],[126.95138652072929,37.47869182981028],[126.95145401993283,37.47868519101216],[126.95202408822928,37.47862893833201],[126.95209479496695,37.478558419472776],[126.95208774605857,37.47844660218062],[126.95208104915814,37.47831532339012],[126.95207830929252,37.47818395615171],[126.95207941332595,37.47805259051852],[126.95208447423435,37.47792131663791],[126.95209337894174,37.477790134462076],[126.95209634139594,37.47775517682049],[126.951682098632,37.47776819351898],[126.95145100899774,37.47777544801285],[126.95130074476171,37.47779619740054],[126.95107664271374,37.47783576406549],[126.9510942181806,37.477960452230526],[126.9511095995171,37.478069660239576],[126.95111270509346,37.478091637003715],[126.95113222703094,37.47823049874948],[126.95113223833648,37.47823049875431],[126.95113725656199,37.47826635176348],[126.95113721133964,37.4782663517442],[126.9509936444528,37.478278922496365],[126.95102196239142,37.478467595405235],[126.95073704121317,37.47849635943266],[126.95074618454177,37.47855081991972],[126.95075712956502,37.4786159580525],[126.95077993168097,37.478751775866385]]]},"properties":{"pnu":"1162010100115700001","jibun":"1570-1 대","bchk":"1","sgg_oid":190555,"col_adm_se":"11620","facility_name":"관악구보건소","facility_type":"보건소","reference_lon":126.95112762992993,"reference_lat":37.47853037138971,"snapshot_date":"2020-12","source_type":"OFFLINE_CADASTRAL_SNAPSHOT_202012","geometry_quality":"valid"}},{"type":"Feature","geometry":{"type":"Polygon","coordinates":[[[127.01815792009295,37.48256559744218],[127.01803708011235,37.482519411046184],[127.01802924764364,37.48253191804107],[127.01774737880946,37.482982268590334],[127.01790871823131,37.48307867148299],[127.0183023220069,37.48266036236602],[127.01831149825222,37.48264054804078],[127.01825855821106,37.48262189581449],[127.01821434672165,37.48260370184195],[127.01822225830672,37.48259117680373],[127.01819772158998,37.48258144945491],[127.01815792009295,37.48256559744218]]]},"properties":{"pnu":"1165010800114260001","jibun":"1426-1 대","bchk":"1","sgg_oid":112207,"col_adm_se":"11650","facility_name":"기쁨병원","facility_type":"종합병원","reference_lon":127.018063486739,"reference_lat":37.482713030212,"snapshot_date":"2020-12","source_type":"OFFLINE_CADASTRAL_SNAPSHOT_202012","geometry_quality":"valid"}},{"type":"Feature","geometry":{"type":"Polygon","coordinates":[[[127.06768545715191,37.455263218994055],[127.06770962742961,37.45527039548326],[127.06771626004786,37.45525560626815],[127.06780153298818,37.45504885879913],[127.06785728947193,37.45492456083134],[127.06798654363375,37.45483921704227],[127.06804656910361,37.454801160833206],[127.06814078464465,37.454866637894135],[127.06807254817073,37.4549492895393],[127.06793145830915,37.455057579673245],[127.06784460690425,37.45526827452549],[127.06785694235553,37.45531212854931],[127.06787012454893,37.45531654508612],[127.06786259738385,37.45532940666011],[127.06792870390322,37.45554705245258],[127.06792508592126,37.455558380124074],[127.06800437605645,37.45556446238168],[127.06809345046022,37.455617679679584],[127.06809055443183,37.45564017040667],[127.06813370221813,37.45563570413698],[127.06816514398581,37.45569836034808],[127.06824518729438,37.45576327767315],[127.06826754469017,37.45577783430547],[127.06817859255803,37.45581179835541],[127.06811035214834,37.45585268841133],[127.06813809566627,37.455861565698875],[127.06809510276886,37.45588790829388],[127.06805156732665,37.455914242168525],[127.06801399663723,37.455937419152235],[127.0681919146359,37.45599913689213],[127.06819656108622,37.45600052181901],[127.06828083035458,37.45602568437507],[127.06875973333831,37.45618196254994],[127.06906646582438,37.45628276330144],[127.06946950099707,37.45641549361172],[127.06980266926938,37.456526260383754],[127.06991409769323,37.456562236160806],[127.07006922260253,37.45661231425754],[127.07008768491191,37.45661844840315],[127.0701357004833,37.456634386348256],[127.07060147468928,37.456787213812916],[127.07064842510223,37.4566403134916],[127.07065546970048,37.45661927990761],[127.07065891874865,37.4566089974197],[127.07060239387737,37.45660692212273],[127.07036730972752,37.45659933769321],[127.07032178537132,37.45650219979537],[127.07029842263118,37.45645190125859],[127.07023882318902,37.45632578617579],[127.07027901603645,37.456204415399974],[127.07028735397327,37.45618864295508],[127.07033138806591,37.45611512231786],[127.07034315028262,37.456099041533115],[127.07035652920284,37.456083491398644],[127.0703133066954,37.456080552258996],[127.07031503563618,37.45601852604341],[127.07031961062972,37.4558925087681],[127.07032312184029,37.45580201875228],[127.07038605864457,37.455611446479445],[127.0705943542817,37.45560755871538],[127.07051084536641,37.455499982395736],[127.07029015772407,37.45547358542103],[127.07027517663073,37.45540559525589],[127.07012538220536,37.45537316502109],[127.07019112596923,37.455013787826395],[127.07055793116807,37.45504610942822],[127.0706180790992,37.45490898628552],[127.07011087503088,37.45446258120553],[127.07010971034036,37.454461942167505],[127.06993215211007,37.45456958911287],[127.0697643741655,37.45448319858847],[127.06962370956869,37.45444607721039],[127.06951896014685,37.45441843160449],[127.06948455984707,37.45440925212526],[127.06946958120659,37.454405395424196],[127.06944027942953,37.454397663619545],[127.06937252478441,37.45439859453499],[127.06930552736307,37.45439951596724],[127.0692887507127,37.45436949507122],[127.06946904649446,37.45432654872937],[127.06953648212108,37.454322860864984],[127.06960062886432,37.45431917485676],[127.0696620917572,37.4543345916806],[127.06965646679178,37.45417640536332],[127.06961475623484,37.454194386446346],[127.06946065685081,37.454260131417236],[127.06935118185044,37.45430572211667],[127.06927568774316,37.4543217492628],[127.06920453429626,37.4543260427815],[127.06916178292713,37.454317994247674],[127.0689661649736,37.45437741023907],[127.06897506787082,37.454436907569054],[127.06872040555852,37.454468623886264],[127.06845227409465,37.45450378011506],[127.06832602305056,37.45453343156418],[127.06845714884598,37.45452048199808],[127.06851846012408,37.454518050581],[127.06841209345039,37.454590389502954],[127.0683467312582,37.45468913164287],[127.06821451921721,37.454802850162345],[127.06817983695592,37.45483255786315],[127.06805953933431,37.45475777011318],[127.0679671935543,37.45478705069125],[127.06786920760196,37.45482870517003],[127.06783245001759,37.45485060221576],[127.067797635389,37.454871389923525],[127.06775461398327,37.45492897928737],[127.06772354537702,37.45505811979917],[127.06773385481625,37.45506030346693],[127.06775286962542,37.455065608744455],[127.06774040413313,37.455130524167615],[127.06769834122315,37.4552243333927],[127.06768856104361,37.45524562962893],[127.06768545715191,37.455263218994055]]]},"properties":{"pnu":"1165010900103750000","jibun":"375 대","bchk":"1","sgg_oid":250321,"col_adm_se":"11650","facility_name":"서울특별시어린이병원","facility_type":"시립병원","reference_lon":127.068851404997,"reference_lat":37.4557172797141,"snapshot_date":"2020-12","source_type":"OFFLINE_CADASTRAL_SNAPSHOT_202012","geometry_quality":"valid"}},{"type":"Feature","geometry":{"type":"Polygon","coordinates":[[[127.0061022995853,37.50197832787184],[127.0057571739864,37.50171301473271],[127.00553410161285,37.50171658147355],[127.00549829709857,37.50172014162985],[127.00519279375412,37.50175050617101],[127.00515340398356,37.50174936312211],[127.00490849433523,37.501770642982216],[127.00490377939646,37.501792149951434],[127.00490237735272,37.501798565100856],[127.0048672849952,37.50179652984482],[127.00486579198932,37.50179206994465],[127.00413949474596,37.50174602025033],[127.00411717050382,37.50174566935447],[127.00388078857743,37.50179595904737],[127.00387253399005,37.50183051250413],[127.00399054304393,37.50211599145331],[127.00586613606924,37.5028590897593],[127.0058666223112,37.50285808963324],[127.00586670147213,37.50285801755049],[127.00604233580445,37.502497881911914],[127.00605104114584,37.50245193066065],[127.00616604070949,37.502203430830754],[127.00627210750474,37.50199016027804],[127.0061022995853,37.50197832787184]]]},"properties":{"pnu":"1165010700101230000","jibun":"123 대","bchk":"1","sgg_oid":124745,"col_adm_se":"11650","facility_name":"학교법인가톨릭학원가톨릭대학교서울성모병원","facility_type":"종합병원","reference_lon":127.00472725970137,"reference_lat":37.501800804785276,"snapshot_date":"2020-12","source_type":"OFFLINE_CADASTRAL_SNAPSHOT_202012","geometry_quality":"valid"}},{"type":"Feature","geometry":{"type":"Polygon","coordinates":[[[127.03329709646314,37.4842591888655],[127.03355284915125,37.484179092875436],[127.0336255126893,37.4838280430872],[127.03377576375888,37.483538510462374],[127.03374849841325,37.483499054047826],[127.03167614874256,37.48321083027803],[127.03162991619739,37.48323670080768],[127.03147609110971,37.4839388901929],[127.03154347421366,37.48401532303981],[127.03329709646314,37.4842591888655]]]},"properties":{"pnu":"1165010800113760003","jibun":"1376-3대","bchk":"1","sgg_oid":131370,"col_adm_se":"11650","facility_name":"서초구보건소","facility_type":"보건소","reference_lon":127.03357578629902,"reference_lat":37.48363181533362,"snapshot_date":"2020-12","source_type":"OFFLINE_CADASTRAL_SNAPSHOT_202012","geometry_quality":"valid"}},{"type":"Feature","geometry":{"type":"Polygon","coordinates":[[[127.08278241148209,37.48887628211784],[127.08322251995588,37.48901004742427],[127.08323642428145,37.48900679420731],[127.08333256664538,37.489035289378506],[127.08341757785054,37.48901784117626],[127.08430673330383,37.489285629442804],[127.08443176607685,37.48936491988032],[127.0859286710724,37.489810755978056],[127.08602127073347,37.48980420258399],[127.08761580613712,37.490275625896594],[127.08767069986364,37.490321626981824],[127.08801976628874,37.49042552752996],[127.08808205579317,37.490413048108785],[127.08859378060518,37.49056557176977],[127.08878515523517,37.49061084096876],[127.08955648271927,37.49084290691227],[127.08959724729229,37.490891981024404],[127.08959541989887,37.49087648518834],[127.08959572315449,37.49084585096533],[127.08962471045702,37.49078375045788],[127.08966443132731,37.490714433935764],[127.08969382012548,37.49070540200678],[127.08970925530507,37.49065772758963],[127.0897334712578,37.4906730265102],[127.08975166735183,37.49066544452319],[127.08978953246579,37.49065280224012],[127.08995555055387,37.49048184849619],[127.09002141124769,37.49033376488297],[127.09003400377287,37.49027293794991],[127.09008515965706,37.490120720711765],[127.09010327849705,37.48985635371608],[127.09017481266267,37.48972574514962],[127.09019983510929,37.489658241464205],[127.09021683349143,37.48959425769736],[127.09029721253009,37.489580862525195],[127.09039224404272,37.48952781227268],[127.09044436215774,37.489520655156106],[127.09055785168107,37.489300094951545],[127.09041453669658,37.489160728045405],[127.0903309430391,37.489132679706856],[127.09026550609458,37.48906407266406],[127.09027583634446,37.48900288699143],[127.09017073518109,37.488954492089306],[127.08999439931506,37.48890651085867],[127.08982135482783,37.48896484492906],[127.08980997591829,37.4889999924406],[127.08977708034372,37.48900713491998],[127.08976457916546,37.48904949126677],[127.08967406540505,37.489098032647],[127.08956664655776,37.48909784244734],[127.08941505978785,37.489134626024125],[127.08938890291941,37.48919942739285],[127.08933673408296,37.4892597430914],[127.08933318432186,37.48931831073978],[127.08930810718151,37.489436270294064],[127.08928081000731,37.48949305358184],[127.08921389248444,37.489608251084505],[127.0892025089806,37.489639794536906],[127.08920479150304,37.48965781284487],[127.08918775328348,37.48968845949212],[127.08915479479779,37.48973884984851],[127.08915474487883,37.48979290989039],[127.0891545745186,37.48984066302064],[127.08920071233659,37.489940729895906],[127.08920292286749,37.48999388725831],[127.08919032287012,37.49004885761133],[127.0891722604716,37.49007400891412],[127.08919137738799,37.49008039183004],[127.08920029296502,37.49016237621616],[127.08919683928043,37.490206527780025],[127.08915370181913,37.49025512368521],[127.08915385849684,37.490195657568336],[127.08909491896796,37.490268502072304],[127.0890428412022,37.490310797563176],[127.08893074930982,37.4903773743475],[127.0888141194678,37.490431250278164],[127.08872041740447,37.49036536627544],[127.08865384749772,37.49029450669045],[127.08856418033483,37.49019753508576],[127.08852134742195,37.490119089533046],[127.08848993304369,37.49003892365876],[127.08843692880505,37.489964900460414],[127.0884595185374,37.48994334993827],[127.08848326917698,37.48994783745895],[127.0885127323357,37.48990555886568],[127.08852030324427,37.48980374028284],[127.08849794320392,37.4897307757393],[127.08856520298046,37.489714598302726],[127.08856705203708,37.48965152693362],[127.08860239807426,37.489514638969325],[127.08861270348635,37.48943083836104],[127.08867227415847,37.489317448615004],[127.08868542511887,37.4892498639015],[127.08871666353393,37.48917875193732],[127.08866278653853,37.489034451458494],[127.08860589509321,37.48892312978128],[127.08854914511072,37.488836134976516],[127.08847225430966,37.48873690136444],[127.08840182443691,37.488651177953436],[127.08833353275831,37.488556533025346],[127.08839371536452,37.488483597866164],[127.08841122689684,37.488471061084745],[127.08841121333015,37.48845934809102],[127.08845085652311,37.488420666016594],[127.08811985306042,37.48828458775269],[127.08806671482346,37.48828904159142],[127.08801116630501,37.48836053159374],[127.08784956364418,37.488339656478665],[127.08773412768004,37.48834802997306],[127.08755226206497,37.48830680662859],[127.08742898294963,37.48827914552318],[127.08736913121707,37.48824666291639],[127.0871205931194,37.488140435109145],[127.0870594721073,37.48818453829333],[127.08679064831433,37.48803723885944],[127.08666632600558,37.487986422000084],[127.08655431066579,37.487919828645765],[127.08647339576676,37.48785843862829],[127.0862246813854,37.48779410557375],[127.0861050020348,37.48774887099504],[127.0860101709423,37.487679381616566],[127.08574248586196,37.48753577307083],[127.08567237642475,37.487530326924954],[127.0855684397533,37.48750760559772],[127.0855197924207,37.48748322308217],[127.0854983869445,37.48745170328287],[127.08544542074956,37.48740741169587],[127.08543757863352,37.48737137724743],[127.08538667104878,37.48734789728227],[127.08536288074622,37.48740819109863],[127.08530857805391,37.48738201050782],[127.08526569944446,37.48735942579677],[127.08521828903422,37.487328735276265],[127.08520502322276,37.48719449560036],[127.08518358972694,37.487137657647985],[127.08514417576447,37.487078579917544],[127.08510240749081,37.487037523849395],[127.08496235956851,37.48697608450455],[127.08498505545408,37.48694822755691],[127.08499078588002,37.486915787489124],[127.08492857276308,37.4868931262117],[127.08480371657136,37.48686780607362],[127.08469921773391,37.486846886376],[127.08467989795703,37.486860414984214],[127.08466304461797,37.48685493074193],[127.08464032877578,37.48686485773124],[127.08457934958774,37.48683318539601],[127.08452435421975,37.48679348992036],[127.08442468077551,37.48673931966838],[127.08437848699235,37.48668339993733],[127.08431079426867,37.48661298914498],[127.08425658571448,37.48656878798873],[127.08413565285348,37.486511839274144],[127.08410868210598,37.486456897092765],[127.0840510994821,37.486428826110625],[127.083985497089,37.48640805880319],[127.08389280429716,37.48642911677865],[127.08372095218874,37.48643968807455],[127.08369823526156,37.486448623783524],[127.08366668076036,37.48644089712149],[127.08365639550443,37.486444508274616],[127.0835535966507,37.486426379481955],[127.08350836634712,37.48642361777563],[127.08350838407057,37.48643983577462],[127.08347218740161,37.48642625577783],[127.08334675229666,37.48638732938954],[127.0833163182234,37.486370141351145],[127.08321121208277,37.486309666827395],[127.08312543385574,37.486242871856746],[127.08309666924971,37.48630515086589],[127.08312885513033,37.48637369478763],[127.0826236617047,37.487519574758785],[127.08252271004407,37.487537844223844],[127.08246540347587,37.48766105026129],[127.08246065325763,37.4877646685657],[127.08248887093315,37.487823214258505],[127.08256332682328,37.487874700432826],[127.08263562230056,37.48791492553799],[127.08276776343804,37.48798403157188],[127.082824786698,37.488016968958696],[127.08278241148209,37.48887628211784]]]},"properties":{"pnu":"1168011400100500000","jibun":"50 대","bchk":"1","sgg_oid":112937,"col_adm_se":"11680","facility_name":"삼성서울병원","facility_type":"종합병원","reference_lon":127.08668245340024,"reference_lat":37.48851613490445,"snapshot_date":"2020-12","source_type":"OFFLINE_CADASTRAL_SNAPSHOT_202012","geometry_quality":"valid"}},{"type":"Feature","geometry":{"type":"Polygon","coordinates":[[[127.05709112196227,37.49819470186478],[127.05728262106207,37.498254618156835],[127.05744003413638,37.49794766350484],[127.05724910005124,37.49788630559968],[127.05709112196227,37.49819470186478]]]},"properties":{"pnu":"1168010600109390024","jibun":"939-24 대","bchk":"1","sgg_oid":122510,"col_adm_se":"11680","facility_name":"재단법인베스티안재단베스티안서울병원","facility_type":"종합병원","reference_lon":127.05726710883552,"reference_lat":37.49807126965969,"snapshot_date":"2020-12","source_type":"OFFLINE_CADASTRAL_SNAPSHOT_202012","geometry_quality":"valid"}},{"type":"Feature","geometry":{"type":"Polygon","coordinates":[[[127.03434568161734,37.50670521254159],[127.03475266617829,37.50682934632174],[127.03483289030538,37.50665795396265],[127.03442579372069,37.5065344511847],[127.03434568161734,37.50670521254159]]]},"properties":{"pnu":"1168010100106500015","jibun":"650-15 대","bchk":"1","sgg_oid":139709,"col_adm_se":"11680","facility_name":"차의과학대학교강남차병원","facility_type":"종합병원","reference_lon":127.03466865188072,"reference_lat":37.506800025850865,"snapshot_date":"2020-12","source_type":"OFFLINE_CADASTRAL_SNAPSHOT_202012","geometry_quality":"valid"}},{"type":"Feature","geometry":{"type":"Polygon","coordinates":[[[127.04606480063433,37.49328606247554],[127.04612803449504,37.493305617339985],[127.04631345953362,37.493360318952625],[127.04674815558798,37.49348987927077],[127.04699528703385,37.49303823937318],[127.04701394760765,37.492949429650764],[127.04709157045848,37.49284774893715],[127.04715335507704,37.49279009714045],[127.04719985248828,37.49262268241436],[127.04724709440949,37.49245265447748],[127.04735427681958,37.49226175413966],[127.04744456084467,37.49210097168581],[127.04751460318278,37.492123613595076],[127.04769414095078,37.49176550420605],[127.0460540343733,37.49185572928301],[127.0456998540875,37.49261966690623],[127.04548953381502,37.49307014616333],[127.04556898543275,37.49313274505924],[127.04606480063433,37.49328606247554]]]},"properties":{"pnu":"1168011800101460092","jibun":"146-92대","bchk":"1","sgg_oid":140646,"col_adm_se":"11680","facility_name":"연세대학교의과대학강남세브란스병원","facility_type":"종합병원","reference_lon":127.04631254186798,"reference_lat":37.492806984645476,"snapshot_date":"2020-12","source_type":"OFFLINE_CADASTRAL_SNAPSHOT_202012","geometry_quality":"valid"}},{"type":"Feature","geometry":{"type":"Polygon","coordinates":[[[127.04170526810181,37.516447940723076],[127.04173967965137,37.51649460061262],[127.04239354011654,37.516611866052955],[127.04255562146628,37.51617924158172],[127.04194303653914,37.51603564480999],[127.04192067322514,37.51609692921595],[127.04194024424586,37.516101517600916],[127.04190861923038,37.516188024057406],[127.04185894506078,37.516176508281134],[127.0418502591262,37.516199666850284],[127.0418018744036,37.516188069520084],[127.04170526810181,37.516447940723076]]]},"properties":{"pnu":"1168010500100080000","jibun":"8 대","bchk":"1","sgg_oid":140066,"col_adm_se":"11680","facility_name":"강남구보건소","facility_type":"보건소","reference_lon":127.04227756939835,"reference_lat":37.51630311339761,"snapshot_date":"2020-12","source_type":"OFFLINE_CADASTRAL_SNAPSHOT_202012","geometry_quality":"valid"}},{"type":"Feature","geometry":{"type":"Polygon","coordinates":[[[127.03947541912423,37.485712590318165],[127.0396404411232,37.48573578301069],[127.03966850787005,37.485609192331914],[127.03969059573032,37.485509624594],[127.0395237199635,37.485486522666946],[127.03949053431904,37.485641847878924],[127.03947541912423,37.485712590318165]]]},"properties":{"pnu":"1168011800109100027","jibun":"910-27대","bchk":"1","sgg_oid":144237,"col_adm_se":"11680","facility_name":"강남베드로병원","facility_type":"종합병원","reference_lon":127.0395873429168,"reference_lat":37.485612179925724,"snapshot_date":"2020-12","source_type":"OFFLINE_CADASTRAL_SNAPSHOT_202012","geometry_quality":"valid"}},{"type":"Feature","geometry":{"type":"Polygon","coordinates":[[[127.10905472300131,37.52810218269162],[127.10912939328858,37.52810481766398],[127.10927078879476,37.528092074834674],[127.1093878461936,37.52806899263507],[127.10961399286592,37.52798904790306],[127.10986849314082,37.5278802449192],[127.11019118417431,37.5277533587805],[127.11066489856404,37.52754569331783],[127.11077039917292,37.527526999257354],[127.11084326371662,37.52749419871784],[127.1108729539918,37.52747432233128],[127.11091365841139,37.527458967736706],[127.11102448689863,37.527432285706084],[127.11108325712468,37.52739303795689],[127.11121218688078,37.52736678945389],[127.11129127608288,37.52729733942357],[127.1114382627202,37.52724134108233],[127.11174700049132,37.52716897381542],[127.11179689292038,37.52717050398147],[127.11186033421801,37.527153911486465],[127.11189903453908,37.52714533390022],[127.11195167456609,37.52710751501711],[127.11227737934863,37.5270342295032],[127.11287912002746,37.526961584145326],[127.11291523964188,37.526906589437694],[127.11289706933249,37.52685975487474],[127.1119418325602,37.525802884492116],[127.1116529059553,37.52549591516455],[127.11150334556324,37.52533747950608],[127.11134022251113,37.52518716521544],[127.11103548417431,37.52489462495563],[127.1108740713012,37.5248218660339],[127.10986180954848,37.52482324039838],[127.10938939582466,37.524823880023646],[127.1090325967361,37.524824349505685],[127.10739227110119,37.52482649799298],[127.10727903212616,37.52482668954373],[127.10725437307919,37.52482842351116],[127.10723051074369,37.52483358053976],[127.1072081236184,37.52484197982394],[127.10718789020285,37.5248534405586],[127.10717048848953,37.524867421541614],[127.10715655131084,37.524883444681116],[127.10712702718995,37.52492486277357],[127.1069378124414,37.52519035667802],[127.10693722533713,37.52519117710705],[127.10693641243614,37.52519232209561],[127.10648109011846,37.52583110921889],[127.1064712713765,37.52584778634096],[127.10646507422618,37.525865541437625],[127.10646261104016,37.52588383381287],[127.10646399431764,37.52590221286984],[127.1064689971752,37.52592022831275],[127.10647773185937,37.52593724934532],[127.10648974548293,37.52595300607091],[127.10666128443118,37.52614071082089],[127.10702861171889,37.52654258712675],[127.10712945186154,37.526652958902595],[127.10771738954946,37.52729628220399],[127.10831870368324,37.52787210594963],[127.10836025228603,37.52789288133549],[127.1084958810451,37.52796159451552],[127.10869745538876,37.52802331005995],[127.1088125608986,37.528059155213505],[127.10905472300131,37.52810218269162]]]},"properties":{"pnu":"1171010300103880001","jibun":"388-1대","bchk":"1","sgg_oid":101941,"col_adm_se":"11710","facility_name":"재단법인아산사회복지재단서울아산병원","facility_type":"종합병원","reference_lon":127.10823825113607,"reference_lat":37.526563966361216,"snapshot_date":"2020-12","source_type":"OFFLINE_CADASTRAL_SNAPSHOT_202012","geometry_quality":"valid"}},{"type":"Feature","geometry":{"type":"Polygon","coordinates":[[[127.11637066044673,37.50844765538645],[127.11648819397453,37.50838034469722],[127.11630555365431,37.508178059264765],[127.1161880202925,37.5082453787843],[127.11637066044673,37.50844765538645]]]},"properties":{"pnu":"1171011100101240010","jibun":"124-10대","bchk":"1","sgg_oid":115512,"col_adm_se":"11710","facility_name":"서울특별시 서부장애인치과병원","facility_type":"시립병원","reference_lon":127.116316919418,"reference_lat":37.5082893442187,"snapshot_date":"2020-12","source_type":"OFFLINE_CADASTRAL_SNAPSHOT_202012","geometry_quality":"valid"}},{"type":"Feature","geometry":{"type":"Polygon","coordinates":[[[127.12225930353779,37.496386602658355],[127.12361817707902,37.49712168246572],[127.12367368787571,37.49711333589405],[127.12381838766856,37.49694514992993],[127.12469808427822,37.49667943246715],[127.12466563382445,37.49661333298756],[127.12461254992935,37.49651535964148],[127.1245557366499,37.49641874165197],[127.12449508106224,37.49632356923112],[127.12443092257341,37.49622993211988],[127.12436303517488,37.4961379206475],[127.12429164518839,37.49604762467227],[127.1242481374732,37.49599631294199],[127.12423591749652,37.49599200084121],[127.12401376278311,37.495747249791364],[127.12398552169827,37.495765299047555],[127.12389479551193,37.49567502286852],[127.1238806758524,37.49568458808181],[127.1234509931083,37.49528530414256],[127.12317951907627,37.495306712437326],[127.12225930353779,37.496386602658355]]]},"properties":{"pnu":"1171010700100580000","jibun":"58 대","bchk":"1","sgg_oid":126969,"col_adm_se":"11710","facility_name":"경찰병원","facility_type":"종합병원","reference_lon":127.12348793503202,"reference_lat":37.496413213560785,"snapshot_date":"2020-12","source_type":"OFFLINE_CADASTRAL_SNAPSHOT_202012","geometry_quality":"valid"}},{"type":"Feature","geometry":{"type":"Polygon","coordinates":[[[127.10664520612396,37.51500352309222],[127.10687293846989,37.514468218596306],[127.10565202301275,37.514060519247785],[127.10529295112532,37.514759756009596],[127.10633543554742,37.515113900096885],[127.10664520612396,37.51500352309222]]]},"properties":{"pnu":"1171010200100290005","jibun":"29-5대","bchk":"1","sgg_oid":98743,"col_adm_se":"11710","facility_name":"송파구보건소","facility_type":"보건소","reference_lon":127.105859984389,"reference_lat":37.514477182474,"snapshot_date":"2020-12","source_type":"OFFLINE_CADASTRAL_SNAPSHOT_202012","geometry_quality":"valid"}},{"type":"Feature","geometry":{"type":"Polygon","coordinates":[[[127.14930132880764,37.53107259487675],[127.14930134006782,37.53107256783286],[127.14929869176979,37.53106636330314],[127.14929317948938,37.531053585106136],[127.14928887718844,37.53104051707713],[127.14928580760014,37.5310272132474],[127.14928399356411,37.53101378170765],[127.14928345818663,37.53100046569721],[127.14928202133657,37.530988979830894],[127.1492795964794,37.53097560311479],[127.14927639122223,37.53096234450407],[127.14927240556548,37.530949203998645],[127.14926765092963,37.530936235643765],[127.14926407029387,37.53092768068706],[127.14926407024056,37.530927653657315],[127.14915007070027,37.530724496087046],[127.14891708773135,37.53016471160262],[127.14881259356171,37.52992704277716],[127.1488143895926,37.52993137431565],[127.14879187924771,37.52998483129674],[127.14874924543876,37.529878693366484],[127.1487460227653,37.529879526297734],[127.14873249472724,37.529846386602145],[127.14872322168509,37.52984262299762],[127.14869459676817,37.5297724532623],[127.14869605172636,37.52977018094574],[127.14865679771417,37.529673958704315],[127.1486105297607,37.52956056323796],[127.14860785825711,37.5295540073325],[127.14860658050954,37.52955434229138],[127.14857319262462,37.5294725015789],[127.14861408078539,37.52946192705824],[127.14849653590412,37.52917381853802],[127.14852049179012,37.52913637046203],[127.14845302059307,37.528975419841295],[127.14844346043209,37.52895787136966],[127.14840755035083,37.528887674576346],[127.14837348323769,37.528816889833834],[127.14834125917662,37.52874556219335],[127.1483109234686,37.52867371862981],[127.14829345114735,37.52863087106757],[127.1481953359756,37.52839026547349],[127.14817786380468,37.52834742690175],[127.14814940543816,37.528275094423826],[127.14812541786719,37.52820959493078],[127.14809819934861,37.528129079876884],[127.14809799440863,37.52812841339586],[127.14796843209393,37.52781933505018],[127.14792678715118,37.52783010850633],[127.14791579476734,37.52780316439882],[127.14779338684797,37.527837598873376],[127.14773742761979,37.52785251654111],[127.14773660461694,37.52785397716985],[127.14766599605763,37.527875264944484],[127.14766007517184,37.52787313691562],[127.14761092282788,37.5278862441132],[127.14729011483163,37.527971766382755],[127.14721686571026,37.527990804663325],[127.147078186303,37.5280413502154],[127.14697679148512,37.528072766644925],[127.14688884501494,37.528096886406345],[127.1463118677973,37.528320482974394],[127.14609018647509,37.52839646503279],[127.14608580420558,37.52838848759279],[127.14606812338751,37.52839519460631],[127.14614017368771,37.528540076286234],[127.14624952369584,37.52874343175346],[127.14627016634346,37.52878823088888],[127.14632374384344,37.52890433031957],[127.14639651582645,37.529053328485574],[127.14648113061928,37.52923612635583],[127.14655016859693,37.52937863283783],[127.14660308466011,37.529491570454375],[127.1467004389218,37.52969753506526],[127.14671273757408,37.529721423303606],[127.14673372347076,37.52976792480577],[127.14680165244556,37.529903945337736],[127.1468186885974,37.52993801797228],[127.14690114916836,37.53011152892047],[127.1469685042845,37.53025466790217],[127.14697256452997,37.53026566403113],[127.1470504937984,37.53045322693168],[127.1471253528355,37.53064420832437],[127.14720214204976,37.53083852996733],[127.14734432325284,37.53120102231229],[127.14741446485777,37.53137398044646],[127.1474444509637,37.53145788893791],[127.1475736231864,37.53147773131656],[127.14777450526839,37.53150546757316],[127.14789611345431,37.53152187717154],[127.14799950469688,37.531525659295404],[127.14812103375928,37.53150738052262],[127.1482354622635,37.53147404583954],[127.1482379484459,37.53147261017187],[127.14828573852823,37.53144444881603],[127.14828935516621,37.531442552235944],[127.148423949162,37.53138860461382],[127.14854019813467,37.531343383270276],[127.14872286784876,37.531286050785894],[127.1488694300318,37.53124310688474],[127.1490962569172,37.531168960248614],[127.14922394760427,37.531108785465754],[127.14930132880764,37.53107259487675]]]},"properties":{"pnu":"1174010600100060002","jibun":"6-2 대","bchk":"1","sgg_oid":276151,"col_adm_se":"11740","facility_name":"한국보훈복지의료공단중앙보훈병원","facility_type":"종합병원","reference_lon":127.14671886173552,"reference_lat":37.528220900896635,"snapshot_date":"2020-12","source_type":"OFFLINE_CADASTRAL_SNAPSHOT_202012","geometry_quality":"valid"}},{"type":"Feature","geometry":{"type":"Polygon","coordinates":[[[127.12556391826679,37.52965482592993],[127.12602642749222,37.529442191285106],[127.12584042600415,37.52919032521307],[127.12555946438752,37.52880977956051],[127.1252338799689,37.52895957790362],[127.12509665277942,37.52902271905209],[127.12537787287638,37.529403157402584],[127.12556391826679,37.52965482592993]]]},"properties":{"pnu":"1174010800105410002","jibun":"541-2대","bchk":"1","sgg_oid":126158,"col_adm_se":"11740","facility_name":"강동구보건소","facility_type":"보건소","reference_lon":127.12554877923407,"reference_lat":37.529263209330765,"snapshot_date":"2020-12","source_type":"OFFLINE_CADASTRAL_SNAPSHOT_202012","geometry_quality":"valid"}},{"type":"Feature","geometry":{"type":"Polygon","coordinates":[[[127.1568288909336,37.55169933713641],[127.1569776900764,37.55392602777232],[127.15705617050874,37.55389736305164],[127.1571748722057,37.55394522938567],[127.15738087942617,37.55396333783364],[127.15748830575669,37.55403104050606],[127.15756802087157,37.554068091998204],[127.1576087224015,37.554087013043784],[127.15768336927266,37.554119440070515],[127.15774064482542,37.55414657419478],[127.15791016080175,37.55422689827276],[127.15811069175177,37.55406121081991],[127.15803350268793,37.55297553047081],[127.1578153768043,37.55305997183426],[127.15739669632279,37.55297231836802],[127.15732215589875,37.55288168707098],[127.15720567583824,37.552758585295805],[127.15714817567822,37.55264459578025],[127.15715044916273,37.55259503834224],[127.15714801560424,37.552393445066905],[127.15714429911044,37.55208643765463],[127.15714794650938,37.55203909483648],[127.15715465765919,37.55195217650132],[127.15714341822326,37.551826052720166],[127.15711862973001,37.55176923291943],[127.15711760452753,37.55171157091143],[127.15701293653007,37.55160800483744],[127.1569069270878,37.55167580873338],[127.1568288909336,37.55169933713641]]]},"properties":{"pnu":"1174010300101490000","jibun":"149대","bchk":"1","sgg_oid":177162,"col_adm_se":"11740","facility_name":"강동경희대학교병원","facility_type":"종합병원","reference_lon":127.157084787845,"reference_lat":37.5520459324005,"snapshot_date":"2020-12","source_type":"OFFLINE_CADASTRAL_SNAPSHOT_202012","geometry_quality":"valid"}},{"type":"Feature","geometry":{"type":"Polygon","coordinates":[[[127.1357282010702,37.53643952556452],[127.13574724624483,37.53639706717067],[127.13554215204701,37.53597410387609],[127.13535333330722,37.53558462966848],[127.13497493475826,37.53570228603013],[127.13471970760145,37.53578483479691],[127.13481186115187,37.53597491235198],[127.13516192416674,37.53669704069976],[127.1357282010702,37.53643952556452]]]},"properties":{"pnu":"1174010500104450000","jibun":"445대","bchk":"1","sgg_oid":105321,"col_adm_se":"11740","facility_name":"성심의료재단강동성심병원","facility_type":"종합병원","reference_lon":127.13526354631517,"reference_lat":37.53598408220376,"snapshot_date":"2020-12","source_type":"OFFLINE_CADASTRAL_SNAPSHOT_202012","geometry_quality":"valid"}}]}